
NTI_FINAL_PROJECT.elf:     file format elf32-avr

Sections:
Idx Name          Size      VMA       LMA       File off  Algn
  0 .text         00002bf0  00000000  00000000  00000094  2**1
                  CONTENTS, ALLOC, LOAD, READONLY, CODE
  1 .data         000001a2  00800060  00002bf0  00002c84  2**0
                  CONTENTS, ALLOC, LOAD, DATA
  2 .bss          0000000f  00800202  00800202  00002e26  2**0
                  ALLOC
  3 .stab         000030a8  00000000  00000000  00002e28  2**2
                  CONTENTS, READONLY, DEBUGGING
  4 .stabstr      00001700  00000000  00000000  00005ed0  2**0
                  CONTENTS, READONLY, DEBUGGING
  5 .debug_aranges 00000040  00000000  00000000  000075d0  2**0
                  CONTENTS, READONLY, DEBUGGING
  6 .debug_pubnames 00000060  00000000  00000000  00007610  2**0
                  CONTENTS, READONLY, DEBUGGING
  7 .debug_info   00000f1e  00000000  00000000  00007670  2**0
                  CONTENTS, READONLY, DEBUGGING
  8 .debug_abbrev 0000037b  00000000  00000000  0000858e  2**0
                  CONTENTS, READONLY, DEBUGGING
  9 .debug_line   00000484  00000000  00000000  00008909  2**0
                  CONTENTS, READONLY, DEBUGGING
 10 .debug_frame  00000040  00000000  00000000  00008d90  2**2
                  CONTENTS, READONLY, DEBUGGING
 11 .debug_str    00000147  00000000  00000000  00008dd0  2**0
                  CONTENTS, READONLY, DEBUGGING
 12 .debug_loc    00001926  00000000  00000000  00008f17  2**0
                  CONTENTS, READONLY, DEBUGGING
 13 .debug_ranges 00000030  00000000  00000000  0000a83d  2**0
                  CONTENTS, READONLY, DEBUGGING

Disassembly of section .text:

00000000 <__vectors>:
       0:	0c 94 2a 00 	jmp	0x54	; 0x54 <__ctors_end>
       4:	0c 94 a6 0e 	jmp	0x1d4c	; 0x1d4c <__vector_1>
       8:	0c 94 cf 0e 	jmp	0x1d9e	; 0x1d9e <__vector_2>
       c:	0c 94 f8 0e 	jmp	0x1df0	; 0x1df0 <__vector_3>
      10:	0c 94 47 00 	jmp	0x8e	; 0x8e <__bad_interrupt>
      14:	0c 94 47 00 	jmp	0x8e	; 0x8e <__bad_interrupt>
      18:	0c 94 47 00 	jmp	0x8e	; 0x8e <__bad_interrupt>
      1c:	0c 94 47 00 	jmp	0x8e	; 0x8e <__bad_interrupt>
      20:	0c 94 47 00 	jmp	0x8e	; 0x8e <__bad_interrupt>
      24:	0c 94 47 00 	jmp	0x8e	; 0x8e <__bad_interrupt>
      28:	0c 94 d2 0d 	jmp	0x1ba4	; 0x1ba4 <__vector_10>
      2c:	0c 94 99 0d 	jmp	0x1b32	; 0x1b32 <__vector_11>
      30:	0c 94 47 00 	jmp	0x8e	; 0x8e <__bad_interrupt>
      34:	0c 94 47 00 	jmp	0x8e	; 0x8e <__bad_interrupt>
      38:	0c 94 47 00 	jmp	0x8e	; 0x8e <__bad_interrupt>
      3c:	0c 94 47 00 	jmp	0x8e	; 0x8e <__bad_interrupt>
      40:	0c 94 b0 10 	jmp	0x2160	; 0x2160 <__vector_16>
      44:	0c 94 47 00 	jmp	0x8e	; 0x8e <__bad_interrupt>
      48:	0c 94 47 00 	jmp	0x8e	; 0x8e <__bad_interrupt>
      4c:	0c 94 47 00 	jmp	0x8e	; 0x8e <__bad_interrupt>
      50:	0c 94 47 00 	jmp	0x8e	; 0x8e <__bad_interrupt>

00000054 <__ctors_end>:
      54:	11 24       	eor	r1, r1
      56:	1f be       	out	0x3f, r1	; 63
      58:	cf e5       	ldi	r28, 0x5F	; 95
      5a:	d8 e0       	ldi	r29, 0x08	; 8
      5c:	de bf       	out	0x3e, r29	; 62
      5e:	cd bf       	out	0x3d, r28	; 61

00000060 <__do_copy_data>:
      60:	12 e0       	ldi	r17, 0x02	; 2
      62:	a0 e6       	ldi	r26, 0x60	; 96
      64:	b0 e0       	ldi	r27, 0x00	; 0
      66:	e0 ef       	ldi	r30, 0xF0	; 240
      68:	fb e2       	ldi	r31, 0x2B	; 43
      6a:	02 c0       	rjmp	.+4      	; 0x70 <.do_copy_data_start>

0000006c <.do_copy_data_loop>:
      6c:	05 90       	lpm	r0, Z+
      6e:	0d 92       	st	X+, r0

00000070 <.do_copy_data_start>:
      70:	a2 30       	cpi	r26, 0x02	; 2
      72:	b1 07       	cpc	r27, r17
      74:	d9 f7       	brne	.-10     	; 0x6c <.do_copy_data_loop>

00000076 <__do_clear_bss>:
      76:	12 e0       	ldi	r17, 0x02	; 2
      78:	a2 e0       	ldi	r26, 0x02	; 2
      7a:	b2 e0       	ldi	r27, 0x02	; 2
      7c:	01 c0       	rjmp	.+2      	; 0x80 <.do_clear_bss_start>

0000007e <.do_clear_bss_loop>:
      7e:	1d 92       	st	X+, r1

00000080 <.do_clear_bss_start>:
      80:	a1 31       	cpi	r26, 0x11	; 17
      82:	b1 07       	cpc	r27, r17
      84:	e1 f7       	brne	.-8      	; 0x7e <.do_clear_bss_loop>
      86:	0e 94 49 15 	call	0x2a92	; 0x2a92 <main>
      8a:	0c 94 f6 15 	jmp	0x2bec	; 0x2bec <_exit>

0000008e <__bad_interrupt>:
      8e:	0c 94 00 00 	jmp	0	; 0x0 <__vectors>

00000092 <__udivdi3>:
      92:	ae e5       	ldi	r26, 0x5E	; 94
      94:	b0 e0       	ldi	r27, 0x00	; 0
      96:	ef e4       	ldi	r30, 0x4F	; 79
      98:	f0 e0       	ldi	r31, 0x00	; 0
      9a:	0c 94 bf 15 	jmp	0x2b7e	; 0x2b7e <__prologue_saves__>
      9e:	a8 e0       	ldi	r26, 0x08	; 8
      a0:	4e 01       	movw	r8, r28
      a2:	08 94       	sec
      a4:	81 1c       	adc	r8, r1
      a6:	91 1c       	adc	r9, r1
      a8:	f4 01       	movw	r30, r8
      aa:	6a 2e       	mov	r6, r26
      ac:	11 92       	st	Z+, r1
      ae:	6a 94       	dec	r6
      b0:	e9 f7       	brne	.-6      	; 0xac <__udivdi3+0x1a>
      b2:	29 83       	std	Y+1, r18	; 0x01
      b4:	3a 83       	std	Y+2, r19	; 0x02
      b6:	4b 83       	std	Y+3, r20	; 0x03
      b8:	5c 83       	std	Y+4, r21	; 0x04
      ba:	6d 83       	std	Y+5, r22	; 0x05
      bc:	7e 83       	std	Y+6, r23	; 0x06
      be:	8f 83       	std	Y+7, r24	; 0x07
      c0:	98 87       	std	Y+8, r25	; 0x08
      c2:	ce 01       	movw	r24, r28
      c4:	09 96       	adiw	r24, 0x09	; 9
      c6:	fc 01       	movw	r30, r24
      c8:	11 92       	st	Z+, r1
      ca:	aa 95       	dec	r26
      cc:	e9 f7       	brne	.-6      	; 0xc8 <__udivdi3+0x36>
      ce:	a9 86       	std	Y+9, r10	; 0x09
      d0:	ba 86       	std	Y+10, r11	; 0x0a
      d2:	cb 86       	std	Y+11, r12	; 0x0b
      d4:	dc 86       	std	Y+12, r13	; 0x0c
      d6:	ed 86       	std	Y+13, r14	; 0x0d
      d8:	fe 86       	std	Y+14, r15	; 0x0e
      da:	0f 87       	std	Y+15, r16	; 0x0f
      dc:	18 8b       	std	Y+16, r17	; 0x10
      de:	29 84       	ldd	r2, Y+9	; 0x09
      e0:	3a 84       	ldd	r3, Y+10	; 0x0a
      e2:	4b 84       	ldd	r4, Y+11	; 0x0b
      e4:	5c 84       	ldd	r5, Y+12	; 0x0c
      e6:	ed 84       	ldd	r14, Y+13	; 0x0d
      e8:	fe 84       	ldd	r15, Y+14	; 0x0e
      ea:	0f 85       	ldd	r16, Y+15	; 0x0f
      ec:	18 89       	ldd	r17, Y+16	; 0x10
      ee:	69 80       	ldd	r6, Y+1	; 0x01
      f0:	7a 80       	ldd	r7, Y+2	; 0x02
      f2:	8b 80       	ldd	r8, Y+3	; 0x03
      f4:	9c 80       	ldd	r9, Y+4	; 0x04
      f6:	6d a6       	std	Y+45, r6	; 0x2d
      f8:	7e a6       	std	Y+46, r7	; 0x2e
      fa:	8f a6       	std	Y+47, r8	; 0x2f
      fc:	98 aa       	std	Y+48, r9	; 0x30
      fe:	6d 80       	ldd	r6, Y+5	; 0x05
     100:	7e 80       	ldd	r7, Y+6	; 0x06
     102:	8f 80       	ldd	r8, Y+7	; 0x07
     104:	98 84       	ldd	r9, Y+8	; 0x08
     106:	e1 14       	cp	r14, r1
     108:	f1 04       	cpc	r15, r1
     10a:	01 05       	cpc	r16, r1
     10c:	11 05       	cpc	r17, r1
     10e:	09 f0       	breq	.+2      	; 0x112 <__udivdi3+0x80>
     110:	b3 c3       	rjmp	.+1894   	; 0x878 <__stack+0x19>
     112:	62 14       	cp	r6, r2
     114:	73 04       	cpc	r7, r3
     116:	84 04       	cpc	r8, r4
     118:	95 04       	cpc	r9, r5
     11a:	08 f0       	brcs	.+2      	; 0x11e <__udivdi3+0x8c>
     11c:	3d c1       	rjmp	.+634    	; 0x398 <__udivdi3+0x306>
     11e:	00 e0       	ldi	r16, 0x00	; 0
     120:	20 16       	cp	r2, r16
     122:	00 e0       	ldi	r16, 0x00	; 0
     124:	30 06       	cpc	r3, r16
     126:	01 e0       	ldi	r16, 0x01	; 1
     128:	40 06       	cpc	r4, r16
     12a:	00 e0       	ldi	r16, 0x00	; 0
     12c:	50 06       	cpc	r5, r16
     12e:	88 f4       	brcc	.+34     	; 0x152 <__udivdi3+0xc0>
     130:	1f ef       	ldi	r17, 0xFF	; 255
     132:	21 16       	cp	r2, r17
     134:	31 04       	cpc	r3, r1
     136:	41 04       	cpc	r4, r1
     138:	51 04       	cpc	r5, r1
     13a:	39 f0       	breq	.+14     	; 0x14a <__udivdi3+0xb8>
     13c:	30 f0       	brcs	.+12     	; 0x14a <__udivdi3+0xb8>
     13e:	48 e0       	ldi	r20, 0x08	; 8
     140:	e4 2e       	mov	r14, r20
     142:	f1 2c       	mov	r15, r1
     144:	01 2d       	mov	r16, r1
     146:	11 2d       	mov	r17, r1
     148:	18 c0       	rjmp	.+48     	; 0x17a <__udivdi3+0xe8>
     14a:	ee 24       	eor	r14, r14
     14c:	ff 24       	eor	r15, r15
     14e:	87 01       	movw	r16, r14
     150:	14 c0       	rjmp	.+40     	; 0x17a <__udivdi3+0xe8>
     152:	20 e0       	ldi	r18, 0x00	; 0
     154:	22 16       	cp	r2, r18
     156:	20 e0       	ldi	r18, 0x00	; 0
     158:	32 06       	cpc	r3, r18
     15a:	20 e0       	ldi	r18, 0x00	; 0
     15c:	42 06       	cpc	r4, r18
     15e:	21 e0       	ldi	r18, 0x01	; 1
     160:	52 06       	cpc	r5, r18
     162:	30 f0       	brcs	.+12     	; 0x170 <__udivdi3+0xde>
     164:	38 e1       	ldi	r19, 0x18	; 24
     166:	e3 2e       	mov	r14, r19
     168:	f1 2c       	mov	r15, r1
     16a:	01 2d       	mov	r16, r1
     16c:	11 2d       	mov	r17, r1
     16e:	05 c0       	rjmp	.+10     	; 0x17a <__udivdi3+0xe8>
     170:	20 e1       	ldi	r18, 0x10	; 16
     172:	e2 2e       	mov	r14, r18
     174:	f1 2c       	mov	r15, r1
     176:	01 2d       	mov	r16, r1
     178:	11 2d       	mov	r17, r1
     17a:	d2 01       	movw	r26, r4
     17c:	c1 01       	movw	r24, r2
     17e:	0e 2c       	mov	r0, r14
     180:	04 c0       	rjmp	.+8      	; 0x18a <__udivdi3+0xf8>
     182:	b6 95       	lsr	r27
     184:	a7 95       	ror	r26
     186:	97 95       	ror	r25
     188:	87 95       	ror	r24
     18a:	0a 94       	dec	r0
     18c:	d2 f7       	brpl	.-12     	; 0x182 <__udivdi3+0xf0>
     18e:	8b 51       	subi	r24, 0x1B	; 27
     190:	9f 4f       	sbci	r25, 0xFF	; 255
     192:	dc 01       	movw	r26, r24
     194:	2c 91       	ld	r18, X
     196:	80 e2       	ldi	r24, 0x20	; 32
     198:	90 e0       	ldi	r25, 0x00	; 0
     19a:	a0 e0       	ldi	r26, 0x00	; 0
     19c:	b0 e0       	ldi	r27, 0x00	; 0
     19e:	8e 19       	sub	r24, r14
     1a0:	9f 09       	sbc	r25, r15
     1a2:	a0 0b       	sbc	r26, r16
     1a4:	b1 0b       	sbc	r27, r17
     1a6:	7c 01       	movw	r14, r24
     1a8:	8d 01       	movw	r16, r26
     1aa:	e2 1a       	sub	r14, r18
     1ac:	f1 08       	sbc	r15, r1
     1ae:	01 09       	sbc	r16, r1
     1b0:	11 09       	sbc	r17, r1
     1b2:	e1 14       	cp	r14, r1
     1b4:	f1 04       	cpc	r15, r1
     1b6:	01 05       	cpc	r16, r1
     1b8:	11 05       	cpc	r17, r1
     1ba:	a1 f1       	breq	.+104    	; 0x224 <__udivdi3+0x192>
     1bc:	0e 2c       	mov	r0, r14
     1be:	04 c0       	rjmp	.+8      	; 0x1c8 <__udivdi3+0x136>
     1c0:	22 0c       	add	r2, r2
     1c2:	33 1c       	adc	r3, r3
     1c4:	44 1c       	adc	r4, r4
     1c6:	55 1c       	adc	r5, r5
     1c8:	0a 94       	dec	r0
     1ca:	d2 f7       	brpl	.-12     	; 0x1c0 <__udivdi3+0x12e>
     1cc:	a4 01       	movw	r20, r8
     1ce:	93 01       	movw	r18, r6
     1d0:	0e 2c       	mov	r0, r14
     1d2:	04 c0       	rjmp	.+8      	; 0x1dc <__udivdi3+0x14a>
     1d4:	22 0f       	add	r18, r18
     1d6:	33 1f       	adc	r19, r19
     1d8:	44 1f       	adc	r20, r20
     1da:	55 1f       	adc	r21, r21
     1dc:	0a 94       	dec	r0
     1de:	d2 f7       	brpl	.-12     	; 0x1d4 <__udivdi3+0x142>
     1e0:	80 e2       	ldi	r24, 0x20	; 32
     1e2:	90 e0       	ldi	r25, 0x00	; 0
     1e4:	8e 19       	sub	r24, r14
     1e6:	9f 09       	sbc	r25, r15
     1e8:	6d a4       	ldd	r6, Y+45	; 0x2d
     1ea:	7e a4       	ldd	r7, Y+46	; 0x2e
     1ec:	8f a4       	ldd	r8, Y+47	; 0x2f
     1ee:	98 a8       	ldd	r9, Y+48	; 0x30
     1f0:	04 c0       	rjmp	.+8      	; 0x1fa <__udivdi3+0x168>
     1f2:	96 94       	lsr	r9
     1f4:	87 94       	ror	r8
     1f6:	77 94       	ror	r7
     1f8:	67 94       	ror	r6
     1fa:	8a 95       	dec	r24
     1fc:	d2 f7       	brpl	.-12     	; 0x1f2 <__udivdi3+0x160>
     1fe:	62 2a       	or	r6, r18
     200:	73 2a       	or	r7, r19
     202:	84 2a       	or	r8, r20
     204:	95 2a       	or	r9, r21
     206:	ad a4       	ldd	r10, Y+45	; 0x2d
     208:	be a4       	ldd	r11, Y+46	; 0x2e
     20a:	cf a4       	ldd	r12, Y+47	; 0x2f
     20c:	d8 a8       	ldd	r13, Y+48	; 0x30
     20e:	04 c0       	rjmp	.+8      	; 0x218 <__udivdi3+0x186>
     210:	aa 0c       	add	r10, r10
     212:	bb 1c       	adc	r11, r11
     214:	cc 1c       	adc	r12, r12
     216:	dd 1c       	adc	r13, r13
     218:	ea 94       	dec	r14
     21a:	d2 f7       	brpl	.-12     	; 0x210 <__udivdi3+0x17e>
     21c:	ad a6       	std	Y+45, r10	; 0x2d
     21e:	be a6       	std	Y+46, r11	; 0x2e
     220:	cf a6       	std	Y+47, r12	; 0x2f
     222:	d8 aa       	std	Y+48, r13	; 0x30
     224:	62 01       	movw	r12, r4
     226:	ee 24       	eor	r14, r14
     228:	ff 24       	eor	r15, r15
     22a:	cd aa       	std	Y+53, r12	; 0x35
     22c:	de aa       	std	Y+54, r13	; 0x36
     22e:	ef aa       	std	Y+55, r14	; 0x37
     230:	f8 ae       	std	Y+56, r15	; 0x38
     232:	92 01       	movw	r18, r4
     234:	81 01       	movw	r16, r2
     236:	20 70       	andi	r18, 0x00	; 0
     238:	30 70       	andi	r19, 0x00	; 0
     23a:	09 af       	std	Y+57, r16	; 0x39
     23c:	1a af       	std	Y+58, r17	; 0x3a
     23e:	2b af       	std	Y+59, r18	; 0x3b
     240:	3c af       	std	Y+60, r19	; 0x3c
     242:	c4 01       	movw	r24, r8
     244:	b3 01       	movw	r22, r6
     246:	a7 01       	movw	r20, r14
     248:	96 01       	movw	r18, r12
     24a:	0e 94 9d 15 	call	0x2b3a	; 0x2b3a <__udivmodsi4>
     24e:	7b 01       	movw	r14, r22
     250:	8c 01       	movw	r16, r24
     252:	c4 01       	movw	r24, r8
     254:	b3 01       	movw	r22, r6
     256:	2d a9       	ldd	r18, Y+53	; 0x35
     258:	3e a9       	ldd	r19, Y+54	; 0x36
     25a:	4f a9       	ldd	r20, Y+55	; 0x37
     25c:	58 ad       	ldd	r21, Y+56	; 0x38
     25e:	0e 94 9d 15 	call	0x2b3a	; 0x2b3a <__udivmodsi4>
     262:	c9 01       	movw	r24, r18
     264:	da 01       	movw	r26, r20
     266:	3c 01       	movw	r6, r24
     268:	4d 01       	movw	r8, r26
     26a:	c4 01       	movw	r24, r8
     26c:	b3 01       	movw	r22, r6
     26e:	29 ad       	ldd	r18, Y+57	; 0x39
     270:	3a ad       	ldd	r19, Y+58	; 0x3a
     272:	4b ad       	ldd	r20, Y+59	; 0x3b
     274:	5c ad       	ldd	r21, Y+60	; 0x3c
     276:	0e 94 7e 15 	call	0x2afc	; 0x2afc <__mulsi3>
     27a:	9b 01       	movw	r18, r22
     27c:	ac 01       	movw	r20, r24
     27e:	87 01       	movw	r16, r14
     280:	ff 24       	eor	r15, r15
     282:	ee 24       	eor	r14, r14
     284:	ad a4       	ldd	r10, Y+45	; 0x2d
     286:	be a4       	ldd	r11, Y+46	; 0x2e
     288:	cf a4       	ldd	r12, Y+47	; 0x2f
     28a:	d8 a8       	ldd	r13, Y+48	; 0x30
     28c:	c6 01       	movw	r24, r12
     28e:	aa 27       	eor	r26, r26
     290:	bb 27       	eor	r27, r27
     292:	57 01       	movw	r10, r14
     294:	68 01       	movw	r12, r16
     296:	a8 2a       	or	r10, r24
     298:	b9 2a       	or	r11, r25
     29a:	ca 2a       	or	r12, r26
     29c:	db 2a       	or	r13, r27
     29e:	a2 16       	cp	r10, r18
     2a0:	b3 06       	cpc	r11, r19
     2a2:	c4 06       	cpc	r12, r20
     2a4:	d5 06       	cpc	r13, r21
     2a6:	e0 f4       	brcc	.+56     	; 0x2e0 <__udivdi3+0x24e>
     2a8:	08 94       	sec
     2aa:	61 08       	sbc	r6, r1
     2ac:	71 08       	sbc	r7, r1
     2ae:	81 08       	sbc	r8, r1
     2b0:	91 08       	sbc	r9, r1
     2b2:	a2 0c       	add	r10, r2
     2b4:	b3 1c       	adc	r11, r3
     2b6:	c4 1c       	adc	r12, r4
     2b8:	d5 1c       	adc	r13, r5
     2ba:	a2 14       	cp	r10, r2
     2bc:	b3 04       	cpc	r11, r3
     2be:	c4 04       	cpc	r12, r4
     2c0:	d5 04       	cpc	r13, r5
     2c2:	70 f0       	brcs	.+28     	; 0x2e0 <__udivdi3+0x24e>
     2c4:	a2 16       	cp	r10, r18
     2c6:	b3 06       	cpc	r11, r19
     2c8:	c4 06       	cpc	r12, r20
     2ca:	d5 06       	cpc	r13, r21
     2cc:	48 f4       	brcc	.+18     	; 0x2e0 <__udivdi3+0x24e>
     2ce:	08 94       	sec
     2d0:	61 08       	sbc	r6, r1
     2d2:	71 08       	sbc	r7, r1
     2d4:	81 08       	sbc	r8, r1
     2d6:	91 08       	sbc	r9, r1
     2d8:	a2 0c       	add	r10, r2
     2da:	b3 1c       	adc	r11, r3
     2dc:	c4 1c       	adc	r12, r4
     2de:	d5 1c       	adc	r13, r5
     2e0:	a2 1a       	sub	r10, r18
     2e2:	b3 0a       	sbc	r11, r19
     2e4:	c4 0a       	sbc	r12, r20
     2e6:	d5 0a       	sbc	r13, r21
     2e8:	c6 01       	movw	r24, r12
     2ea:	b5 01       	movw	r22, r10
     2ec:	2d a9       	ldd	r18, Y+53	; 0x35
     2ee:	3e a9       	ldd	r19, Y+54	; 0x36
     2f0:	4f a9       	ldd	r20, Y+55	; 0x37
     2f2:	58 ad       	ldd	r21, Y+56	; 0x38
     2f4:	0e 94 9d 15 	call	0x2b3a	; 0x2b3a <__udivmodsi4>
     2f8:	7b 01       	movw	r14, r22
     2fa:	8c 01       	movw	r16, r24
     2fc:	c6 01       	movw	r24, r12
     2fe:	b5 01       	movw	r22, r10
     300:	2d a9       	ldd	r18, Y+53	; 0x35
     302:	3e a9       	ldd	r19, Y+54	; 0x36
     304:	4f a9       	ldd	r20, Y+55	; 0x37
     306:	58 ad       	ldd	r21, Y+56	; 0x38
     308:	0e 94 9d 15 	call	0x2b3a	; 0x2b3a <__udivmodsi4>
     30c:	c9 01       	movw	r24, r18
     30e:	da 01       	movw	r26, r20
     310:	5c 01       	movw	r10, r24
     312:	6d 01       	movw	r12, r26
     314:	c6 01       	movw	r24, r12
     316:	b5 01       	movw	r22, r10
     318:	29 ad       	ldd	r18, Y+57	; 0x39
     31a:	3a ad       	ldd	r19, Y+58	; 0x3a
     31c:	4b ad       	ldd	r20, Y+59	; 0x3b
     31e:	5c ad       	ldd	r21, Y+60	; 0x3c
     320:	0e 94 7e 15 	call	0x2afc	; 0x2afc <__mulsi3>
     324:	9b 01       	movw	r18, r22
     326:	ac 01       	movw	r20, r24
     328:	87 01       	movw	r16, r14
     32a:	ff 24       	eor	r15, r15
     32c:	ee 24       	eor	r14, r14
     32e:	8d a5       	ldd	r24, Y+45	; 0x2d
     330:	9e a5       	ldd	r25, Y+46	; 0x2e
     332:	af a5       	ldd	r26, Y+47	; 0x2f
     334:	b8 a9       	ldd	r27, Y+48	; 0x30
     336:	a0 70       	andi	r26, 0x00	; 0
     338:	b0 70       	andi	r27, 0x00	; 0
     33a:	e8 2a       	or	r14, r24
     33c:	f9 2a       	or	r15, r25
     33e:	0a 2b       	or	r16, r26
     340:	1b 2b       	or	r17, r27
     342:	e2 16       	cp	r14, r18
     344:	f3 06       	cpc	r15, r19
     346:	04 07       	cpc	r16, r20
     348:	15 07       	cpc	r17, r21
     34a:	c0 f4       	brcc	.+48     	; 0x37c <__udivdi3+0x2ea>
     34c:	08 94       	sec
     34e:	a1 08       	sbc	r10, r1
     350:	b1 08       	sbc	r11, r1
     352:	c1 08       	sbc	r12, r1
     354:	d1 08       	sbc	r13, r1
     356:	e2 0c       	add	r14, r2
     358:	f3 1c       	adc	r15, r3
     35a:	04 1d       	adc	r16, r4
     35c:	15 1d       	adc	r17, r5
     35e:	e2 14       	cp	r14, r2
     360:	f3 04       	cpc	r15, r3
     362:	04 05       	cpc	r16, r4
     364:	15 05       	cpc	r17, r5
     366:	50 f0       	brcs	.+20     	; 0x37c <__udivdi3+0x2ea>
     368:	e2 16       	cp	r14, r18
     36a:	f3 06       	cpc	r15, r19
     36c:	04 07       	cpc	r16, r20
     36e:	15 07       	cpc	r17, r21
     370:	28 f4       	brcc	.+10     	; 0x37c <__udivdi3+0x2ea>
     372:	08 94       	sec
     374:	a1 08       	sbc	r10, r1
     376:	b1 08       	sbc	r11, r1
     378:	c1 08       	sbc	r12, r1
     37a:	d1 08       	sbc	r13, r1
     37c:	d3 01       	movw	r26, r6
     37e:	99 27       	eor	r25, r25
     380:	88 27       	eor	r24, r24
     382:	86 01       	movw	r16, r12
     384:	75 01       	movw	r14, r10
     386:	e8 2a       	or	r14, r24
     388:	f9 2a       	or	r15, r25
     38a:	0a 2b       	or	r16, r26
     38c:	1b 2b       	or	r17, r27
     38e:	e9 aa       	std	Y+49, r14	; 0x31
     390:	fa aa       	std	Y+50, r15	; 0x32
     392:	0b ab       	std	Y+51, r16	; 0x33
     394:	1c ab       	std	Y+52, r17	; 0x34
     396:	cf c4       	rjmp	.+2462   	; 0xd36 <__stack+0x4d7>
     398:	21 14       	cp	r2, r1
     39a:	31 04       	cpc	r3, r1
     39c:	41 04       	cpc	r4, r1
     39e:	51 04       	cpc	r5, r1
     3a0:	71 f4       	brne	.+28     	; 0x3be <__udivdi3+0x32c>
     3a2:	61 e0       	ldi	r22, 0x01	; 1
     3a4:	70 e0       	ldi	r23, 0x00	; 0
     3a6:	80 e0       	ldi	r24, 0x00	; 0
     3a8:	90 e0       	ldi	r25, 0x00	; 0
     3aa:	20 e0       	ldi	r18, 0x00	; 0
     3ac:	30 e0       	ldi	r19, 0x00	; 0
     3ae:	40 e0       	ldi	r20, 0x00	; 0
     3b0:	50 e0       	ldi	r21, 0x00	; 0
     3b2:	0e 94 9d 15 	call	0x2b3a	; 0x2b3a <__udivmodsi4>
     3b6:	c9 01       	movw	r24, r18
     3b8:	da 01       	movw	r26, r20
     3ba:	1c 01       	movw	r2, r24
     3bc:	2d 01       	movw	r4, r26
     3be:	00 e0       	ldi	r16, 0x00	; 0
     3c0:	20 16       	cp	r2, r16
     3c2:	00 e0       	ldi	r16, 0x00	; 0
     3c4:	30 06       	cpc	r3, r16
     3c6:	01 e0       	ldi	r16, 0x01	; 1
     3c8:	40 06       	cpc	r4, r16
     3ca:	00 e0       	ldi	r16, 0x00	; 0
     3cc:	50 06       	cpc	r5, r16
     3ce:	88 f4       	brcc	.+34     	; 0x3f2 <__udivdi3+0x360>
     3d0:	1f ef       	ldi	r17, 0xFF	; 255
     3d2:	21 16       	cp	r2, r17
     3d4:	31 04       	cpc	r3, r1
     3d6:	41 04       	cpc	r4, r1
     3d8:	51 04       	cpc	r5, r1
     3da:	31 f0       	breq	.+12     	; 0x3e8 <__udivdi3+0x356>
     3dc:	28 f0       	brcs	.+10     	; 0x3e8 <__udivdi3+0x356>
     3de:	48 e0       	ldi	r20, 0x08	; 8
     3e0:	50 e0       	ldi	r21, 0x00	; 0
     3e2:	60 e0       	ldi	r22, 0x00	; 0
     3e4:	70 e0       	ldi	r23, 0x00	; 0
     3e6:	17 c0       	rjmp	.+46     	; 0x416 <__udivdi3+0x384>
     3e8:	40 e0       	ldi	r20, 0x00	; 0
     3ea:	50 e0       	ldi	r21, 0x00	; 0
     3ec:	60 e0       	ldi	r22, 0x00	; 0
     3ee:	70 e0       	ldi	r23, 0x00	; 0
     3f0:	12 c0       	rjmp	.+36     	; 0x416 <__udivdi3+0x384>
     3f2:	20 e0       	ldi	r18, 0x00	; 0
     3f4:	22 16       	cp	r2, r18
     3f6:	20 e0       	ldi	r18, 0x00	; 0
     3f8:	32 06       	cpc	r3, r18
     3fa:	20 e0       	ldi	r18, 0x00	; 0
     3fc:	42 06       	cpc	r4, r18
     3fe:	21 e0       	ldi	r18, 0x01	; 1
     400:	52 06       	cpc	r5, r18
     402:	28 f0       	brcs	.+10     	; 0x40e <__udivdi3+0x37c>
     404:	48 e1       	ldi	r20, 0x18	; 24
     406:	50 e0       	ldi	r21, 0x00	; 0
     408:	60 e0       	ldi	r22, 0x00	; 0
     40a:	70 e0       	ldi	r23, 0x00	; 0
     40c:	04 c0       	rjmp	.+8      	; 0x416 <__udivdi3+0x384>
     40e:	40 e1       	ldi	r20, 0x10	; 16
     410:	50 e0       	ldi	r21, 0x00	; 0
     412:	60 e0       	ldi	r22, 0x00	; 0
     414:	70 e0       	ldi	r23, 0x00	; 0
     416:	d2 01       	movw	r26, r4
     418:	c1 01       	movw	r24, r2
     41a:	04 2e       	mov	r0, r20
     41c:	04 c0       	rjmp	.+8      	; 0x426 <__udivdi3+0x394>
     41e:	b6 95       	lsr	r27
     420:	a7 95       	ror	r26
     422:	97 95       	ror	r25
     424:	87 95       	ror	r24
     426:	0a 94       	dec	r0
     428:	d2 f7       	brpl	.-12     	; 0x41e <__udivdi3+0x38c>
     42a:	8b 51       	subi	r24, 0x1B	; 27
     42c:	9f 4f       	sbci	r25, 0xFF	; 255
     42e:	dc 01       	movw	r26, r24
     430:	2c 91       	ld	r18, X
     432:	e0 e2       	ldi	r30, 0x20	; 32
     434:	ee 2e       	mov	r14, r30
     436:	f1 2c       	mov	r15, r1
     438:	01 2d       	mov	r16, r1
     43a:	11 2d       	mov	r17, r1
     43c:	d8 01       	movw	r26, r16
     43e:	c7 01       	movw	r24, r14
     440:	84 1b       	sub	r24, r20
     442:	95 0b       	sbc	r25, r21
     444:	a6 0b       	sbc	r26, r22
     446:	b7 0b       	sbc	r27, r23
     448:	82 1b       	sub	r24, r18
     44a:	91 09       	sbc	r25, r1
     44c:	a1 09       	sbc	r26, r1
     44e:	b1 09       	sbc	r27, r1
     450:	00 97       	sbiw	r24, 0x00	; 0
     452:	a1 05       	cpc	r26, r1
     454:	b1 05       	cpc	r27, r1
     456:	61 f4       	brne	.+24     	; 0x470 <__udivdi3+0x3de>
     458:	64 01       	movw	r12, r8
     45a:	53 01       	movw	r10, r6
     45c:	a2 18       	sub	r10, r2
     45e:	b3 08       	sbc	r11, r3
     460:	c4 08       	sbc	r12, r4
     462:	d5 08       	sbc	r13, r5
     464:	31 e0       	ldi	r19, 0x01	; 1
     466:	63 2e       	mov	r6, r19
     468:	71 2c       	mov	r7, r1
     46a:	81 2c       	mov	r8, r1
     46c:	91 2c       	mov	r9, r1
     46e:	1e c1       	rjmp	.+572    	; 0x6ac <__udivdi3+0x61a>
     470:	6f 96       	adiw	r28, 0x1f	; 31
     472:	8f af       	std	Y+63, r24	; 0x3f
     474:	6f 97       	sbiw	r28, 0x1f	; 31
     476:	08 2e       	mov	r0, r24
     478:	04 c0       	rjmp	.+8      	; 0x482 <__udivdi3+0x3f0>
     47a:	22 0c       	add	r2, r2
     47c:	33 1c       	adc	r3, r3
     47e:	44 1c       	adc	r4, r4
     480:	55 1c       	adc	r5, r5
     482:	0a 94       	dec	r0
     484:	d2 f7       	brpl	.-12     	; 0x47a <__udivdi3+0x3e8>
     486:	ee 2d       	mov	r30, r14
     488:	e8 1b       	sub	r30, r24
     48a:	64 01       	movw	r12, r8
     48c:	53 01       	movw	r10, r6
     48e:	0e 2e       	mov	r0, r30
     490:	04 c0       	rjmp	.+8      	; 0x49a <__udivdi3+0x408>
     492:	d6 94       	lsr	r13
     494:	c7 94       	ror	r12
     496:	b7 94       	ror	r11
     498:	a7 94       	ror	r10
     49a:	0a 94       	dec	r0
     49c:	d2 f7       	brpl	.-12     	; 0x492 <__udivdi3+0x400>
     49e:	a4 01       	movw	r20, r8
     4a0:	93 01       	movw	r18, r6
     4a2:	6f 96       	adiw	r28, 0x1f	; 31
     4a4:	0f ac       	ldd	r0, Y+63	; 0x3f
     4a6:	6f 97       	sbiw	r28, 0x1f	; 31
     4a8:	04 c0       	rjmp	.+8      	; 0x4b2 <__udivdi3+0x420>
     4aa:	22 0f       	add	r18, r18
     4ac:	33 1f       	adc	r19, r19
     4ae:	44 1f       	adc	r20, r20
     4b0:	55 1f       	adc	r21, r21
     4b2:	0a 94       	dec	r0
     4b4:	d2 f7       	brpl	.-12     	; 0x4aa <__udivdi3+0x418>
     4b6:	6d a4       	ldd	r6, Y+45	; 0x2d
     4b8:	7e a4       	ldd	r7, Y+46	; 0x2e
     4ba:	8f a4       	ldd	r8, Y+47	; 0x2f
     4bc:	98 a8       	ldd	r9, Y+48	; 0x30
     4be:	0e 2e       	mov	r0, r30
     4c0:	04 c0       	rjmp	.+8      	; 0x4ca <__udivdi3+0x438>
     4c2:	96 94       	lsr	r9
     4c4:	87 94       	ror	r8
     4c6:	77 94       	ror	r7
     4c8:	67 94       	ror	r6
     4ca:	0a 94       	dec	r0
     4cc:	d2 f7       	brpl	.-12     	; 0x4c2 <__udivdi3+0x430>
     4ce:	84 01       	movw	r16, r8
     4d0:	73 01       	movw	r14, r6
     4d2:	e2 2a       	or	r14, r18
     4d4:	f3 2a       	or	r15, r19
     4d6:	04 2b       	or	r16, r20
     4d8:	15 2b       	or	r17, r21
     4da:	e9 a6       	std	Y+41, r14	; 0x29
     4dc:	fa a6       	std	Y+42, r15	; 0x2a
     4de:	0b a7       	std	Y+43, r16	; 0x2b
     4e0:	1c a7       	std	Y+44, r17	; 0x2c
     4e2:	32 01       	movw	r6, r4
     4e4:	88 24       	eor	r8, r8
     4e6:	99 24       	eor	r9, r9
     4e8:	92 01       	movw	r18, r4
     4ea:	81 01       	movw	r16, r2
     4ec:	20 70       	andi	r18, 0x00	; 0
     4ee:	30 70       	andi	r19, 0x00	; 0
     4f0:	21 96       	adiw	r28, 0x01	; 1
     4f2:	0c af       	std	Y+60, r16	; 0x3c
     4f4:	1d af       	std	Y+61, r17	; 0x3d
     4f6:	2e af       	std	Y+62, r18	; 0x3e
     4f8:	3f af       	std	Y+63, r19	; 0x3f
     4fa:	21 97       	sbiw	r28, 0x01	; 1
     4fc:	c6 01       	movw	r24, r12
     4fe:	b5 01       	movw	r22, r10
     500:	a4 01       	movw	r20, r8
     502:	93 01       	movw	r18, r6
     504:	0e 94 9d 15 	call	0x2b3a	; 0x2b3a <__udivmodsi4>
     508:	7b 01       	movw	r14, r22
     50a:	8c 01       	movw	r16, r24
     50c:	c6 01       	movw	r24, r12
     50e:	b5 01       	movw	r22, r10
     510:	a4 01       	movw	r20, r8
     512:	93 01       	movw	r18, r6
     514:	0e 94 9d 15 	call	0x2b3a	; 0x2b3a <__udivmodsi4>
     518:	c9 01       	movw	r24, r18
     51a:	da 01       	movw	r26, r20
     51c:	25 96       	adiw	r28, 0x05	; 5
     51e:	8c af       	std	Y+60, r24	; 0x3c
     520:	9d af       	std	Y+61, r25	; 0x3d
     522:	ae af       	std	Y+62, r26	; 0x3e
     524:	bf af       	std	Y+63, r27	; 0x3f
     526:	25 97       	sbiw	r28, 0x05	; 5
     528:	bc 01       	movw	r22, r24
     52a:	cd 01       	movw	r24, r26
     52c:	21 96       	adiw	r28, 0x01	; 1
     52e:	2c ad       	ldd	r18, Y+60	; 0x3c
     530:	3d ad       	ldd	r19, Y+61	; 0x3d
     532:	4e ad       	ldd	r20, Y+62	; 0x3e
     534:	5f ad       	ldd	r21, Y+63	; 0x3f
     536:	21 97       	sbiw	r28, 0x01	; 1
     538:	0e 94 7e 15 	call	0x2afc	; 0x2afc <__mulsi3>
     53c:	9b 01       	movw	r18, r22
     53e:	ac 01       	movw	r20, r24
     540:	87 01       	movw	r16, r14
     542:	ff 24       	eor	r15, r15
     544:	ee 24       	eor	r14, r14
     546:	a9 a4       	ldd	r10, Y+41	; 0x29
     548:	ba a4       	ldd	r11, Y+42	; 0x2a
     54a:	cb a4       	ldd	r12, Y+43	; 0x2b
     54c:	dc a4       	ldd	r13, Y+44	; 0x2c
     54e:	c6 01       	movw	r24, r12
     550:	aa 27       	eor	r26, r26
     552:	bb 27       	eor	r27, r27
     554:	5c 01       	movw	r10, r24
     556:	6d 01       	movw	r12, r26
     558:	ae 28       	or	r10, r14
     55a:	bf 28       	or	r11, r15
     55c:	c0 2a       	or	r12, r16
     55e:	d1 2a       	or	r13, r17
     560:	a2 16       	cp	r10, r18
     562:	b3 06       	cpc	r11, r19
     564:	c4 06       	cpc	r12, r20
     566:	d5 06       	cpc	r13, r21
     568:	60 f5       	brcc	.+88     	; 0x5c2 <__udivdi3+0x530>
     56a:	25 96       	adiw	r28, 0x05	; 5
     56c:	6c ad       	ldd	r22, Y+60	; 0x3c
     56e:	7d ad       	ldd	r23, Y+61	; 0x3d
     570:	8e ad       	ldd	r24, Y+62	; 0x3e
     572:	9f ad       	ldd	r25, Y+63	; 0x3f
     574:	25 97       	sbiw	r28, 0x05	; 5
     576:	61 50       	subi	r22, 0x01	; 1
     578:	70 40       	sbci	r23, 0x00	; 0
     57a:	80 40       	sbci	r24, 0x00	; 0
     57c:	90 40       	sbci	r25, 0x00	; 0
     57e:	25 96       	adiw	r28, 0x05	; 5
     580:	6c af       	std	Y+60, r22	; 0x3c
     582:	7d af       	std	Y+61, r23	; 0x3d
     584:	8e af       	std	Y+62, r24	; 0x3e
     586:	9f af       	std	Y+63, r25	; 0x3f
     588:	25 97       	sbiw	r28, 0x05	; 5
     58a:	a2 0c       	add	r10, r2
     58c:	b3 1c       	adc	r11, r3
     58e:	c4 1c       	adc	r12, r4
     590:	d5 1c       	adc	r13, r5
     592:	a2 14       	cp	r10, r2
     594:	b3 04       	cpc	r11, r3
     596:	c4 04       	cpc	r12, r4
     598:	d5 04       	cpc	r13, r5
     59a:	98 f0       	brcs	.+38     	; 0x5c2 <__udivdi3+0x530>
     59c:	a2 16       	cp	r10, r18
     59e:	b3 06       	cpc	r11, r19
     5a0:	c4 06       	cpc	r12, r20
     5a2:	d5 06       	cpc	r13, r21
     5a4:	70 f4       	brcc	.+28     	; 0x5c2 <__udivdi3+0x530>
     5a6:	61 50       	subi	r22, 0x01	; 1
     5a8:	70 40       	sbci	r23, 0x00	; 0
     5aa:	80 40       	sbci	r24, 0x00	; 0
     5ac:	90 40       	sbci	r25, 0x00	; 0
     5ae:	25 96       	adiw	r28, 0x05	; 5
     5b0:	6c af       	std	Y+60, r22	; 0x3c
     5b2:	7d af       	std	Y+61, r23	; 0x3d
     5b4:	8e af       	std	Y+62, r24	; 0x3e
     5b6:	9f af       	std	Y+63, r25	; 0x3f
     5b8:	25 97       	sbiw	r28, 0x05	; 5
     5ba:	a2 0c       	add	r10, r2
     5bc:	b3 1c       	adc	r11, r3
     5be:	c4 1c       	adc	r12, r4
     5c0:	d5 1c       	adc	r13, r5
     5c2:	a2 1a       	sub	r10, r18
     5c4:	b3 0a       	sbc	r11, r19
     5c6:	c4 0a       	sbc	r12, r20
     5c8:	d5 0a       	sbc	r13, r21
     5ca:	c6 01       	movw	r24, r12
     5cc:	b5 01       	movw	r22, r10
     5ce:	a4 01       	movw	r20, r8
     5d0:	93 01       	movw	r18, r6
     5d2:	0e 94 9d 15 	call	0x2b3a	; 0x2b3a <__udivmodsi4>
     5d6:	7b 01       	movw	r14, r22
     5d8:	8c 01       	movw	r16, r24
     5da:	c6 01       	movw	r24, r12
     5dc:	b5 01       	movw	r22, r10
     5de:	a4 01       	movw	r20, r8
     5e0:	93 01       	movw	r18, r6
     5e2:	0e 94 9d 15 	call	0x2b3a	; 0x2b3a <__udivmodsi4>
     5e6:	c9 01       	movw	r24, r18
     5e8:	da 01       	movw	r26, r20
     5ea:	3c 01       	movw	r6, r24
     5ec:	4d 01       	movw	r8, r26
     5ee:	c4 01       	movw	r24, r8
     5f0:	b3 01       	movw	r22, r6
     5f2:	21 96       	adiw	r28, 0x01	; 1
     5f4:	2c ad       	ldd	r18, Y+60	; 0x3c
     5f6:	3d ad       	ldd	r19, Y+61	; 0x3d
     5f8:	4e ad       	ldd	r20, Y+62	; 0x3e
     5fa:	5f ad       	ldd	r21, Y+63	; 0x3f
     5fc:	21 97       	sbiw	r28, 0x01	; 1
     5fe:	0e 94 7e 15 	call	0x2afc	; 0x2afc <__mulsi3>
     602:	9b 01       	movw	r18, r22
     604:	ac 01       	movw	r20, r24
     606:	87 01       	movw	r16, r14
     608:	ff 24       	eor	r15, r15
     60a:	ee 24       	eor	r14, r14
     60c:	89 a5       	ldd	r24, Y+41	; 0x29
     60e:	9a a5       	ldd	r25, Y+42	; 0x2a
     610:	ab a5       	ldd	r26, Y+43	; 0x2b
     612:	bc a5       	ldd	r27, Y+44	; 0x2c
     614:	a0 70       	andi	r26, 0x00	; 0
     616:	b0 70       	andi	r27, 0x00	; 0
     618:	57 01       	movw	r10, r14
     61a:	68 01       	movw	r12, r16
     61c:	a8 2a       	or	r10, r24
     61e:	b9 2a       	or	r11, r25
     620:	ca 2a       	or	r12, r26
     622:	db 2a       	or	r13, r27
     624:	a2 16       	cp	r10, r18
     626:	b3 06       	cpc	r11, r19
     628:	c4 06       	cpc	r12, r20
     62a:	d5 06       	cpc	r13, r21
     62c:	e0 f4       	brcc	.+56     	; 0x666 <__udivdi3+0x5d4>
     62e:	08 94       	sec
     630:	61 08       	sbc	r6, r1
     632:	71 08       	sbc	r7, r1
     634:	81 08       	sbc	r8, r1
     636:	91 08       	sbc	r9, r1
     638:	a2 0c       	add	r10, r2
     63a:	b3 1c       	adc	r11, r3
     63c:	c4 1c       	adc	r12, r4
     63e:	d5 1c       	adc	r13, r5
     640:	a2 14       	cp	r10, r2
     642:	b3 04       	cpc	r11, r3
     644:	c4 04       	cpc	r12, r4
     646:	d5 04       	cpc	r13, r5
     648:	70 f0       	brcs	.+28     	; 0x666 <__udivdi3+0x5d4>
     64a:	a2 16       	cp	r10, r18
     64c:	b3 06       	cpc	r11, r19
     64e:	c4 06       	cpc	r12, r20
     650:	d5 06       	cpc	r13, r21
     652:	48 f4       	brcc	.+18     	; 0x666 <__udivdi3+0x5d4>
     654:	08 94       	sec
     656:	61 08       	sbc	r6, r1
     658:	71 08       	sbc	r7, r1
     65a:	81 08       	sbc	r8, r1
     65c:	91 08       	sbc	r9, r1
     65e:	a2 0c       	add	r10, r2
     660:	b3 1c       	adc	r11, r3
     662:	c4 1c       	adc	r12, r4
     664:	d5 1c       	adc	r13, r5
     666:	8d a5       	ldd	r24, Y+45	; 0x2d
     668:	9e a5       	ldd	r25, Y+46	; 0x2e
     66a:	af a5       	ldd	r26, Y+47	; 0x2f
     66c:	b8 a9       	ldd	r27, Y+48	; 0x30
     66e:	6f 96       	adiw	r28, 0x1f	; 31
     670:	0f ac       	ldd	r0, Y+63	; 0x3f
     672:	6f 97       	sbiw	r28, 0x1f	; 31
     674:	04 c0       	rjmp	.+8      	; 0x67e <__udivdi3+0x5ec>
     676:	88 0f       	add	r24, r24
     678:	99 1f       	adc	r25, r25
     67a:	aa 1f       	adc	r26, r26
     67c:	bb 1f       	adc	r27, r27
     67e:	0a 94       	dec	r0
     680:	d2 f7       	brpl	.-12     	; 0x676 <__udivdi3+0x5e4>
     682:	8d a7       	std	Y+45, r24	; 0x2d
     684:	9e a7       	std	Y+46, r25	; 0x2e
     686:	af a7       	std	Y+47, r26	; 0x2f
     688:	b8 ab       	std	Y+48, r27	; 0x30
     68a:	a2 1a       	sub	r10, r18
     68c:	b3 0a       	sbc	r11, r19
     68e:	c4 0a       	sbc	r12, r20
     690:	d5 0a       	sbc	r13, r21
     692:	25 96       	adiw	r28, 0x05	; 5
     694:	ec ac       	ldd	r14, Y+60	; 0x3c
     696:	fd ac       	ldd	r15, Y+61	; 0x3d
     698:	0e ad       	ldd	r16, Y+62	; 0x3e
     69a:	1f ad       	ldd	r17, Y+63	; 0x3f
     69c:	25 97       	sbiw	r28, 0x05	; 5
     69e:	d7 01       	movw	r26, r14
     6a0:	99 27       	eor	r25, r25
     6a2:	88 27       	eor	r24, r24
     6a4:	68 2a       	or	r6, r24
     6a6:	79 2a       	or	r7, r25
     6a8:	8a 2a       	or	r8, r26
     6aa:	9b 2a       	or	r9, r27
     6ac:	82 01       	movw	r16, r4
     6ae:	22 27       	eor	r18, r18
     6b0:	33 27       	eor	r19, r19
     6b2:	29 96       	adiw	r28, 0x09	; 9
     6b4:	0c af       	std	Y+60, r16	; 0x3c
     6b6:	1d af       	std	Y+61, r17	; 0x3d
     6b8:	2e af       	std	Y+62, r18	; 0x3e
     6ba:	3f af       	std	Y+63, r19	; 0x3f
     6bc:	29 97       	sbiw	r28, 0x09	; 9
     6be:	a2 01       	movw	r20, r4
     6c0:	91 01       	movw	r18, r2
     6c2:	40 70       	andi	r20, 0x00	; 0
     6c4:	50 70       	andi	r21, 0x00	; 0
     6c6:	2d 96       	adiw	r28, 0x0d	; 13
     6c8:	2c af       	std	Y+60, r18	; 0x3c
     6ca:	3d af       	std	Y+61, r19	; 0x3d
     6cc:	4e af       	std	Y+62, r20	; 0x3e
     6ce:	5f af       	std	Y+63, r21	; 0x3f
     6d0:	2d 97       	sbiw	r28, 0x0d	; 13
     6d2:	c6 01       	movw	r24, r12
     6d4:	b5 01       	movw	r22, r10
     6d6:	29 96       	adiw	r28, 0x09	; 9
     6d8:	2c ad       	ldd	r18, Y+60	; 0x3c
     6da:	3d ad       	ldd	r19, Y+61	; 0x3d
     6dc:	4e ad       	ldd	r20, Y+62	; 0x3e
     6de:	5f ad       	ldd	r21, Y+63	; 0x3f
     6e0:	29 97       	sbiw	r28, 0x09	; 9
     6e2:	0e 94 9d 15 	call	0x2b3a	; 0x2b3a <__udivmodsi4>
     6e6:	7b 01       	movw	r14, r22
     6e8:	8c 01       	movw	r16, r24
     6ea:	c6 01       	movw	r24, r12
     6ec:	b5 01       	movw	r22, r10
     6ee:	29 96       	adiw	r28, 0x09	; 9
     6f0:	2c ad       	ldd	r18, Y+60	; 0x3c
     6f2:	3d ad       	ldd	r19, Y+61	; 0x3d
     6f4:	4e ad       	ldd	r20, Y+62	; 0x3e
     6f6:	5f ad       	ldd	r21, Y+63	; 0x3f
     6f8:	29 97       	sbiw	r28, 0x09	; 9
     6fa:	0e 94 9d 15 	call	0x2b3a	; 0x2b3a <__udivmodsi4>
     6fe:	c9 01       	movw	r24, r18
     700:	da 01       	movw	r26, r20
     702:	61 96       	adiw	r28, 0x11	; 17
     704:	8c af       	std	Y+60, r24	; 0x3c
     706:	9d af       	std	Y+61, r25	; 0x3d
     708:	ae af       	std	Y+62, r26	; 0x3e
     70a:	bf af       	std	Y+63, r27	; 0x3f
     70c:	61 97       	sbiw	r28, 0x11	; 17
     70e:	bc 01       	movw	r22, r24
     710:	cd 01       	movw	r24, r26
     712:	2d 96       	adiw	r28, 0x0d	; 13
     714:	2c ad       	ldd	r18, Y+60	; 0x3c
     716:	3d ad       	ldd	r19, Y+61	; 0x3d
     718:	4e ad       	ldd	r20, Y+62	; 0x3e
     71a:	5f ad       	ldd	r21, Y+63	; 0x3f
     71c:	2d 97       	sbiw	r28, 0x0d	; 13
     71e:	0e 94 7e 15 	call	0x2afc	; 0x2afc <__mulsi3>
     722:	9b 01       	movw	r18, r22
     724:	ac 01       	movw	r20, r24
     726:	87 01       	movw	r16, r14
     728:	ff 24       	eor	r15, r15
     72a:	ee 24       	eor	r14, r14
     72c:	ad a4       	ldd	r10, Y+45	; 0x2d
     72e:	be a4       	ldd	r11, Y+46	; 0x2e
     730:	cf a4       	ldd	r12, Y+47	; 0x2f
     732:	d8 a8       	ldd	r13, Y+48	; 0x30
     734:	c6 01       	movw	r24, r12
     736:	aa 27       	eor	r26, r26
     738:	bb 27       	eor	r27, r27
     73a:	57 01       	movw	r10, r14
     73c:	68 01       	movw	r12, r16
     73e:	a8 2a       	or	r10, r24
     740:	b9 2a       	or	r11, r25
     742:	ca 2a       	or	r12, r26
     744:	db 2a       	or	r13, r27
     746:	a2 16       	cp	r10, r18
     748:	b3 06       	cpc	r11, r19
     74a:	c4 06       	cpc	r12, r20
     74c:	d5 06       	cpc	r13, r21
     74e:	60 f5       	brcc	.+88     	; 0x7a8 <__udivdi3+0x716>
     750:	61 96       	adiw	r28, 0x11	; 17
     752:	6c ad       	ldd	r22, Y+60	; 0x3c
     754:	7d ad       	ldd	r23, Y+61	; 0x3d
     756:	8e ad       	ldd	r24, Y+62	; 0x3e
     758:	9f ad       	ldd	r25, Y+63	; 0x3f
     75a:	61 97       	sbiw	r28, 0x11	; 17
     75c:	61 50       	subi	r22, 0x01	; 1
     75e:	70 40       	sbci	r23, 0x00	; 0
     760:	80 40       	sbci	r24, 0x00	; 0
     762:	90 40       	sbci	r25, 0x00	; 0
     764:	61 96       	adiw	r28, 0x11	; 17
     766:	6c af       	std	Y+60, r22	; 0x3c
     768:	7d af       	std	Y+61, r23	; 0x3d
     76a:	8e af       	std	Y+62, r24	; 0x3e
     76c:	9f af       	std	Y+63, r25	; 0x3f
     76e:	61 97       	sbiw	r28, 0x11	; 17
     770:	a2 0c       	add	r10, r2
     772:	b3 1c       	adc	r11, r3
     774:	c4 1c       	adc	r12, r4
     776:	d5 1c       	adc	r13, r5
     778:	a2 14       	cp	r10, r2
     77a:	b3 04       	cpc	r11, r3
     77c:	c4 04       	cpc	r12, r4
     77e:	d5 04       	cpc	r13, r5
     780:	98 f0       	brcs	.+38     	; 0x7a8 <__udivdi3+0x716>
     782:	a2 16       	cp	r10, r18
     784:	b3 06       	cpc	r11, r19
     786:	c4 06       	cpc	r12, r20
     788:	d5 06       	cpc	r13, r21
     78a:	70 f4       	brcc	.+28     	; 0x7a8 <__udivdi3+0x716>
     78c:	61 50       	subi	r22, 0x01	; 1
     78e:	70 40       	sbci	r23, 0x00	; 0
     790:	80 40       	sbci	r24, 0x00	; 0
     792:	90 40       	sbci	r25, 0x00	; 0
     794:	61 96       	adiw	r28, 0x11	; 17
     796:	6c af       	std	Y+60, r22	; 0x3c
     798:	7d af       	std	Y+61, r23	; 0x3d
     79a:	8e af       	std	Y+62, r24	; 0x3e
     79c:	9f af       	std	Y+63, r25	; 0x3f
     79e:	61 97       	sbiw	r28, 0x11	; 17
     7a0:	a2 0c       	add	r10, r2
     7a2:	b3 1c       	adc	r11, r3
     7a4:	c4 1c       	adc	r12, r4
     7a6:	d5 1c       	adc	r13, r5
     7a8:	a2 1a       	sub	r10, r18
     7aa:	b3 0a       	sbc	r11, r19
     7ac:	c4 0a       	sbc	r12, r20
     7ae:	d5 0a       	sbc	r13, r21
     7b0:	c6 01       	movw	r24, r12
     7b2:	b5 01       	movw	r22, r10
     7b4:	29 96       	adiw	r28, 0x09	; 9
     7b6:	2c ad       	ldd	r18, Y+60	; 0x3c
     7b8:	3d ad       	ldd	r19, Y+61	; 0x3d
     7ba:	4e ad       	ldd	r20, Y+62	; 0x3e
     7bc:	5f ad       	ldd	r21, Y+63	; 0x3f
     7be:	29 97       	sbiw	r28, 0x09	; 9
     7c0:	0e 94 9d 15 	call	0x2b3a	; 0x2b3a <__udivmodsi4>
     7c4:	7b 01       	movw	r14, r22
     7c6:	8c 01       	movw	r16, r24
     7c8:	c6 01       	movw	r24, r12
     7ca:	b5 01       	movw	r22, r10
     7cc:	29 96       	adiw	r28, 0x09	; 9
     7ce:	2c ad       	ldd	r18, Y+60	; 0x3c
     7d0:	3d ad       	ldd	r19, Y+61	; 0x3d
     7d2:	4e ad       	ldd	r20, Y+62	; 0x3e
     7d4:	5f ad       	ldd	r21, Y+63	; 0x3f
     7d6:	29 97       	sbiw	r28, 0x09	; 9
     7d8:	0e 94 9d 15 	call	0x2b3a	; 0x2b3a <__udivmodsi4>
     7dc:	c9 01       	movw	r24, r18
     7de:	da 01       	movw	r26, r20
     7e0:	5c 01       	movw	r10, r24
     7e2:	6d 01       	movw	r12, r26
     7e4:	c6 01       	movw	r24, r12
     7e6:	b5 01       	movw	r22, r10
     7e8:	2d 96       	adiw	r28, 0x0d	; 13
     7ea:	2c ad       	ldd	r18, Y+60	; 0x3c
     7ec:	3d ad       	ldd	r19, Y+61	; 0x3d
     7ee:	4e ad       	ldd	r20, Y+62	; 0x3e
     7f0:	5f ad       	ldd	r21, Y+63	; 0x3f
     7f2:	2d 97       	sbiw	r28, 0x0d	; 13
     7f4:	0e 94 7e 15 	call	0x2afc	; 0x2afc <__mulsi3>
     7f8:	9b 01       	movw	r18, r22
     7fa:	ac 01       	movw	r20, r24
     7fc:	87 01       	movw	r16, r14
     7fe:	ff 24       	eor	r15, r15
     800:	ee 24       	eor	r14, r14
     802:	8d a5       	ldd	r24, Y+45	; 0x2d
     804:	9e a5       	ldd	r25, Y+46	; 0x2e
     806:	af a5       	ldd	r26, Y+47	; 0x2f
     808:	b8 a9       	ldd	r27, Y+48	; 0x30
     80a:	a0 70       	andi	r26, 0x00	; 0
     80c:	b0 70       	andi	r27, 0x00	; 0
     80e:	e8 2a       	or	r14, r24
     810:	f9 2a       	or	r15, r25
     812:	0a 2b       	or	r16, r26
     814:	1b 2b       	or	r17, r27
     816:	e2 16       	cp	r14, r18
     818:	f3 06       	cpc	r15, r19
     81a:	04 07       	cpc	r16, r20
     81c:	15 07       	cpc	r17, r21
     81e:	c0 f4       	brcc	.+48     	; 0x850 <__udivdi3+0x7be>
     820:	08 94       	sec
     822:	a1 08       	sbc	r10, r1
     824:	b1 08       	sbc	r11, r1
     826:	c1 08       	sbc	r12, r1
     828:	d1 08       	sbc	r13, r1
     82a:	e2 0c       	add	r14, r2
     82c:	f3 1c       	adc	r15, r3
     82e:	04 1d       	adc	r16, r4
     830:	15 1d       	adc	r17, r5
     832:	e2 14       	cp	r14, r2
     834:	f3 04       	cpc	r15, r3
     836:	04 05       	cpc	r16, r4
     838:	15 05       	cpc	r17, r5
     83a:	50 f0       	brcs	.+20     	; 0x850 <__udivdi3+0x7be>
     83c:	e2 16       	cp	r14, r18
     83e:	f3 06       	cpc	r15, r19
     840:	04 07       	cpc	r16, r20
     842:	15 07       	cpc	r17, r21
     844:	28 f4       	brcc	.+10     	; 0x850 <__udivdi3+0x7be>
     846:	08 94       	sec
     848:	a1 08       	sbc	r10, r1
     84a:	b1 08       	sbc	r11, r1
     84c:	c1 08       	sbc	r12, r1
     84e:	d1 08       	sbc	r13, r1
     850:	61 96       	adiw	r28, 0x11	; 17
     852:	ec ac       	ldd	r14, Y+60	; 0x3c
     854:	fd ac       	ldd	r15, Y+61	; 0x3d
     856:	0e ad       	ldd	r16, Y+62	; 0x3e
     858:	1f ad       	ldd	r17, Y+63	; 0x3f
     85a:	61 97       	sbiw	r28, 0x11	; 17
     85c:	d7 01       	movw	r26, r14
     85e:	99 27       	eor	r25, r25
     860:	88 27       	eor	r24, r24
     862:	96 01       	movw	r18, r12
     864:	85 01       	movw	r16, r10
     866:	08 2b       	or	r16, r24
     868:	19 2b       	or	r17, r25
     86a:	2a 2b       	or	r18, r26
     86c:	3b 2b       	or	r19, r27
     86e:	09 ab       	std	Y+49, r16	; 0x31
     870:	1a ab       	std	Y+50, r17	; 0x32
     872:	2b ab       	std	Y+51, r18	; 0x33
     874:	3c ab       	std	Y+52, r19	; 0x34
     876:	62 c2       	rjmp	.+1220   	; 0xd3c <__stack+0x4dd>
     878:	6e 14       	cp	r6, r14
     87a:	7f 04       	cpc	r7, r15
     87c:	80 06       	cpc	r8, r16
     87e:	91 06       	cpc	r9, r17
     880:	08 f4       	brcc	.+2      	; 0x884 <__stack+0x25>
     882:	51 c2       	rjmp	.+1186   	; 0xd26 <__stack+0x4c7>
     884:	20 e0       	ldi	r18, 0x00	; 0
     886:	e2 16       	cp	r14, r18
     888:	20 e0       	ldi	r18, 0x00	; 0
     88a:	f2 06       	cpc	r15, r18
     88c:	21 e0       	ldi	r18, 0x01	; 1
     88e:	02 07       	cpc	r16, r18
     890:	20 e0       	ldi	r18, 0x00	; 0
     892:	12 07       	cpc	r17, r18
     894:	88 f4       	brcc	.+34     	; 0x8b8 <__stack+0x59>
     896:	3f ef       	ldi	r19, 0xFF	; 255
     898:	e3 16       	cp	r14, r19
     89a:	f1 04       	cpc	r15, r1
     89c:	01 05       	cpc	r16, r1
     89e:	11 05       	cpc	r17, r1
     8a0:	31 f0       	breq	.+12     	; 0x8ae <__stack+0x4f>
     8a2:	28 f0       	brcs	.+10     	; 0x8ae <__stack+0x4f>
     8a4:	48 e0       	ldi	r20, 0x08	; 8
     8a6:	50 e0       	ldi	r21, 0x00	; 0
     8a8:	60 e0       	ldi	r22, 0x00	; 0
     8aa:	70 e0       	ldi	r23, 0x00	; 0
     8ac:	17 c0       	rjmp	.+46     	; 0x8dc <__stack+0x7d>
     8ae:	40 e0       	ldi	r20, 0x00	; 0
     8b0:	50 e0       	ldi	r21, 0x00	; 0
     8b2:	60 e0       	ldi	r22, 0x00	; 0
     8b4:	70 e0       	ldi	r23, 0x00	; 0
     8b6:	12 c0       	rjmp	.+36     	; 0x8dc <__stack+0x7d>
     8b8:	40 e0       	ldi	r20, 0x00	; 0
     8ba:	e4 16       	cp	r14, r20
     8bc:	40 e0       	ldi	r20, 0x00	; 0
     8be:	f4 06       	cpc	r15, r20
     8c0:	40 e0       	ldi	r20, 0x00	; 0
     8c2:	04 07       	cpc	r16, r20
     8c4:	41 e0       	ldi	r20, 0x01	; 1
     8c6:	14 07       	cpc	r17, r20
     8c8:	28 f0       	brcs	.+10     	; 0x8d4 <__stack+0x75>
     8ca:	48 e1       	ldi	r20, 0x18	; 24
     8cc:	50 e0       	ldi	r21, 0x00	; 0
     8ce:	60 e0       	ldi	r22, 0x00	; 0
     8d0:	70 e0       	ldi	r23, 0x00	; 0
     8d2:	04 c0       	rjmp	.+8      	; 0x8dc <__stack+0x7d>
     8d4:	40 e1       	ldi	r20, 0x10	; 16
     8d6:	50 e0       	ldi	r21, 0x00	; 0
     8d8:	60 e0       	ldi	r22, 0x00	; 0
     8da:	70 e0       	ldi	r23, 0x00	; 0
     8dc:	d8 01       	movw	r26, r16
     8de:	c7 01       	movw	r24, r14
     8e0:	04 2e       	mov	r0, r20
     8e2:	04 c0       	rjmp	.+8      	; 0x8ec <__stack+0x8d>
     8e4:	b6 95       	lsr	r27
     8e6:	a7 95       	ror	r26
     8e8:	97 95       	ror	r25
     8ea:	87 95       	ror	r24
     8ec:	0a 94       	dec	r0
     8ee:	d2 f7       	brpl	.-12     	; 0x8e4 <__stack+0x85>
     8f0:	8b 51       	subi	r24, 0x1B	; 27
     8f2:	9f 4f       	sbci	r25, 0xFF	; 255
     8f4:	dc 01       	movw	r26, r24
     8f6:	2c 91       	ld	r18, X
     8f8:	30 e2       	ldi	r19, 0x20	; 32
     8fa:	a3 2e       	mov	r10, r19
     8fc:	b1 2c       	mov	r11, r1
     8fe:	c1 2c       	mov	r12, r1
     900:	d1 2c       	mov	r13, r1
     902:	d6 01       	movw	r26, r12
     904:	c5 01       	movw	r24, r10
     906:	84 1b       	sub	r24, r20
     908:	95 0b       	sbc	r25, r21
     90a:	a6 0b       	sbc	r26, r22
     90c:	b7 0b       	sbc	r27, r23
     90e:	82 1b       	sub	r24, r18
     910:	91 09       	sbc	r25, r1
     912:	a1 09       	sbc	r26, r1
     914:	b1 09       	sbc	r27, r1
     916:	00 97       	sbiw	r24, 0x00	; 0
     918:	a1 05       	cpc	r26, r1
     91a:	b1 05       	cpc	r27, r1
     91c:	89 f4       	brne	.+34     	; 0x940 <__stack+0xe1>
     91e:	e6 14       	cp	r14, r6
     920:	f7 04       	cpc	r15, r7
     922:	08 05       	cpc	r16, r8
     924:	19 05       	cpc	r17, r9
     926:	08 f4       	brcc	.+2      	; 0x92a <__stack+0xcb>
     928:	f2 c1       	rjmp	.+996    	; 0xd0e <__stack+0x4af>
     92a:	6d a4       	ldd	r6, Y+45	; 0x2d
     92c:	7e a4       	ldd	r7, Y+46	; 0x2e
     92e:	8f a4       	ldd	r8, Y+47	; 0x2f
     930:	98 a8       	ldd	r9, Y+48	; 0x30
     932:	62 14       	cp	r6, r2
     934:	73 04       	cpc	r7, r3
     936:	84 04       	cpc	r8, r4
     938:	95 04       	cpc	r9, r5
     93a:	08 f0       	brcs	.+2      	; 0x93e <__stack+0xdf>
     93c:	e8 c1       	rjmp	.+976    	; 0xd0e <__stack+0x4af>
     93e:	f3 c1       	rjmp	.+998    	; 0xd26 <__stack+0x4c7>
     940:	6e 96       	adiw	r28, 0x1e	; 30
     942:	8f af       	std	Y+63, r24	; 0x3f
     944:	6e 97       	sbiw	r28, 0x1e	; 30
     946:	08 2e       	mov	r0, r24
     948:	04 c0       	rjmp	.+8      	; 0x952 <__stack+0xf3>
     94a:	ee 0c       	add	r14, r14
     94c:	ff 1c       	adc	r15, r15
     94e:	00 1f       	adc	r16, r16
     950:	11 1f       	adc	r17, r17
     952:	0a 94       	dec	r0
     954:	d2 f7       	brpl	.-12     	; 0x94a <__stack+0xeb>
     956:	6a 2d       	mov	r22, r10
     958:	68 1b       	sub	r22, r24
     95a:	d2 01       	movw	r26, r4
     95c:	c1 01       	movw	r24, r2
     95e:	06 2e       	mov	r0, r22
     960:	04 c0       	rjmp	.+8      	; 0x96a <__stack+0x10b>
     962:	b6 95       	lsr	r27
     964:	a7 95       	ror	r26
     966:	97 95       	ror	r25
     968:	87 95       	ror	r24
     96a:	0a 94       	dec	r0
     96c:	d2 f7       	brpl	.-12     	; 0x962 <__stack+0x103>
     96e:	5c 01       	movw	r10, r24
     970:	6d 01       	movw	r12, r26
     972:	ae 28       	or	r10, r14
     974:	bf 28       	or	r11, r15
     976:	c0 2a       	or	r12, r16
     978:	d1 2a       	or	r13, r17
     97a:	ad a2       	std	Y+37, r10	; 0x25
     97c:	be a2       	std	Y+38, r11	; 0x26
     97e:	cf a2       	std	Y+39, r12	; 0x27
     980:	d8 a6       	std	Y+40, r13	; 0x28
     982:	72 01       	movw	r14, r4
     984:	61 01       	movw	r12, r2
     986:	6e 96       	adiw	r28, 0x1e	; 30
     988:	0f ac       	ldd	r0, Y+63	; 0x3f
     98a:	6e 97       	sbiw	r28, 0x1e	; 30
     98c:	04 c0       	rjmp	.+8      	; 0x996 <__stack+0x137>
     98e:	cc 0c       	add	r12, r12
     990:	dd 1c       	adc	r13, r13
     992:	ee 1c       	adc	r14, r14
     994:	ff 1c       	adc	r15, r15
     996:	0a 94       	dec	r0
     998:	d2 f7       	brpl	.-12     	; 0x98e <__stack+0x12f>
     99a:	c9 a2       	std	Y+33, r12	; 0x21
     99c:	da a2       	std	Y+34, r13	; 0x22
     99e:	eb a2       	std	Y+35, r14	; 0x23
     9a0:	fc a2       	std	Y+36, r15	; 0x24
     9a2:	64 01       	movw	r12, r8
     9a4:	53 01       	movw	r10, r6
     9a6:	06 2e       	mov	r0, r22
     9a8:	04 c0       	rjmp	.+8      	; 0x9b2 <__stack+0x153>
     9aa:	d6 94       	lsr	r13
     9ac:	c7 94       	ror	r12
     9ae:	b7 94       	ror	r11
     9b0:	a7 94       	ror	r10
     9b2:	0a 94       	dec	r0
     9b4:	d2 f7       	brpl	.-12     	; 0x9aa <__stack+0x14b>
     9b6:	d4 01       	movw	r26, r8
     9b8:	c3 01       	movw	r24, r6
     9ba:	6e 96       	adiw	r28, 0x1e	; 30
     9bc:	0f ac       	ldd	r0, Y+63	; 0x3f
     9be:	6e 97       	sbiw	r28, 0x1e	; 30
     9c0:	04 c0       	rjmp	.+8      	; 0x9ca <__stack+0x16b>
     9c2:	88 0f       	add	r24, r24
     9c4:	99 1f       	adc	r25, r25
     9c6:	aa 1f       	adc	r26, r26
     9c8:	bb 1f       	adc	r27, r27
     9ca:	0a 94       	dec	r0
     9cc:	d2 f7       	brpl	.-12     	; 0x9c2 <__stack+0x163>
     9ce:	ed a4       	ldd	r14, Y+45	; 0x2d
     9d0:	fe a4       	ldd	r15, Y+46	; 0x2e
     9d2:	0f a5       	ldd	r16, Y+47	; 0x2f
     9d4:	18 a9       	ldd	r17, Y+48	; 0x30
     9d6:	04 c0       	rjmp	.+8      	; 0x9e0 <__stack+0x181>
     9d8:	16 95       	lsr	r17
     9da:	07 95       	ror	r16
     9dc:	f7 94       	ror	r15
     9de:	e7 94       	ror	r14
     9e0:	6a 95       	dec	r22
     9e2:	d2 f7       	brpl	.-12     	; 0x9d8 <__stack+0x179>
     9e4:	37 01       	movw	r6, r14
     9e6:	48 01       	movw	r8, r16
     9e8:	68 2a       	or	r6, r24
     9ea:	79 2a       	or	r7, r25
     9ec:	8a 2a       	or	r8, r26
     9ee:	9b 2a       	or	r9, r27
     9f0:	6d 8e       	std	Y+29, r6	; 0x1d
     9f2:	7e 8e       	std	Y+30, r7	; 0x1e
     9f4:	8f 8e       	std	Y+31, r8	; 0x1f
     9f6:	98 a2       	std	Y+32, r9	; 0x20
     9f8:	ed a0       	ldd	r14, Y+37	; 0x25
     9fa:	fe a0       	ldd	r15, Y+38	; 0x26
     9fc:	0f a1       	ldd	r16, Y+39	; 0x27
     9fe:	18 a5       	ldd	r17, Y+40	; 0x28
     a00:	38 01       	movw	r6, r16
     a02:	88 24       	eor	r8, r8
     a04:	99 24       	eor	r9, r9
     a06:	98 01       	movw	r18, r16
     a08:	87 01       	movw	r16, r14
     a0a:	20 70       	andi	r18, 0x00	; 0
     a0c:	30 70       	andi	r19, 0x00	; 0
     a0e:	65 96       	adiw	r28, 0x15	; 21
     a10:	0c af       	std	Y+60, r16	; 0x3c
     a12:	1d af       	std	Y+61, r17	; 0x3d
     a14:	2e af       	std	Y+62, r18	; 0x3e
     a16:	3f af       	std	Y+63, r19	; 0x3f
     a18:	65 97       	sbiw	r28, 0x15	; 21
     a1a:	c6 01       	movw	r24, r12
     a1c:	b5 01       	movw	r22, r10
     a1e:	a4 01       	movw	r20, r8
     a20:	93 01       	movw	r18, r6
     a22:	0e 94 9d 15 	call	0x2b3a	; 0x2b3a <__udivmodsi4>
     a26:	7b 01       	movw	r14, r22
     a28:	8c 01       	movw	r16, r24
     a2a:	c6 01       	movw	r24, r12
     a2c:	b5 01       	movw	r22, r10
     a2e:	a4 01       	movw	r20, r8
     a30:	93 01       	movw	r18, r6
     a32:	0e 94 9d 15 	call	0x2b3a	; 0x2b3a <__udivmodsi4>
     a36:	c9 01       	movw	r24, r18
     a38:	da 01       	movw	r26, r20
     a3a:	1c 01       	movw	r2, r24
     a3c:	2d 01       	movw	r4, r26
     a3e:	c2 01       	movw	r24, r4
     a40:	b1 01       	movw	r22, r2
     a42:	65 96       	adiw	r28, 0x15	; 21
     a44:	2c ad       	ldd	r18, Y+60	; 0x3c
     a46:	3d ad       	ldd	r19, Y+61	; 0x3d
     a48:	4e ad       	ldd	r20, Y+62	; 0x3e
     a4a:	5f ad       	ldd	r21, Y+63	; 0x3f
     a4c:	65 97       	sbiw	r28, 0x15	; 21
     a4e:	0e 94 7e 15 	call	0x2afc	; 0x2afc <__mulsi3>
     a52:	9b 01       	movw	r18, r22
     a54:	ac 01       	movw	r20, r24
     a56:	87 01       	movw	r16, r14
     a58:	ff 24       	eor	r15, r15
     a5a:	ee 24       	eor	r14, r14
     a5c:	ad 8c       	ldd	r10, Y+29	; 0x1d
     a5e:	be 8c       	ldd	r11, Y+30	; 0x1e
     a60:	cf 8c       	ldd	r12, Y+31	; 0x1f
     a62:	d8 a0       	ldd	r13, Y+32	; 0x20
     a64:	c6 01       	movw	r24, r12
     a66:	aa 27       	eor	r26, r26
     a68:	bb 27       	eor	r27, r27
     a6a:	57 01       	movw	r10, r14
     a6c:	68 01       	movw	r12, r16
     a6e:	a8 2a       	or	r10, r24
     a70:	b9 2a       	or	r11, r25
     a72:	ca 2a       	or	r12, r26
     a74:	db 2a       	or	r13, r27
     a76:	a2 16       	cp	r10, r18
     a78:	b3 06       	cpc	r11, r19
     a7a:	c4 06       	cpc	r12, r20
     a7c:	d5 06       	cpc	r13, r21
     a7e:	00 f5       	brcc	.+64     	; 0xac0 <__stack+0x261>
     a80:	08 94       	sec
     a82:	21 08       	sbc	r2, r1
     a84:	31 08       	sbc	r3, r1
     a86:	41 08       	sbc	r4, r1
     a88:	51 08       	sbc	r5, r1
     a8a:	ed a0       	ldd	r14, Y+37	; 0x25
     a8c:	fe a0       	ldd	r15, Y+38	; 0x26
     a8e:	0f a1       	ldd	r16, Y+39	; 0x27
     a90:	18 a5       	ldd	r17, Y+40	; 0x28
     a92:	ae 0c       	add	r10, r14
     a94:	bf 1c       	adc	r11, r15
     a96:	c0 1e       	adc	r12, r16
     a98:	d1 1e       	adc	r13, r17
     a9a:	ae 14       	cp	r10, r14
     a9c:	bf 04       	cpc	r11, r15
     a9e:	c0 06       	cpc	r12, r16
     aa0:	d1 06       	cpc	r13, r17
     aa2:	70 f0       	brcs	.+28     	; 0xac0 <__stack+0x261>
     aa4:	a2 16       	cp	r10, r18
     aa6:	b3 06       	cpc	r11, r19
     aa8:	c4 06       	cpc	r12, r20
     aaa:	d5 06       	cpc	r13, r21
     aac:	48 f4       	brcc	.+18     	; 0xac0 <__stack+0x261>
     aae:	08 94       	sec
     ab0:	21 08       	sbc	r2, r1
     ab2:	31 08       	sbc	r3, r1
     ab4:	41 08       	sbc	r4, r1
     ab6:	51 08       	sbc	r5, r1
     ab8:	ae 0c       	add	r10, r14
     aba:	bf 1c       	adc	r11, r15
     abc:	c0 1e       	adc	r12, r16
     abe:	d1 1e       	adc	r13, r17
     ac0:	a2 1a       	sub	r10, r18
     ac2:	b3 0a       	sbc	r11, r19
     ac4:	c4 0a       	sbc	r12, r20
     ac6:	d5 0a       	sbc	r13, r21
     ac8:	c6 01       	movw	r24, r12
     aca:	b5 01       	movw	r22, r10
     acc:	a4 01       	movw	r20, r8
     ace:	93 01       	movw	r18, r6
     ad0:	0e 94 9d 15 	call	0x2b3a	; 0x2b3a <__udivmodsi4>
     ad4:	7b 01       	movw	r14, r22
     ad6:	8c 01       	movw	r16, r24
     ad8:	c6 01       	movw	r24, r12
     ada:	b5 01       	movw	r22, r10
     adc:	a4 01       	movw	r20, r8
     ade:	93 01       	movw	r18, r6
     ae0:	0e 94 9d 15 	call	0x2b3a	; 0x2b3a <__udivmodsi4>
     ae4:	c9 01       	movw	r24, r18
     ae6:	da 01       	movw	r26, r20
     ae8:	3c 01       	movw	r6, r24
     aea:	4d 01       	movw	r8, r26
     aec:	c4 01       	movw	r24, r8
     aee:	b3 01       	movw	r22, r6
     af0:	65 96       	adiw	r28, 0x15	; 21
     af2:	2c ad       	ldd	r18, Y+60	; 0x3c
     af4:	3d ad       	ldd	r19, Y+61	; 0x3d
     af6:	4e ad       	ldd	r20, Y+62	; 0x3e
     af8:	5f ad       	ldd	r21, Y+63	; 0x3f
     afa:	65 97       	sbiw	r28, 0x15	; 21
     afc:	0e 94 7e 15 	call	0x2afc	; 0x2afc <__mulsi3>
     b00:	9b 01       	movw	r18, r22
     b02:	ac 01       	movw	r20, r24
     b04:	87 01       	movw	r16, r14
     b06:	ff 24       	eor	r15, r15
     b08:	ee 24       	eor	r14, r14
     b0a:	8d 8d       	ldd	r24, Y+29	; 0x1d
     b0c:	9e 8d       	ldd	r25, Y+30	; 0x1e
     b0e:	af 8d       	ldd	r26, Y+31	; 0x1f
     b10:	b8 a1       	ldd	r27, Y+32	; 0x20
     b12:	a0 70       	andi	r26, 0x00	; 0
     b14:	b0 70       	andi	r27, 0x00	; 0
     b16:	57 01       	movw	r10, r14
     b18:	68 01       	movw	r12, r16
     b1a:	a8 2a       	or	r10, r24
     b1c:	b9 2a       	or	r11, r25
     b1e:	ca 2a       	or	r12, r26
     b20:	db 2a       	or	r13, r27
     b22:	a2 16       	cp	r10, r18
     b24:	b3 06       	cpc	r11, r19
     b26:	c4 06       	cpc	r12, r20
     b28:	d5 06       	cpc	r13, r21
     b2a:	00 f5       	brcc	.+64     	; 0xb6c <__stack+0x30d>
     b2c:	08 94       	sec
     b2e:	61 08       	sbc	r6, r1
     b30:	71 08       	sbc	r7, r1
     b32:	81 08       	sbc	r8, r1
     b34:	91 08       	sbc	r9, r1
     b36:	6d a1       	ldd	r22, Y+37	; 0x25
     b38:	7e a1       	ldd	r23, Y+38	; 0x26
     b3a:	8f a1       	ldd	r24, Y+39	; 0x27
     b3c:	98 a5       	ldd	r25, Y+40	; 0x28
     b3e:	a6 0e       	add	r10, r22
     b40:	b7 1e       	adc	r11, r23
     b42:	c8 1e       	adc	r12, r24
     b44:	d9 1e       	adc	r13, r25
     b46:	a6 16       	cp	r10, r22
     b48:	b7 06       	cpc	r11, r23
     b4a:	c8 06       	cpc	r12, r24
     b4c:	d9 06       	cpc	r13, r25
     b4e:	70 f0       	brcs	.+28     	; 0xb6c <__stack+0x30d>
     b50:	a2 16       	cp	r10, r18
     b52:	b3 06       	cpc	r11, r19
     b54:	c4 06       	cpc	r12, r20
     b56:	d5 06       	cpc	r13, r21
     b58:	48 f4       	brcc	.+18     	; 0xb6c <__stack+0x30d>
     b5a:	08 94       	sec
     b5c:	61 08       	sbc	r6, r1
     b5e:	71 08       	sbc	r7, r1
     b60:	81 08       	sbc	r8, r1
     b62:	91 08       	sbc	r9, r1
     b64:	a6 0e       	add	r10, r22
     b66:	b7 1e       	adc	r11, r23
     b68:	c8 1e       	adc	r12, r24
     b6a:	d9 1e       	adc	r13, r25
     b6c:	d6 01       	movw	r26, r12
     b6e:	c5 01       	movw	r24, r10
     b70:	82 1b       	sub	r24, r18
     b72:	93 0b       	sbc	r25, r19
     b74:	a4 0b       	sbc	r26, r20
     b76:	b5 0b       	sbc	r27, r21
     b78:	89 8f       	std	Y+25, r24	; 0x19
     b7a:	9a 8f       	std	Y+26, r25	; 0x1a
     b7c:	ab 8f       	std	Y+27, r26	; 0x1b
     b7e:	bc 8f       	std	Y+28, r27	; 0x1c
     b80:	d1 01       	movw	r26, r2
     b82:	99 27       	eor	r25, r25
     b84:	88 27       	eor	r24, r24
     b86:	64 01       	movw	r12, r8
     b88:	53 01       	movw	r10, r6
     b8a:	a8 2a       	or	r10, r24
     b8c:	b9 2a       	or	r11, r25
     b8e:	ca 2a       	or	r12, r26
     b90:	db 2a       	or	r13, r27
     b92:	a9 aa       	std	Y+49, r10	; 0x31
     b94:	ba aa       	std	Y+50, r11	; 0x32
     b96:	cb aa       	std	Y+51, r12	; 0x33
     b98:	dc aa       	std	Y+52, r13	; 0x34
     b9a:	86 01       	movw	r16, r12
     b9c:	75 01       	movw	r14, r10
     b9e:	2f ef       	ldi	r18, 0xFF	; 255
     ba0:	3f ef       	ldi	r19, 0xFF	; 255
     ba2:	40 e0       	ldi	r20, 0x00	; 0
     ba4:	50 e0       	ldi	r21, 0x00	; 0
     ba6:	e2 22       	and	r14, r18
     ba8:	f3 22       	and	r15, r19
     baa:	04 23       	and	r16, r20
     bac:	15 23       	and	r17, r21
     bae:	a6 01       	movw	r20, r12
     bb0:	66 27       	eor	r22, r22
     bb2:	77 27       	eor	r23, r23
     bb4:	6d 96       	adiw	r28, 0x1d	; 29
     bb6:	4c af       	std	Y+60, r20	; 0x3c
     bb8:	5d af       	std	Y+61, r21	; 0x3d
     bba:	6e af       	std	Y+62, r22	; 0x3e
     bbc:	7f af       	std	Y+63, r23	; 0x3f
     bbe:	6d 97       	sbiw	r28, 0x1d	; 29
     bc0:	a9 a0       	ldd	r10, Y+33	; 0x21
     bc2:	ba a0       	ldd	r11, Y+34	; 0x22
     bc4:	cb a0       	ldd	r12, Y+35	; 0x23
     bc6:	dc a0       	ldd	r13, Y+36	; 0x24
     bc8:	6f ef       	ldi	r22, 0xFF	; 255
     bca:	7f ef       	ldi	r23, 0xFF	; 255
     bcc:	80 e0       	ldi	r24, 0x00	; 0
     bce:	90 e0       	ldi	r25, 0x00	; 0
     bd0:	a6 22       	and	r10, r22
     bd2:	b7 22       	and	r11, r23
     bd4:	c8 22       	and	r12, r24
     bd6:	d9 22       	and	r13, r25
     bd8:	89 a1       	ldd	r24, Y+33	; 0x21
     bda:	9a a1       	ldd	r25, Y+34	; 0x22
     bdc:	ab a1       	ldd	r26, Y+35	; 0x23
     bde:	bc a1       	ldd	r27, Y+36	; 0x24
     be0:	1d 01       	movw	r2, r26
     be2:	44 24       	eor	r4, r4
     be4:	55 24       	eor	r5, r5
     be6:	c8 01       	movw	r24, r16
     be8:	b7 01       	movw	r22, r14
     bea:	a6 01       	movw	r20, r12
     bec:	95 01       	movw	r18, r10
     bee:	0e 94 7e 15 	call	0x2afc	; 0x2afc <__mulsi3>
     bf2:	69 96       	adiw	r28, 0x19	; 25
     bf4:	6c af       	std	Y+60, r22	; 0x3c
     bf6:	7d af       	std	Y+61, r23	; 0x3d
     bf8:	8e af       	std	Y+62, r24	; 0x3e
     bfa:	9f af       	std	Y+63, r25	; 0x3f
     bfc:	69 97       	sbiw	r28, 0x19	; 25
     bfe:	c8 01       	movw	r24, r16
     c00:	b7 01       	movw	r22, r14
     c02:	a2 01       	movw	r20, r4
     c04:	91 01       	movw	r18, r2
     c06:	0e 94 7e 15 	call	0x2afc	; 0x2afc <__mulsi3>
     c0a:	3b 01       	movw	r6, r22
     c0c:	4c 01       	movw	r8, r24
     c0e:	6d 96       	adiw	r28, 0x1d	; 29
     c10:	6c ad       	ldd	r22, Y+60	; 0x3c
     c12:	7d ad       	ldd	r23, Y+61	; 0x3d
     c14:	8e ad       	ldd	r24, Y+62	; 0x3e
     c16:	9f ad       	ldd	r25, Y+63	; 0x3f
     c18:	6d 97       	sbiw	r28, 0x1d	; 29
     c1a:	a6 01       	movw	r20, r12
     c1c:	95 01       	movw	r18, r10
     c1e:	0e 94 7e 15 	call	0x2afc	; 0x2afc <__mulsi3>
     c22:	7b 01       	movw	r14, r22
     c24:	8c 01       	movw	r16, r24
     c26:	6d 96       	adiw	r28, 0x1d	; 29
     c28:	6c ad       	ldd	r22, Y+60	; 0x3c
     c2a:	7d ad       	ldd	r23, Y+61	; 0x3d
     c2c:	8e ad       	ldd	r24, Y+62	; 0x3e
     c2e:	9f ad       	ldd	r25, Y+63	; 0x3f
     c30:	6d 97       	sbiw	r28, 0x1d	; 29
     c32:	a2 01       	movw	r20, r4
     c34:	91 01       	movw	r18, r2
     c36:	0e 94 7e 15 	call	0x2afc	; 0x2afc <__mulsi3>
     c3a:	5b 01       	movw	r10, r22
     c3c:	6c 01       	movw	r12, r24
     c3e:	a8 01       	movw	r20, r16
     c40:	97 01       	movw	r18, r14
     c42:	26 0d       	add	r18, r6
     c44:	37 1d       	adc	r19, r7
     c46:	48 1d       	adc	r20, r8
     c48:	59 1d       	adc	r21, r9
     c4a:	69 96       	adiw	r28, 0x19	; 25
     c4c:	6c ac       	ldd	r6, Y+60	; 0x3c
     c4e:	7d ac       	ldd	r7, Y+61	; 0x3d
     c50:	8e ac       	ldd	r8, Y+62	; 0x3e
     c52:	9f ac       	ldd	r9, Y+63	; 0x3f
     c54:	69 97       	sbiw	r28, 0x19	; 25
     c56:	c4 01       	movw	r24, r8
     c58:	aa 27       	eor	r26, r26
     c5a:	bb 27       	eor	r27, r27
     c5c:	28 0f       	add	r18, r24
     c5e:	39 1f       	adc	r19, r25
     c60:	4a 1f       	adc	r20, r26
     c62:	5b 1f       	adc	r21, r27
     c64:	2e 15       	cp	r18, r14
     c66:	3f 05       	cpc	r19, r15
     c68:	40 07       	cpc	r20, r16
     c6a:	51 07       	cpc	r21, r17
     c6c:	48 f4       	brcc	.+18     	; 0xc80 <__stack+0x421>
     c6e:	e1 2c       	mov	r14, r1
     c70:	f1 2c       	mov	r15, r1
     c72:	61 e0       	ldi	r22, 0x01	; 1
     c74:	06 2f       	mov	r16, r22
     c76:	11 2d       	mov	r17, r1
     c78:	ae 0c       	add	r10, r14
     c7a:	bf 1c       	adc	r11, r15
     c7c:	c0 1e       	adc	r12, r16
     c7e:	d1 1e       	adc	r13, r17
     c80:	ca 01       	movw	r24, r20
     c82:	aa 27       	eor	r26, r26
     c84:	bb 27       	eor	r27, r27
     c86:	bc 01       	movw	r22, r24
     c88:	cd 01       	movw	r24, r26
     c8a:	6a 0d       	add	r22, r10
     c8c:	7b 1d       	adc	r23, r11
     c8e:	8c 1d       	adc	r24, r12
     c90:	9d 1d       	adc	r25, r13
     c92:	69 8c       	ldd	r6, Y+25	; 0x19
     c94:	7a 8c       	ldd	r7, Y+26	; 0x1a
     c96:	8b 8c       	ldd	r8, Y+27	; 0x1b
     c98:	9c 8c       	ldd	r9, Y+28	; 0x1c
     c9a:	66 16       	cp	r6, r22
     c9c:	77 06       	cpc	r7, r23
     c9e:	88 06       	cpc	r8, r24
     ca0:	99 06       	cpc	r9, r25
     ca2:	40 f1       	brcs	.+80     	; 0xcf4 <__stack+0x495>
     ca4:	66 15       	cp	r22, r6
     ca6:	77 05       	cpc	r23, r7
     ca8:	88 05       	cpc	r24, r8
     caa:	99 05       	cpc	r25, r9
     cac:	09 f0       	breq	.+2      	; 0xcb0 <__stack+0x451>
     cae:	43 c0       	rjmp	.+134    	; 0xd36 <__stack+0x4d7>
     cb0:	d9 01       	movw	r26, r18
     cb2:	99 27       	eor	r25, r25
     cb4:	88 27       	eor	r24, r24
     cb6:	69 96       	adiw	r28, 0x19	; 25
     cb8:	2c ad       	ldd	r18, Y+60	; 0x3c
     cba:	3d ad       	ldd	r19, Y+61	; 0x3d
     cbc:	4e ad       	ldd	r20, Y+62	; 0x3e
     cbe:	5f ad       	ldd	r21, Y+63	; 0x3f
     cc0:	69 97       	sbiw	r28, 0x19	; 25
     cc2:	40 70       	andi	r20, 0x00	; 0
     cc4:	50 70       	andi	r21, 0x00	; 0
     cc6:	82 0f       	add	r24, r18
     cc8:	93 1f       	adc	r25, r19
     cca:	a4 1f       	adc	r26, r20
     ccc:	b5 1f       	adc	r27, r21
     cce:	2d a5       	ldd	r18, Y+45	; 0x2d
     cd0:	3e a5       	ldd	r19, Y+46	; 0x2e
     cd2:	4f a5       	ldd	r20, Y+47	; 0x2f
     cd4:	58 a9       	ldd	r21, Y+48	; 0x30
     cd6:	6e 96       	adiw	r28, 0x1e	; 30
     cd8:	0f ac       	ldd	r0, Y+63	; 0x3f
     cda:	6e 97       	sbiw	r28, 0x1e	; 30
     cdc:	04 c0       	rjmp	.+8      	; 0xce6 <__stack+0x487>
     cde:	22 0f       	add	r18, r18
     ce0:	33 1f       	adc	r19, r19
     ce2:	44 1f       	adc	r20, r20
     ce4:	55 1f       	adc	r21, r21
     ce6:	0a 94       	dec	r0
     ce8:	d2 f7       	brpl	.-12     	; 0xcde <__stack+0x47f>
     cea:	28 17       	cp	r18, r24
     cec:	39 07       	cpc	r19, r25
     cee:	4a 07       	cpc	r20, r26
     cf0:	5b 07       	cpc	r21, r27
     cf2:	08 f5       	brcc	.+66     	; 0xd36 <__stack+0x4d7>
     cf4:	09 a9       	ldd	r16, Y+49	; 0x31
     cf6:	1a a9       	ldd	r17, Y+50	; 0x32
     cf8:	2b a9       	ldd	r18, Y+51	; 0x33
     cfa:	3c a9       	ldd	r19, Y+52	; 0x34
     cfc:	01 50       	subi	r16, 0x01	; 1
     cfe:	10 40       	sbci	r17, 0x00	; 0
     d00:	20 40       	sbci	r18, 0x00	; 0
     d02:	30 40       	sbci	r19, 0x00	; 0
     d04:	09 ab       	std	Y+49, r16	; 0x31
     d06:	1a ab       	std	Y+50, r17	; 0x32
     d08:	2b ab       	std	Y+51, r18	; 0x33
     d0a:	3c ab       	std	Y+52, r19	; 0x34
     d0c:	14 c0       	rjmp	.+40     	; 0xd36 <__stack+0x4d7>
     d0e:	66 24       	eor	r6, r6
     d10:	77 24       	eor	r7, r7
     d12:	43 01       	movw	r8, r6
     d14:	21 e0       	ldi	r18, 0x01	; 1
     d16:	30 e0       	ldi	r19, 0x00	; 0
     d18:	40 e0       	ldi	r20, 0x00	; 0
     d1a:	50 e0       	ldi	r21, 0x00	; 0
     d1c:	29 ab       	std	Y+49, r18	; 0x31
     d1e:	3a ab       	std	Y+50, r19	; 0x32
     d20:	4b ab       	std	Y+51, r20	; 0x33
     d22:	5c ab       	std	Y+52, r21	; 0x34
     d24:	0b c0       	rjmp	.+22     	; 0xd3c <__stack+0x4dd>
     d26:	66 24       	eor	r6, r6
     d28:	77 24       	eor	r7, r7
     d2a:	43 01       	movw	r8, r6
     d2c:	19 aa       	std	Y+49, r1	; 0x31
     d2e:	1a aa       	std	Y+50, r1	; 0x32
     d30:	1b aa       	std	Y+51, r1	; 0x33
     d32:	1c aa       	std	Y+52, r1	; 0x34
     d34:	03 c0       	rjmp	.+6      	; 0xd3c <__stack+0x4dd>
     d36:	66 24       	eor	r6, r6
     d38:	77 24       	eor	r7, r7
     d3a:	43 01       	movw	r8, r6
     d3c:	fe 01       	movw	r30, r28
     d3e:	71 96       	adiw	r30, 0x11	; 17
     d40:	88 e0       	ldi	r24, 0x08	; 8
     d42:	df 01       	movw	r26, r30
     d44:	1d 92       	st	X+, r1
     d46:	8a 95       	dec	r24
     d48:	e9 f7       	brne	.-6      	; 0xd44 <__stack+0x4e5>
     d4a:	a9 a8       	ldd	r10, Y+49	; 0x31
     d4c:	ba a8       	ldd	r11, Y+50	; 0x32
     d4e:	cb a8       	ldd	r12, Y+51	; 0x33
     d50:	dc a8       	ldd	r13, Y+52	; 0x34
     d52:	a9 8a       	std	Y+17, r10	; 0x11
     d54:	ba 8a       	std	Y+18, r11	; 0x12
     d56:	cb 8a       	std	Y+19, r12	; 0x13
     d58:	dc 8a       	std	Y+20, r13	; 0x14
     d5a:	6d 8a       	std	Y+21, r6	; 0x15
     d5c:	7e 8a       	std	Y+22, r7	; 0x16
     d5e:	8f 8a       	std	Y+23, r8	; 0x17
     d60:	98 8e       	std	Y+24, r9	; 0x18
     d62:	29 a9       	ldd	r18, Y+49	; 0x31
     d64:	3a 89       	ldd	r19, Y+18	; 0x12
     d66:	4b 89       	ldd	r20, Y+19	; 0x13
     d68:	5c 89       	ldd	r21, Y+20	; 0x14
     d6a:	66 2d       	mov	r22, r6
     d6c:	7e 89       	ldd	r23, Y+22	; 0x16
     d6e:	8f 89       	ldd	r24, Y+23	; 0x17
     d70:	98 8d       	ldd	r25, Y+24	; 0x18
     d72:	c2 5a       	subi	r28, 0xA2	; 162
     d74:	df 4f       	sbci	r29, 0xFF	; 255
     d76:	e2 e1       	ldi	r30, 0x12	; 18
     d78:	0c 94 db 15 	jmp	0x2bb6	; 0x2bb6 <__epilogue_restores__>

00000d7c <__umoddi3>:
     d7c:	ab e5       	ldi	r26, 0x5B	; 91
     d7e:	b0 e0       	ldi	r27, 0x00	; 0
     d80:	e4 ec       	ldi	r30, 0xC4	; 196
     d82:	f6 e0       	ldi	r31, 0x06	; 6
     d84:	0c 94 bf 15 	jmp	0x2b7e	; 0x2b7e <__prologue_saves__>
     d88:	a8 e0       	ldi	r26, 0x08	; 8
     d8a:	4e 01       	movw	r8, r28
     d8c:	08 94       	sec
     d8e:	81 1c       	adc	r8, r1
     d90:	91 1c       	adc	r9, r1
     d92:	f4 01       	movw	r30, r8
     d94:	6a 2e       	mov	r6, r26
     d96:	11 92       	st	Z+, r1
     d98:	6a 94       	dec	r6
     d9a:	e9 f7       	brne	.-6      	; 0xd96 <__umoddi3+0x1a>
     d9c:	29 83       	std	Y+1, r18	; 0x01
     d9e:	3a 83       	std	Y+2, r19	; 0x02
     da0:	4b 83       	std	Y+3, r20	; 0x03
     da2:	5c 83       	std	Y+4, r21	; 0x04
     da4:	6d 83       	std	Y+5, r22	; 0x05
     da6:	7e 83       	std	Y+6, r23	; 0x06
     da8:	8f 83       	std	Y+7, r24	; 0x07
     daa:	98 87       	std	Y+8, r25	; 0x08
     dac:	ce 01       	movw	r24, r28
     dae:	09 96       	adiw	r24, 0x09	; 9
     db0:	fc 01       	movw	r30, r24
     db2:	11 92       	st	Z+, r1
     db4:	aa 95       	dec	r26
     db6:	e9 f7       	brne	.-6      	; 0xdb2 <__umoddi3+0x36>
     db8:	a9 86       	std	Y+9, r10	; 0x09
     dba:	ba 86       	std	Y+10, r11	; 0x0a
     dbc:	cb 86       	std	Y+11, r12	; 0x0b
     dbe:	dc 86       	std	Y+12, r13	; 0x0c
     dc0:	ed 86       	std	Y+13, r14	; 0x0d
     dc2:	fe 86       	std	Y+14, r15	; 0x0e
     dc4:	0f 87       	std	Y+15, r16	; 0x0f
     dc6:	18 8b       	std	Y+16, r17	; 0x10
     dc8:	29 84       	ldd	r2, Y+9	; 0x09
     dca:	3a 84       	ldd	r3, Y+10	; 0x0a
     dcc:	4b 84       	ldd	r4, Y+11	; 0x0b
     dce:	5c 84       	ldd	r5, Y+12	; 0x0c
     dd0:	ad 84       	ldd	r10, Y+13	; 0x0d
     dd2:	be 84       	ldd	r11, Y+14	; 0x0e
     dd4:	cf 84       	ldd	r12, Y+15	; 0x0f
     dd6:	d8 88       	ldd	r13, Y+16	; 0x10
     dd8:	29 81       	ldd	r18, Y+1	; 0x01
     dda:	3a 81       	ldd	r19, Y+2	; 0x02
     ddc:	4b 81       	ldd	r20, Y+3	; 0x03
     dde:	5c 81       	ldd	r21, Y+4	; 0x04
     de0:	69 96       	adiw	r28, 0x19	; 25
     de2:	2f af       	std	Y+63, r18	; 0x3f
     de4:	69 97       	sbiw	r28, 0x19	; 25
     de6:	6a 96       	adiw	r28, 0x1a	; 26
     de8:	3f af       	std	Y+63, r19	; 0x3f
     dea:	6a 97       	sbiw	r28, 0x1a	; 26
     dec:	6b 96       	adiw	r28, 0x1b	; 27
     dee:	4f af       	std	Y+63, r20	; 0x3f
     df0:	6b 97       	sbiw	r28, 0x1b	; 27
     df2:	6c 96       	adiw	r28, 0x1c	; 28
     df4:	5f af       	std	Y+63, r21	; 0x3f
     df6:	6c 97       	sbiw	r28, 0x1c	; 28
     df8:	6c 96       	adiw	r28, 0x1c	; 28
     dfa:	6c ac       	ldd	r6, Y+60	; 0x3c
     dfc:	7d ac       	ldd	r7, Y+61	; 0x3d
     dfe:	8e ac       	ldd	r8, Y+62	; 0x3e
     e00:	9f ac       	ldd	r9, Y+63	; 0x3f
     e02:	6c 97       	sbiw	r28, 0x1c	; 28
     e04:	69 aa       	std	Y+49, r6	; 0x31
     e06:	7a aa       	std	Y+50, r7	; 0x32
     e08:	8b aa       	std	Y+51, r8	; 0x33
     e0a:	9c aa       	std	Y+52, r9	; 0x34
     e0c:	6d 81       	ldd	r22, Y+5	; 0x05
     e0e:	7e 81       	ldd	r23, Y+6	; 0x06
     e10:	8f 81       	ldd	r24, Y+7	; 0x07
     e12:	98 85       	ldd	r25, Y+8	; 0x08
     e14:	3b 01       	movw	r6, r22
     e16:	4c 01       	movw	r8, r24
     e18:	6d aa       	std	Y+53, r6	; 0x35
     e1a:	7e aa       	std	Y+54, r7	; 0x36
     e1c:	8f aa       	std	Y+55, r8	; 0x37
     e1e:	98 ae       	std	Y+56, r9	; 0x38
     e20:	a1 14       	cp	r10, r1
     e22:	b1 04       	cpc	r11, r1
     e24:	c1 04       	cpc	r12, r1
     e26:	d1 04       	cpc	r13, r1
     e28:	09 f0       	breq	.+2      	; 0xe2c <__umoddi3+0xb0>
     e2a:	04 c3       	rjmp	.+1544   	; 0x1434 <__umoddi3+0x6b8>
     e2c:	62 14       	cp	r6, r2
     e2e:	73 04       	cpc	r7, r3
     e30:	84 04       	cpc	r8, r4
     e32:	95 04       	cpc	r9, r5
     e34:	08 f0       	brcs	.+2      	; 0xe38 <__umoddi3+0xbc>
     e36:	00 c1       	rjmp	.+512    	; 0x1038 <__umoddi3+0x2bc>
     e38:	00 e0       	ldi	r16, 0x00	; 0
     e3a:	20 16       	cp	r2, r16
     e3c:	00 e0       	ldi	r16, 0x00	; 0
     e3e:	30 06       	cpc	r3, r16
     e40:	01 e0       	ldi	r16, 0x01	; 1
     e42:	40 06       	cpc	r4, r16
     e44:	00 e0       	ldi	r16, 0x00	; 0
     e46:	50 06       	cpc	r5, r16
     e48:	88 f4       	brcc	.+34     	; 0xe6c <__umoddi3+0xf0>
     e4a:	1f ef       	ldi	r17, 0xFF	; 255
     e4c:	21 16       	cp	r2, r17
     e4e:	31 04       	cpc	r3, r1
     e50:	41 04       	cpc	r4, r1
     e52:	51 04       	cpc	r5, r1
     e54:	39 f0       	breq	.+14     	; 0xe64 <__umoddi3+0xe8>
     e56:	30 f0       	brcs	.+12     	; 0xe64 <__umoddi3+0xe8>
     e58:	88 e0       	ldi	r24, 0x08	; 8
     e5a:	e8 2e       	mov	r14, r24
     e5c:	f1 2c       	mov	r15, r1
     e5e:	01 2d       	mov	r16, r1
     e60:	11 2d       	mov	r17, r1
     e62:	18 c0       	rjmp	.+48     	; 0xe94 <__umoddi3+0x118>
     e64:	ee 24       	eor	r14, r14
     e66:	ff 24       	eor	r15, r15
     e68:	87 01       	movw	r16, r14
     e6a:	14 c0       	rjmp	.+40     	; 0xe94 <__umoddi3+0x118>
     e6c:	40 e0       	ldi	r20, 0x00	; 0
     e6e:	24 16       	cp	r2, r20
     e70:	40 e0       	ldi	r20, 0x00	; 0
     e72:	34 06       	cpc	r3, r20
     e74:	40 e0       	ldi	r20, 0x00	; 0
     e76:	44 06       	cpc	r4, r20
     e78:	41 e0       	ldi	r20, 0x01	; 1
     e7a:	54 06       	cpc	r5, r20
     e7c:	30 f0       	brcs	.+12     	; 0xe8a <__umoddi3+0x10e>
     e7e:	b8 e1       	ldi	r27, 0x18	; 24
     e80:	eb 2e       	mov	r14, r27
     e82:	f1 2c       	mov	r15, r1
     e84:	01 2d       	mov	r16, r1
     e86:	11 2d       	mov	r17, r1
     e88:	05 c0       	rjmp	.+10     	; 0xe94 <__umoddi3+0x118>
     e8a:	a0 e1       	ldi	r26, 0x10	; 16
     e8c:	ea 2e       	mov	r14, r26
     e8e:	f1 2c       	mov	r15, r1
     e90:	01 2d       	mov	r16, r1
     e92:	11 2d       	mov	r17, r1
     e94:	d2 01       	movw	r26, r4
     e96:	c1 01       	movw	r24, r2
     e98:	0e 2c       	mov	r0, r14
     e9a:	04 c0       	rjmp	.+8      	; 0xea4 <__umoddi3+0x128>
     e9c:	b6 95       	lsr	r27
     e9e:	a7 95       	ror	r26
     ea0:	97 95       	ror	r25
     ea2:	87 95       	ror	r24
     ea4:	0a 94       	dec	r0
     ea6:	d2 f7       	brpl	.-12     	; 0xe9c <__umoddi3+0x120>
     ea8:	8b 51       	subi	r24, 0x1B	; 27
     eaa:	9f 4f       	sbci	r25, 0xFF	; 255
     eac:	dc 01       	movw	r26, r24
     eae:	2c 91       	ld	r18, X
     eb0:	80 e2       	ldi	r24, 0x20	; 32
     eb2:	90 e0       	ldi	r25, 0x00	; 0
     eb4:	a0 e0       	ldi	r26, 0x00	; 0
     eb6:	b0 e0       	ldi	r27, 0x00	; 0
     eb8:	8e 19       	sub	r24, r14
     eba:	9f 09       	sbc	r25, r15
     ebc:	a0 0b       	sbc	r26, r16
     ebe:	b1 0b       	sbc	r27, r17
     ec0:	5c 01       	movw	r10, r24
     ec2:	6d 01       	movw	r12, r26
     ec4:	a2 1a       	sub	r10, r18
     ec6:	b1 08       	sbc	r11, r1
     ec8:	c1 08       	sbc	r12, r1
     eca:	d1 08       	sbc	r13, r1
     ecc:	a9 ae       	std	Y+57, r10	; 0x39
     ece:	ba ae       	std	Y+58, r11	; 0x3a
     ed0:	cb ae       	std	Y+59, r12	; 0x3b
     ed2:	dc ae       	std	Y+60, r13	; 0x3c
     ed4:	a1 14       	cp	r10, r1
     ed6:	b1 04       	cpc	r11, r1
     ed8:	c1 04       	cpc	r12, r1
     eda:	d1 04       	cpc	r13, r1
     edc:	09 f4       	brne	.+2      	; 0xee0 <__umoddi3+0x164>
     ede:	3f c0       	rjmp	.+126    	; 0xf5e <__umoddi3+0x1e2>
     ee0:	69 ad       	ldd	r22, Y+57	; 0x39
     ee2:	06 2e       	mov	r0, r22
     ee4:	04 c0       	rjmp	.+8      	; 0xeee <__umoddi3+0x172>
     ee6:	22 0c       	add	r2, r2
     ee8:	33 1c       	adc	r3, r3
     eea:	44 1c       	adc	r4, r4
     eec:	55 1c       	adc	r5, r5
     eee:	0a 94       	dec	r0
     ef0:	d2 f7       	brpl	.-12     	; 0xee6 <__umoddi3+0x16a>
     ef2:	a4 01       	movw	r20, r8
     ef4:	93 01       	movw	r18, r6
     ef6:	06 2e       	mov	r0, r22
     ef8:	04 c0       	rjmp	.+8      	; 0xf02 <__umoddi3+0x186>
     efa:	22 0f       	add	r18, r18
     efc:	33 1f       	adc	r19, r19
     efe:	44 1f       	adc	r20, r20
     f00:	55 1f       	adc	r21, r21
     f02:	0a 94       	dec	r0
     f04:	d2 f7       	brpl	.-12     	; 0xefa <__umoddi3+0x17e>
     f06:	80 e2       	ldi	r24, 0x20	; 32
     f08:	90 e0       	ldi	r25, 0x00	; 0
     f0a:	8a 19       	sub	r24, r10
     f0c:	9b 09       	sbc	r25, r11
     f0e:	6c 96       	adiw	r28, 0x1c	; 28
     f10:	cc ac       	ldd	r12, Y+60	; 0x3c
     f12:	dd ac       	ldd	r13, Y+61	; 0x3d
     f14:	ee ac       	ldd	r14, Y+62	; 0x3e
     f16:	ff ac       	ldd	r15, Y+63	; 0x3f
     f18:	6c 97       	sbiw	r28, 0x1c	; 28
     f1a:	04 c0       	rjmp	.+8      	; 0xf24 <__umoddi3+0x1a8>
     f1c:	f6 94       	lsr	r15
     f1e:	e7 94       	ror	r14
     f20:	d7 94       	ror	r13
     f22:	c7 94       	ror	r12
     f24:	8a 95       	dec	r24
     f26:	d2 f7       	brpl	.-12     	; 0xf1c <__umoddi3+0x1a0>
     f28:	87 01       	movw	r16, r14
     f2a:	76 01       	movw	r14, r12
     f2c:	e2 2a       	or	r14, r18
     f2e:	f3 2a       	or	r15, r19
     f30:	04 2b       	or	r16, r20
     f32:	15 2b       	or	r17, r21
     f34:	ed aa       	std	Y+53, r14	; 0x35
     f36:	fe aa       	std	Y+54, r15	; 0x36
     f38:	0f ab       	std	Y+55, r16	; 0x37
     f3a:	18 af       	std	Y+56, r17	; 0x38
     f3c:	6c 96       	adiw	r28, 0x1c	; 28
     f3e:	8c ad       	ldd	r24, Y+60	; 0x3c
     f40:	9d ad       	ldd	r25, Y+61	; 0x3d
     f42:	ae ad       	ldd	r26, Y+62	; 0x3e
     f44:	bf ad       	ldd	r27, Y+63	; 0x3f
     f46:	6c 97       	sbiw	r28, 0x1c	; 28
     f48:	04 c0       	rjmp	.+8      	; 0xf52 <__umoddi3+0x1d6>
     f4a:	88 0f       	add	r24, r24
     f4c:	99 1f       	adc	r25, r25
     f4e:	aa 1f       	adc	r26, r26
     f50:	bb 1f       	adc	r27, r27
     f52:	6a 95       	dec	r22
     f54:	d2 f7       	brpl	.-12     	; 0xf4a <__umoddi3+0x1ce>
     f56:	89 ab       	std	Y+49, r24	; 0x31
     f58:	9a ab       	std	Y+50, r25	; 0x32
     f5a:	ab ab       	std	Y+51, r26	; 0x33
     f5c:	bc ab       	std	Y+52, r27	; 0x34
     f5e:	32 01       	movw	r6, r4
     f60:	88 24       	eor	r8, r8
     f62:	99 24       	eor	r9, r9
     f64:	b2 01       	movw	r22, r4
     f66:	a1 01       	movw	r20, r2
     f68:	60 70       	andi	r22, 0x00	; 0
     f6a:	70 70       	andi	r23, 0x00	; 0
     f6c:	21 96       	adiw	r28, 0x01	; 1
     f6e:	4c af       	std	Y+60, r20	; 0x3c
     f70:	5d af       	std	Y+61, r21	; 0x3d
     f72:	6e af       	std	Y+62, r22	; 0x3e
     f74:	7f af       	std	Y+63, r23	; 0x3f
     f76:	21 97       	sbiw	r28, 0x01	; 1
     f78:	6d a9       	ldd	r22, Y+53	; 0x35
     f7a:	7e a9       	ldd	r23, Y+54	; 0x36
     f7c:	8f a9       	ldd	r24, Y+55	; 0x37
     f7e:	98 ad       	ldd	r25, Y+56	; 0x38
     f80:	a4 01       	movw	r20, r8
     f82:	93 01       	movw	r18, r6
     f84:	0e 94 9d 15 	call	0x2b3a	; 0x2b3a <__udivmodsi4>
     f88:	7b 01       	movw	r14, r22
     f8a:	8c 01       	movw	r16, r24
     f8c:	6d a9       	ldd	r22, Y+53	; 0x35
     f8e:	7e a9       	ldd	r23, Y+54	; 0x36
     f90:	8f a9       	ldd	r24, Y+55	; 0x37
     f92:	98 ad       	ldd	r25, Y+56	; 0x38
     f94:	a4 01       	movw	r20, r8
     f96:	93 01       	movw	r18, r6
     f98:	0e 94 9d 15 	call	0x2b3a	; 0x2b3a <__udivmodsi4>
     f9c:	ca 01       	movw	r24, r20
     f9e:	b9 01       	movw	r22, r18
     fa0:	21 96       	adiw	r28, 0x01	; 1
     fa2:	2c ad       	ldd	r18, Y+60	; 0x3c
     fa4:	3d ad       	ldd	r19, Y+61	; 0x3d
     fa6:	4e ad       	ldd	r20, Y+62	; 0x3e
     fa8:	5f ad       	ldd	r21, Y+63	; 0x3f
     faa:	21 97       	sbiw	r28, 0x01	; 1
     fac:	0e 94 7e 15 	call	0x2afc	; 0x2afc <__mulsi3>
     fb0:	9b 01       	movw	r18, r22
     fb2:	ac 01       	movw	r20, r24
     fb4:	87 01       	movw	r16, r14
     fb6:	ff 24       	eor	r15, r15
     fb8:	ee 24       	eor	r14, r14
     fba:	a9 a8       	ldd	r10, Y+49	; 0x31
     fbc:	ba a8       	ldd	r11, Y+50	; 0x32
     fbe:	cb a8       	ldd	r12, Y+51	; 0x33
     fc0:	dc a8       	ldd	r13, Y+52	; 0x34
     fc2:	c6 01       	movw	r24, r12
     fc4:	aa 27       	eor	r26, r26
     fc6:	bb 27       	eor	r27, r27
     fc8:	57 01       	movw	r10, r14
     fca:	68 01       	movw	r12, r16
     fcc:	a8 2a       	or	r10, r24
     fce:	b9 2a       	or	r11, r25
     fd0:	ca 2a       	or	r12, r26
     fd2:	db 2a       	or	r13, r27
     fd4:	a2 16       	cp	r10, r18
     fd6:	b3 06       	cpc	r11, r19
     fd8:	c4 06       	cpc	r12, r20
     fda:	d5 06       	cpc	r13, r21
     fdc:	90 f4       	brcc	.+36     	; 0x1002 <__umoddi3+0x286>
     fde:	a2 0c       	add	r10, r2
     fe0:	b3 1c       	adc	r11, r3
     fe2:	c4 1c       	adc	r12, r4
     fe4:	d5 1c       	adc	r13, r5
     fe6:	a2 14       	cp	r10, r2
     fe8:	b3 04       	cpc	r11, r3
     fea:	c4 04       	cpc	r12, r4
     fec:	d5 04       	cpc	r13, r5
     fee:	48 f0       	brcs	.+18     	; 0x1002 <__umoddi3+0x286>
     ff0:	a2 16       	cp	r10, r18
     ff2:	b3 06       	cpc	r11, r19
     ff4:	c4 06       	cpc	r12, r20
     ff6:	d5 06       	cpc	r13, r21
     ff8:	20 f4       	brcc	.+8      	; 0x1002 <__umoddi3+0x286>
     ffa:	a2 0c       	add	r10, r2
     ffc:	b3 1c       	adc	r11, r3
     ffe:	c4 1c       	adc	r12, r4
    1000:	d5 1c       	adc	r13, r5
    1002:	a2 1a       	sub	r10, r18
    1004:	b3 0a       	sbc	r11, r19
    1006:	c4 0a       	sbc	r12, r20
    1008:	d5 0a       	sbc	r13, r21
    100a:	c6 01       	movw	r24, r12
    100c:	b5 01       	movw	r22, r10
    100e:	a4 01       	movw	r20, r8
    1010:	93 01       	movw	r18, r6
    1012:	0e 94 9d 15 	call	0x2b3a	; 0x2b3a <__udivmodsi4>
    1016:	7b 01       	movw	r14, r22
    1018:	8c 01       	movw	r16, r24
    101a:	c6 01       	movw	r24, r12
    101c:	b5 01       	movw	r22, r10
    101e:	a4 01       	movw	r20, r8
    1020:	93 01       	movw	r18, r6
    1022:	0e 94 9d 15 	call	0x2b3a	; 0x2b3a <__udivmodsi4>
    1026:	ca 01       	movw	r24, r20
    1028:	b9 01       	movw	r22, r18
    102a:	21 96       	adiw	r28, 0x01	; 1
    102c:	2c ad       	ldd	r18, Y+60	; 0x3c
    102e:	3d ad       	ldd	r19, Y+61	; 0x3d
    1030:	4e ad       	ldd	r20, Y+62	; 0x3e
    1032:	5f ad       	ldd	r21, Y+63	; 0x3f
    1034:	21 97       	sbiw	r28, 0x01	; 1
    1036:	ba c1       	rjmp	.+884    	; 0x13ac <__umoddi3+0x630>
    1038:	21 14       	cp	r2, r1
    103a:	31 04       	cpc	r3, r1
    103c:	41 04       	cpc	r4, r1
    103e:	51 04       	cpc	r5, r1
    1040:	71 f4       	brne	.+28     	; 0x105e <__umoddi3+0x2e2>
    1042:	61 e0       	ldi	r22, 0x01	; 1
    1044:	70 e0       	ldi	r23, 0x00	; 0
    1046:	80 e0       	ldi	r24, 0x00	; 0
    1048:	90 e0       	ldi	r25, 0x00	; 0
    104a:	20 e0       	ldi	r18, 0x00	; 0
    104c:	30 e0       	ldi	r19, 0x00	; 0
    104e:	40 e0       	ldi	r20, 0x00	; 0
    1050:	50 e0       	ldi	r21, 0x00	; 0
    1052:	0e 94 9d 15 	call	0x2b3a	; 0x2b3a <__udivmodsi4>
    1056:	c9 01       	movw	r24, r18
    1058:	da 01       	movw	r26, r20
    105a:	1c 01       	movw	r2, r24
    105c:	2d 01       	movw	r4, r26
    105e:	00 e0       	ldi	r16, 0x00	; 0
    1060:	20 16       	cp	r2, r16
    1062:	00 e0       	ldi	r16, 0x00	; 0
    1064:	30 06       	cpc	r3, r16
    1066:	01 e0       	ldi	r16, 0x01	; 1
    1068:	40 06       	cpc	r4, r16
    106a:	00 e0       	ldi	r16, 0x00	; 0
    106c:	50 06       	cpc	r5, r16
    106e:	88 f4       	brcc	.+34     	; 0x1092 <__umoddi3+0x316>
    1070:	1f ef       	ldi	r17, 0xFF	; 255
    1072:	21 16       	cp	r2, r17
    1074:	31 04       	cpc	r3, r1
    1076:	41 04       	cpc	r4, r1
    1078:	51 04       	cpc	r5, r1
    107a:	39 f0       	breq	.+14     	; 0x108a <__umoddi3+0x30e>
    107c:	30 f0       	brcs	.+12     	; 0x108a <__umoddi3+0x30e>
    107e:	68 e0       	ldi	r22, 0x08	; 8
    1080:	e6 2e       	mov	r14, r22
    1082:	f1 2c       	mov	r15, r1
    1084:	01 2d       	mov	r16, r1
    1086:	11 2d       	mov	r17, r1
    1088:	18 c0       	rjmp	.+48     	; 0x10ba <__umoddi3+0x33e>
    108a:	ee 24       	eor	r14, r14
    108c:	ff 24       	eor	r15, r15
    108e:	87 01       	movw	r16, r14
    1090:	14 c0       	rjmp	.+40     	; 0x10ba <__umoddi3+0x33e>
    1092:	40 e0       	ldi	r20, 0x00	; 0
    1094:	24 16       	cp	r2, r20
    1096:	40 e0       	ldi	r20, 0x00	; 0
    1098:	34 06       	cpc	r3, r20
    109a:	40 e0       	ldi	r20, 0x00	; 0
    109c:	44 06       	cpc	r4, r20
    109e:	41 e0       	ldi	r20, 0x01	; 1
    10a0:	54 06       	cpc	r5, r20
    10a2:	30 f0       	brcs	.+12     	; 0x10b0 <__umoddi3+0x334>
    10a4:	58 e1       	ldi	r21, 0x18	; 24
    10a6:	e5 2e       	mov	r14, r21
    10a8:	f1 2c       	mov	r15, r1
    10aa:	01 2d       	mov	r16, r1
    10ac:	11 2d       	mov	r17, r1
    10ae:	05 c0       	rjmp	.+10     	; 0x10ba <__umoddi3+0x33e>
    10b0:	40 e1       	ldi	r20, 0x10	; 16
    10b2:	e4 2e       	mov	r14, r20
    10b4:	f1 2c       	mov	r15, r1
    10b6:	01 2d       	mov	r16, r1
    10b8:	11 2d       	mov	r17, r1
    10ba:	d2 01       	movw	r26, r4
    10bc:	c1 01       	movw	r24, r2
    10be:	0e 2c       	mov	r0, r14
    10c0:	04 c0       	rjmp	.+8      	; 0x10ca <__umoddi3+0x34e>
    10c2:	b6 95       	lsr	r27
    10c4:	a7 95       	ror	r26
    10c6:	97 95       	ror	r25
    10c8:	87 95       	ror	r24
    10ca:	0a 94       	dec	r0
    10cc:	d2 f7       	brpl	.-12     	; 0x10c2 <__umoddi3+0x346>
    10ce:	8b 51       	subi	r24, 0x1B	; 27
    10d0:	9f 4f       	sbci	r25, 0xFF	; 255
    10d2:	dc 01       	movw	r26, r24
    10d4:	2c 91       	ld	r18, X
    10d6:	30 e2       	ldi	r19, 0x20	; 32
    10d8:	a3 2e       	mov	r10, r19
    10da:	b1 2c       	mov	r11, r1
    10dc:	c1 2c       	mov	r12, r1
    10de:	d1 2c       	mov	r13, r1
    10e0:	d6 01       	movw	r26, r12
    10e2:	c5 01       	movw	r24, r10
    10e4:	8e 19       	sub	r24, r14
    10e6:	9f 09       	sbc	r25, r15
    10e8:	a0 0b       	sbc	r26, r16
    10ea:	b1 0b       	sbc	r27, r17
    10ec:	7c 01       	movw	r14, r24
    10ee:	8d 01       	movw	r16, r26
    10f0:	e2 1a       	sub	r14, r18
    10f2:	f1 08       	sbc	r15, r1
    10f4:	01 09       	sbc	r16, r1
    10f6:	11 09       	sbc	r17, r1
    10f8:	e9 ae       	std	Y+57, r14	; 0x39
    10fa:	fa ae       	std	Y+58, r15	; 0x3a
    10fc:	0b af       	std	Y+59, r16	; 0x3b
    10fe:	1c af       	std	Y+60, r17	; 0x3c
    1100:	e1 14       	cp	r14, r1
    1102:	f1 04       	cpc	r15, r1
    1104:	01 05       	cpc	r16, r1
    1106:	11 05       	cpc	r17, r1
    1108:	39 f4       	brne	.+14     	; 0x1118 <__umoddi3+0x39c>
    110a:	64 01       	movw	r12, r8
    110c:	53 01       	movw	r10, r6
    110e:	a2 18       	sub	r10, r2
    1110:	b3 08       	sbc	r11, r3
    1112:	c4 08       	sbc	r12, r4
    1114:	d5 08       	sbc	r13, r5
    1116:	e2 c0       	rjmp	.+452    	; 0x12dc <__umoddi3+0x560>
    1118:	f9 ac       	ldd	r15, Y+57	; 0x39
    111a:	68 96       	adiw	r28, 0x18	; 24
    111c:	ff ae       	std	Y+63, r15	; 0x3f
    111e:	68 97       	sbiw	r28, 0x18	; 24
    1120:	0f 2c       	mov	r0, r15
    1122:	04 c0       	rjmp	.+8      	; 0x112c <__umoddi3+0x3b0>
    1124:	22 0c       	add	r2, r2
    1126:	33 1c       	adc	r3, r3
    1128:	44 1c       	adc	r4, r4
    112a:	55 1c       	adc	r5, r5
    112c:	0a 94       	dec	r0
    112e:	d2 f7       	brpl	.-12     	; 0x1124 <__umoddi3+0x3a8>
    1130:	8a 2d       	mov	r24, r10
    1132:	8f 19       	sub	r24, r15
    1134:	64 01       	movw	r12, r8
    1136:	53 01       	movw	r10, r6
    1138:	08 2e       	mov	r0, r24
    113a:	04 c0       	rjmp	.+8      	; 0x1144 <__umoddi3+0x3c8>
    113c:	d6 94       	lsr	r13
    113e:	c7 94       	ror	r12
    1140:	b7 94       	ror	r11
    1142:	a7 94       	ror	r10
    1144:	0a 94       	dec	r0
    1146:	d2 f7       	brpl	.-12     	; 0x113c <__umoddi3+0x3c0>
    1148:	a4 01       	movw	r20, r8
    114a:	93 01       	movw	r18, r6
    114c:	04 c0       	rjmp	.+8      	; 0x1156 <__umoddi3+0x3da>
    114e:	22 0f       	add	r18, r18
    1150:	33 1f       	adc	r19, r19
    1152:	44 1f       	adc	r20, r20
    1154:	55 1f       	adc	r21, r21
    1156:	fa 94       	dec	r15
    1158:	d2 f7       	brpl	.-12     	; 0x114e <__umoddi3+0x3d2>
    115a:	6c 96       	adiw	r28, 0x1c	; 28
    115c:	6c ac       	ldd	r6, Y+60	; 0x3c
    115e:	7d ac       	ldd	r7, Y+61	; 0x3d
    1160:	8e ac       	ldd	r8, Y+62	; 0x3e
    1162:	9f ac       	ldd	r9, Y+63	; 0x3f
    1164:	6c 97       	sbiw	r28, 0x1c	; 28
    1166:	04 c0       	rjmp	.+8      	; 0x1170 <__umoddi3+0x3f4>
    1168:	96 94       	lsr	r9
    116a:	87 94       	ror	r8
    116c:	77 94       	ror	r7
    116e:	67 94       	ror	r6
    1170:	8a 95       	dec	r24
    1172:	d2 f7       	brpl	.-12     	; 0x1168 <__umoddi3+0x3ec>
    1174:	84 01       	movw	r16, r8
    1176:	73 01       	movw	r14, r6
    1178:	e2 2a       	or	r14, r18
    117a:	f3 2a       	or	r15, r19
    117c:	04 2b       	or	r16, r20
    117e:	15 2b       	or	r17, r21
    1180:	ed a6       	std	Y+45, r14	; 0x2d
    1182:	fe a6       	std	Y+46, r15	; 0x2e
    1184:	0f a7       	std	Y+47, r16	; 0x2f
    1186:	18 ab       	std	Y+48, r17	; 0x30
    1188:	32 01       	movw	r6, r4
    118a:	88 24       	eor	r8, r8
    118c:	99 24       	eor	r9, r9
    118e:	b2 01       	movw	r22, r4
    1190:	a1 01       	movw	r20, r2
    1192:	60 70       	andi	r22, 0x00	; 0
    1194:	70 70       	andi	r23, 0x00	; 0
    1196:	25 96       	adiw	r28, 0x05	; 5
    1198:	4c af       	std	Y+60, r20	; 0x3c
    119a:	5d af       	std	Y+61, r21	; 0x3d
    119c:	6e af       	std	Y+62, r22	; 0x3e
    119e:	7f af       	std	Y+63, r23	; 0x3f
    11a0:	25 97       	sbiw	r28, 0x05	; 5
    11a2:	c6 01       	movw	r24, r12
    11a4:	b5 01       	movw	r22, r10
    11a6:	a4 01       	movw	r20, r8
    11a8:	93 01       	movw	r18, r6
    11aa:	0e 94 9d 15 	call	0x2b3a	; 0x2b3a <__udivmodsi4>
    11ae:	7b 01       	movw	r14, r22
    11b0:	8c 01       	movw	r16, r24
    11b2:	c6 01       	movw	r24, r12
    11b4:	b5 01       	movw	r22, r10
    11b6:	a4 01       	movw	r20, r8
    11b8:	93 01       	movw	r18, r6
    11ba:	0e 94 9d 15 	call	0x2b3a	; 0x2b3a <__udivmodsi4>
    11be:	ca 01       	movw	r24, r20
    11c0:	b9 01       	movw	r22, r18
    11c2:	25 96       	adiw	r28, 0x05	; 5
    11c4:	2c ad       	ldd	r18, Y+60	; 0x3c
    11c6:	3d ad       	ldd	r19, Y+61	; 0x3d
    11c8:	4e ad       	ldd	r20, Y+62	; 0x3e
    11ca:	5f ad       	ldd	r21, Y+63	; 0x3f
    11cc:	25 97       	sbiw	r28, 0x05	; 5
    11ce:	0e 94 7e 15 	call	0x2afc	; 0x2afc <__mulsi3>
    11d2:	9b 01       	movw	r18, r22
    11d4:	ac 01       	movw	r20, r24
    11d6:	87 01       	movw	r16, r14
    11d8:	ff 24       	eor	r15, r15
    11da:	ee 24       	eor	r14, r14
    11dc:	ad a4       	ldd	r10, Y+45	; 0x2d
    11de:	be a4       	ldd	r11, Y+46	; 0x2e
    11e0:	cf a4       	ldd	r12, Y+47	; 0x2f
    11e2:	d8 a8       	ldd	r13, Y+48	; 0x30
    11e4:	c6 01       	movw	r24, r12
    11e6:	aa 27       	eor	r26, r26
    11e8:	bb 27       	eor	r27, r27
    11ea:	5c 01       	movw	r10, r24
    11ec:	6d 01       	movw	r12, r26
    11ee:	ae 28       	or	r10, r14
    11f0:	bf 28       	or	r11, r15
    11f2:	c0 2a       	or	r12, r16
    11f4:	d1 2a       	or	r13, r17
    11f6:	a2 16       	cp	r10, r18
    11f8:	b3 06       	cpc	r11, r19
    11fa:	c4 06       	cpc	r12, r20
    11fc:	d5 06       	cpc	r13, r21
    11fe:	90 f4       	brcc	.+36     	; 0x1224 <__umoddi3+0x4a8>
    1200:	a2 0c       	add	r10, r2
    1202:	b3 1c       	adc	r11, r3
    1204:	c4 1c       	adc	r12, r4
    1206:	d5 1c       	adc	r13, r5
    1208:	a2 14       	cp	r10, r2
    120a:	b3 04       	cpc	r11, r3
    120c:	c4 04       	cpc	r12, r4
    120e:	d5 04       	cpc	r13, r5
    1210:	48 f0       	brcs	.+18     	; 0x1224 <__umoddi3+0x4a8>
    1212:	a2 16       	cp	r10, r18
    1214:	b3 06       	cpc	r11, r19
    1216:	c4 06       	cpc	r12, r20
    1218:	d5 06       	cpc	r13, r21
    121a:	20 f4       	brcc	.+8      	; 0x1224 <__umoddi3+0x4a8>
    121c:	a2 0c       	add	r10, r2
    121e:	b3 1c       	adc	r11, r3
    1220:	c4 1c       	adc	r12, r4
    1222:	d5 1c       	adc	r13, r5
    1224:	a2 1a       	sub	r10, r18
    1226:	b3 0a       	sbc	r11, r19
    1228:	c4 0a       	sbc	r12, r20
    122a:	d5 0a       	sbc	r13, r21
    122c:	c6 01       	movw	r24, r12
    122e:	b5 01       	movw	r22, r10
    1230:	a4 01       	movw	r20, r8
    1232:	93 01       	movw	r18, r6
    1234:	0e 94 9d 15 	call	0x2b3a	; 0x2b3a <__udivmodsi4>
    1238:	7b 01       	movw	r14, r22
    123a:	8c 01       	movw	r16, r24
    123c:	c6 01       	movw	r24, r12
    123e:	b5 01       	movw	r22, r10
    1240:	a4 01       	movw	r20, r8
    1242:	93 01       	movw	r18, r6
    1244:	0e 94 9d 15 	call	0x2b3a	; 0x2b3a <__udivmodsi4>
    1248:	ca 01       	movw	r24, r20
    124a:	b9 01       	movw	r22, r18
    124c:	25 96       	adiw	r28, 0x05	; 5
    124e:	2c ad       	ldd	r18, Y+60	; 0x3c
    1250:	3d ad       	ldd	r19, Y+61	; 0x3d
    1252:	4e ad       	ldd	r20, Y+62	; 0x3e
    1254:	5f ad       	ldd	r21, Y+63	; 0x3f
    1256:	25 97       	sbiw	r28, 0x05	; 5
    1258:	0e 94 7e 15 	call	0x2afc	; 0x2afc <__mulsi3>
    125c:	9b 01       	movw	r18, r22
    125e:	ac 01       	movw	r20, r24
    1260:	87 01       	movw	r16, r14
    1262:	ff 24       	eor	r15, r15
    1264:	ee 24       	eor	r14, r14
    1266:	8d a5       	ldd	r24, Y+45	; 0x2d
    1268:	9e a5       	ldd	r25, Y+46	; 0x2e
    126a:	af a5       	ldd	r26, Y+47	; 0x2f
    126c:	b8 a9       	ldd	r27, Y+48	; 0x30
    126e:	a0 70       	andi	r26, 0x00	; 0
    1270:	b0 70       	andi	r27, 0x00	; 0
    1272:	57 01       	movw	r10, r14
    1274:	68 01       	movw	r12, r16
    1276:	a8 2a       	or	r10, r24
    1278:	b9 2a       	or	r11, r25
    127a:	ca 2a       	or	r12, r26
    127c:	db 2a       	or	r13, r27
    127e:	a2 16       	cp	r10, r18
    1280:	b3 06       	cpc	r11, r19
    1282:	c4 06       	cpc	r12, r20
    1284:	d5 06       	cpc	r13, r21
    1286:	90 f4       	brcc	.+36     	; 0x12ac <__umoddi3+0x530>
    1288:	a2 0c       	add	r10, r2
    128a:	b3 1c       	adc	r11, r3
    128c:	c4 1c       	adc	r12, r4
    128e:	d5 1c       	adc	r13, r5
    1290:	a2 14       	cp	r10, r2
    1292:	b3 04       	cpc	r11, r3
    1294:	c4 04       	cpc	r12, r4
    1296:	d5 04       	cpc	r13, r5
    1298:	48 f0       	brcs	.+18     	; 0x12ac <__umoddi3+0x530>
    129a:	a2 16       	cp	r10, r18
    129c:	b3 06       	cpc	r11, r19
    129e:	c4 06       	cpc	r12, r20
    12a0:	d5 06       	cpc	r13, r21
    12a2:	20 f4       	brcc	.+8      	; 0x12ac <__umoddi3+0x530>
    12a4:	a2 0c       	add	r10, r2
    12a6:	b3 1c       	adc	r11, r3
    12a8:	c4 1c       	adc	r12, r4
    12aa:	d5 1c       	adc	r13, r5
    12ac:	6c 96       	adiw	r28, 0x1c	; 28
    12ae:	ec ac       	ldd	r14, Y+60	; 0x3c
    12b0:	fd ac       	ldd	r15, Y+61	; 0x3d
    12b2:	0e ad       	ldd	r16, Y+62	; 0x3e
    12b4:	1f ad       	ldd	r17, Y+63	; 0x3f
    12b6:	6c 97       	sbiw	r28, 0x1c	; 28
    12b8:	68 96       	adiw	r28, 0x18	; 24
    12ba:	0f ac       	ldd	r0, Y+63	; 0x3f
    12bc:	68 97       	sbiw	r28, 0x18	; 24
    12be:	04 c0       	rjmp	.+8      	; 0x12c8 <__umoddi3+0x54c>
    12c0:	ee 0c       	add	r14, r14
    12c2:	ff 1c       	adc	r15, r15
    12c4:	00 1f       	adc	r16, r16
    12c6:	11 1f       	adc	r17, r17
    12c8:	0a 94       	dec	r0
    12ca:	d2 f7       	brpl	.-12     	; 0x12c0 <__umoddi3+0x544>
    12cc:	e9 aa       	std	Y+49, r14	; 0x31
    12ce:	fa aa       	std	Y+50, r15	; 0x32
    12d0:	0b ab       	std	Y+51, r16	; 0x33
    12d2:	1c ab       	std	Y+52, r17	; 0x34
    12d4:	a2 1a       	sub	r10, r18
    12d6:	b3 0a       	sbc	r11, r19
    12d8:	c4 0a       	sbc	r12, r20
    12da:	d5 0a       	sbc	r13, r21
    12dc:	32 01       	movw	r6, r4
    12de:	88 24       	eor	r8, r8
    12e0:	99 24       	eor	r9, r9
    12e2:	b2 01       	movw	r22, r4
    12e4:	a1 01       	movw	r20, r2
    12e6:	60 70       	andi	r22, 0x00	; 0
    12e8:	70 70       	andi	r23, 0x00	; 0
    12ea:	29 96       	adiw	r28, 0x09	; 9
    12ec:	4c af       	std	Y+60, r20	; 0x3c
    12ee:	5d af       	std	Y+61, r21	; 0x3d
    12f0:	6e af       	std	Y+62, r22	; 0x3e
    12f2:	7f af       	std	Y+63, r23	; 0x3f
    12f4:	29 97       	sbiw	r28, 0x09	; 9
    12f6:	c6 01       	movw	r24, r12
    12f8:	b5 01       	movw	r22, r10
    12fa:	a4 01       	movw	r20, r8
    12fc:	93 01       	movw	r18, r6
    12fe:	0e 94 9d 15 	call	0x2b3a	; 0x2b3a <__udivmodsi4>
    1302:	7b 01       	movw	r14, r22
    1304:	8c 01       	movw	r16, r24
    1306:	c6 01       	movw	r24, r12
    1308:	b5 01       	movw	r22, r10
    130a:	a4 01       	movw	r20, r8
    130c:	93 01       	movw	r18, r6
    130e:	0e 94 9d 15 	call	0x2b3a	; 0x2b3a <__udivmodsi4>
    1312:	ca 01       	movw	r24, r20
    1314:	b9 01       	movw	r22, r18
    1316:	29 96       	adiw	r28, 0x09	; 9
    1318:	2c ad       	ldd	r18, Y+60	; 0x3c
    131a:	3d ad       	ldd	r19, Y+61	; 0x3d
    131c:	4e ad       	ldd	r20, Y+62	; 0x3e
    131e:	5f ad       	ldd	r21, Y+63	; 0x3f
    1320:	29 97       	sbiw	r28, 0x09	; 9
    1322:	0e 94 7e 15 	call	0x2afc	; 0x2afc <__mulsi3>
    1326:	9b 01       	movw	r18, r22
    1328:	ac 01       	movw	r20, r24
    132a:	87 01       	movw	r16, r14
    132c:	ff 24       	eor	r15, r15
    132e:	ee 24       	eor	r14, r14
    1330:	a9 a8       	ldd	r10, Y+49	; 0x31
    1332:	ba a8       	ldd	r11, Y+50	; 0x32
    1334:	cb a8       	ldd	r12, Y+51	; 0x33
    1336:	dc a8       	ldd	r13, Y+52	; 0x34
    1338:	c6 01       	movw	r24, r12
    133a:	aa 27       	eor	r26, r26
    133c:	bb 27       	eor	r27, r27
    133e:	57 01       	movw	r10, r14
    1340:	68 01       	movw	r12, r16
    1342:	a8 2a       	or	r10, r24
    1344:	b9 2a       	or	r11, r25
    1346:	ca 2a       	or	r12, r26
    1348:	db 2a       	or	r13, r27
    134a:	a2 16       	cp	r10, r18
    134c:	b3 06       	cpc	r11, r19
    134e:	c4 06       	cpc	r12, r20
    1350:	d5 06       	cpc	r13, r21
    1352:	90 f4       	brcc	.+36     	; 0x1378 <__umoddi3+0x5fc>
    1354:	a2 0c       	add	r10, r2
    1356:	b3 1c       	adc	r11, r3
    1358:	c4 1c       	adc	r12, r4
    135a:	d5 1c       	adc	r13, r5
    135c:	a2 14       	cp	r10, r2
    135e:	b3 04       	cpc	r11, r3
    1360:	c4 04       	cpc	r12, r4
    1362:	d5 04       	cpc	r13, r5
    1364:	48 f0       	brcs	.+18     	; 0x1378 <__umoddi3+0x5fc>
    1366:	a2 16       	cp	r10, r18
    1368:	b3 06       	cpc	r11, r19
    136a:	c4 06       	cpc	r12, r20
    136c:	d5 06       	cpc	r13, r21
    136e:	20 f4       	brcc	.+8      	; 0x1378 <__umoddi3+0x5fc>
    1370:	a2 0c       	add	r10, r2
    1372:	b3 1c       	adc	r11, r3
    1374:	c4 1c       	adc	r12, r4
    1376:	d5 1c       	adc	r13, r5
    1378:	a2 1a       	sub	r10, r18
    137a:	b3 0a       	sbc	r11, r19
    137c:	c4 0a       	sbc	r12, r20
    137e:	d5 0a       	sbc	r13, r21
    1380:	c6 01       	movw	r24, r12
    1382:	b5 01       	movw	r22, r10
    1384:	a4 01       	movw	r20, r8
    1386:	93 01       	movw	r18, r6
    1388:	0e 94 9d 15 	call	0x2b3a	; 0x2b3a <__udivmodsi4>
    138c:	7b 01       	movw	r14, r22
    138e:	8c 01       	movw	r16, r24
    1390:	c6 01       	movw	r24, r12
    1392:	b5 01       	movw	r22, r10
    1394:	a4 01       	movw	r20, r8
    1396:	93 01       	movw	r18, r6
    1398:	0e 94 9d 15 	call	0x2b3a	; 0x2b3a <__udivmodsi4>
    139c:	ca 01       	movw	r24, r20
    139e:	b9 01       	movw	r22, r18
    13a0:	29 96       	adiw	r28, 0x09	; 9
    13a2:	2c ad       	ldd	r18, Y+60	; 0x3c
    13a4:	3d ad       	ldd	r19, Y+61	; 0x3d
    13a6:	4e ad       	ldd	r20, Y+62	; 0x3e
    13a8:	5f ad       	ldd	r21, Y+63	; 0x3f
    13aa:	29 97       	sbiw	r28, 0x09	; 9
    13ac:	0e 94 7e 15 	call	0x2afc	; 0x2afc <__mulsi3>
    13b0:	9b 01       	movw	r18, r22
    13b2:	ac 01       	movw	r20, r24
    13b4:	87 01       	movw	r16, r14
    13b6:	ff 24       	eor	r15, r15
    13b8:	ee 24       	eor	r14, r14
    13ba:	89 a9       	ldd	r24, Y+49	; 0x31
    13bc:	9a a9       	ldd	r25, Y+50	; 0x32
    13be:	ab a9       	ldd	r26, Y+51	; 0x33
    13c0:	bc a9       	ldd	r27, Y+52	; 0x34
    13c2:	a0 70       	andi	r26, 0x00	; 0
    13c4:	b0 70       	andi	r27, 0x00	; 0
    13c6:	e8 2a       	or	r14, r24
    13c8:	f9 2a       	or	r15, r25
    13ca:	0a 2b       	or	r16, r26
    13cc:	1b 2b       	or	r17, r27
    13ce:	e2 16       	cp	r14, r18
    13d0:	f3 06       	cpc	r15, r19
    13d2:	04 07       	cpc	r16, r20
    13d4:	15 07       	cpc	r17, r21
    13d6:	90 f4       	brcc	.+36     	; 0x13fc <__umoddi3+0x680>
    13d8:	e2 0c       	add	r14, r2
    13da:	f3 1c       	adc	r15, r3
    13dc:	04 1d       	adc	r16, r4
    13de:	15 1d       	adc	r17, r5
    13e0:	e2 14       	cp	r14, r2
    13e2:	f3 04       	cpc	r15, r3
    13e4:	04 05       	cpc	r16, r4
    13e6:	15 05       	cpc	r17, r5
    13e8:	48 f0       	brcs	.+18     	; 0x13fc <__umoddi3+0x680>
    13ea:	e2 16       	cp	r14, r18
    13ec:	f3 06       	cpc	r15, r19
    13ee:	04 07       	cpc	r16, r20
    13f0:	15 07       	cpc	r17, r21
    13f2:	20 f4       	brcc	.+8      	; 0x13fc <__umoddi3+0x680>
    13f4:	e2 0c       	add	r14, r2
    13f6:	f3 1c       	adc	r15, r3
    13f8:	04 1d       	adc	r16, r4
    13fa:	15 1d       	adc	r17, r5
    13fc:	e2 1a       	sub	r14, r18
    13fe:	f3 0a       	sbc	r15, r19
    1400:	04 0b       	sbc	r16, r20
    1402:	15 0b       	sbc	r17, r21
    1404:	d8 01       	movw	r26, r16
    1406:	c7 01       	movw	r24, r14
    1408:	09 ac       	ldd	r0, Y+57	; 0x39
    140a:	04 c0       	rjmp	.+8      	; 0x1414 <__umoddi3+0x698>
    140c:	b6 95       	lsr	r27
    140e:	a7 95       	ror	r26
    1410:	97 95       	ror	r25
    1412:	87 95       	ror	r24
    1414:	0a 94       	dec	r0
    1416:	d2 f7       	brpl	.-12     	; 0x140c <__umoddi3+0x690>
    1418:	89 8b       	std	Y+17, r24	; 0x11
    141a:	9a 8b       	std	Y+18, r25	; 0x12
    141c:	ab 8b       	std	Y+19, r26	; 0x13
    141e:	bc 8b       	std	Y+20, r27	; 0x14
    1420:	1d 8a       	std	Y+21, r1	; 0x15
    1422:	1e 8a       	std	Y+22, r1	; 0x16
    1424:	1f 8a       	std	Y+23, r1	; 0x17
    1426:	18 8e       	std	Y+24, r1	; 0x18
    1428:	28 2f       	mov	r18, r24
    142a:	3a 89       	ldd	r19, Y+18	; 0x12
    142c:	4b 89       	ldd	r20, Y+19	; 0x13
    142e:	5c 89       	ldd	r21, Y+20	; 0x14
    1430:	6d 89       	ldd	r22, Y+21	; 0x15
    1432:	0c c3       	rjmp	.+1560   	; 0x1a4c <__umoddi3+0xcd0>
    1434:	6a 14       	cp	r6, r10
    1436:	7b 04       	cpc	r7, r11
    1438:	8c 04       	cpc	r8, r12
    143a:	9d 04       	cpc	r9, r13
    143c:	08 f4       	brcc	.+2      	; 0x1440 <__umoddi3+0x6c4>
    143e:	09 c3       	rjmp	.+1554   	; 0x1a52 <__umoddi3+0xcd6>
    1440:	00 e0       	ldi	r16, 0x00	; 0
    1442:	a0 16       	cp	r10, r16
    1444:	00 e0       	ldi	r16, 0x00	; 0
    1446:	b0 06       	cpc	r11, r16
    1448:	01 e0       	ldi	r16, 0x01	; 1
    144a:	c0 06       	cpc	r12, r16
    144c:	00 e0       	ldi	r16, 0x00	; 0
    144e:	d0 06       	cpc	r13, r16
    1450:	88 f4       	brcc	.+34     	; 0x1474 <__umoddi3+0x6f8>
    1452:	1f ef       	ldi	r17, 0xFF	; 255
    1454:	a1 16       	cp	r10, r17
    1456:	b1 04       	cpc	r11, r1
    1458:	c1 04       	cpc	r12, r1
    145a:	d1 04       	cpc	r13, r1
    145c:	39 f0       	breq	.+14     	; 0x146c <__umoddi3+0x6f0>
    145e:	30 f0       	brcs	.+12     	; 0x146c <__umoddi3+0x6f0>
    1460:	28 e0       	ldi	r18, 0x08	; 8
    1462:	e2 2e       	mov	r14, r18
    1464:	f1 2c       	mov	r15, r1
    1466:	01 2d       	mov	r16, r1
    1468:	11 2d       	mov	r17, r1
    146a:	18 c0       	rjmp	.+48     	; 0x149c <__umoddi3+0x720>
    146c:	ee 24       	eor	r14, r14
    146e:	ff 24       	eor	r15, r15
    1470:	87 01       	movw	r16, r14
    1472:	14 c0       	rjmp	.+40     	; 0x149c <__umoddi3+0x720>
    1474:	40 e0       	ldi	r20, 0x00	; 0
    1476:	a4 16       	cp	r10, r20
    1478:	40 e0       	ldi	r20, 0x00	; 0
    147a:	b4 06       	cpc	r11, r20
    147c:	40 e0       	ldi	r20, 0x00	; 0
    147e:	c4 06       	cpc	r12, r20
    1480:	41 e0       	ldi	r20, 0x01	; 1
    1482:	d4 06       	cpc	r13, r20
    1484:	30 f0       	brcs	.+12     	; 0x1492 <__umoddi3+0x716>
    1486:	98 e1       	ldi	r25, 0x18	; 24
    1488:	e9 2e       	mov	r14, r25
    148a:	f1 2c       	mov	r15, r1
    148c:	01 2d       	mov	r16, r1
    148e:	11 2d       	mov	r17, r1
    1490:	05 c0       	rjmp	.+10     	; 0x149c <__umoddi3+0x720>
    1492:	80 e1       	ldi	r24, 0x10	; 16
    1494:	e8 2e       	mov	r14, r24
    1496:	f1 2c       	mov	r15, r1
    1498:	01 2d       	mov	r16, r1
    149a:	11 2d       	mov	r17, r1
    149c:	d6 01       	movw	r26, r12
    149e:	c5 01       	movw	r24, r10
    14a0:	0e 2c       	mov	r0, r14
    14a2:	04 c0       	rjmp	.+8      	; 0x14ac <__umoddi3+0x730>
    14a4:	b6 95       	lsr	r27
    14a6:	a7 95       	ror	r26
    14a8:	97 95       	ror	r25
    14aa:	87 95       	ror	r24
    14ac:	0a 94       	dec	r0
    14ae:	d2 f7       	brpl	.-12     	; 0x14a4 <__umoddi3+0x728>
    14b0:	8b 51       	subi	r24, 0x1B	; 27
    14b2:	9f 4f       	sbci	r25, 0xFF	; 255
    14b4:	dc 01       	movw	r26, r24
    14b6:	2c 91       	ld	r18, X
    14b8:	80 e2       	ldi	r24, 0x20	; 32
    14ba:	90 e0       	ldi	r25, 0x00	; 0
    14bc:	a0 e0       	ldi	r26, 0x00	; 0
    14be:	b0 e0       	ldi	r27, 0x00	; 0
    14c0:	8e 19       	sub	r24, r14
    14c2:	9f 09       	sbc	r25, r15
    14c4:	a0 0b       	sbc	r26, r16
    14c6:	b1 0b       	sbc	r27, r17
    14c8:	82 1b       	sub	r24, r18
    14ca:	91 09       	sbc	r25, r1
    14cc:	a1 09       	sbc	r26, r1
    14ce:	b1 09       	sbc	r27, r1
    14d0:	00 97       	sbiw	r24, 0x00	; 0
    14d2:	a1 05       	cpc	r26, r1
    14d4:	b1 05       	cpc	r27, r1
    14d6:	09 f0       	breq	.+2      	; 0x14da <__umoddi3+0x75e>
    14d8:	4f c0       	rjmp	.+158    	; 0x1578 <__umoddi3+0x7fc>
    14da:	a6 14       	cp	r10, r6
    14dc:	b7 04       	cpc	r11, r7
    14de:	c8 04       	cpc	r12, r8
    14e0:	d9 04       	cpc	r13, r9
    14e2:	58 f0       	brcs	.+22     	; 0x14fa <__umoddi3+0x77e>
    14e4:	6c 96       	adiw	r28, 0x1c	; 28
    14e6:	ec ac       	ldd	r14, Y+60	; 0x3c
    14e8:	fd ac       	ldd	r15, Y+61	; 0x3d
    14ea:	0e ad       	ldd	r16, Y+62	; 0x3e
    14ec:	1f ad       	ldd	r17, Y+63	; 0x3f
    14ee:	6c 97       	sbiw	r28, 0x1c	; 28
    14f0:	e2 14       	cp	r14, r2
    14f2:	f3 04       	cpc	r15, r3
    14f4:	04 05       	cpc	r16, r4
    14f6:	15 05       	cpc	r17, r5
    14f8:	68 f1       	brcs	.+90     	; 0x1554 <__umoddi3+0x7d8>
    14fa:	6c 96       	adiw	r28, 0x1c	; 28
    14fc:	ec ac       	ldd	r14, Y+60	; 0x3c
    14fe:	fd ac       	ldd	r15, Y+61	; 0x3d
    1500:	0e ad       	ldd	r16, Y+62	; 0x3e
    1502:	1f ad       	ldd	r17, Y+63	; 0x3f
    1504:	6c 97       	sbiw	r28, 0x1c	; 28
    1506:	e2 18       	sub	r14, r2
    1508:	f3 08       	sbc	r15, r3
    150a:	04 09       	sbc	r16, r4
    150c:	15 09       	sbc	r17, r5
    150e:	a4 01       	movw	r20, r8
    1510:	93 01       	movw	r18, r6
    1512:	2a 19       	sub	r18, r10
    1514:	3b 09       	sbc	r19, r11
    1516:	4c 09       	sbc	r20, r12
    1518:	5d 09       	sbc	r21, r13
    151a:	aa 24       	eor	r10, r10
    151c:	bb 24       	eor	r11, r11
    151e:	65 01       	movw	r12, r10
    1520:	6c 96       	adiw	r28, 0x1c	; 28
    1522:	6c ad       	ldd	r22, Y+60	; 0x3c
    1524:	7d ad       	ldd	r23, Y+61	; 0x3d
    1526:	8e ad       	ldd	r24, Y+62	; 0x3e
    1528:	9f ad       	ldd	r25, Y+63	; 0x3f
    152a:	6c 97       	sbiw	r28, 0x1c	; 28
    152c:	6e 15       	cp	r22, r14
    152e:	7f 05       	cpc	r23, r15
    1530:	80 07       	cpc	r24, r16
    1532:	91 07       	cpc	r25, r17
    1534:	28 f4       	brcc	.+10     	; 0x1540 <__umoddi3+0x7c4>
    1536:	b1 e0       	ldi	r27, 0x01	; 1
    1538:	ab 2e       	mov	r10, r27
    153a:	b1 2c       	mov	r11, r1
    153c:	c1 2c       	mov	r12, r1
    153e:	d1 2c       	mov	r13, r1
    1540:	da 01       	movw	r26, r20
    1542:	c9 01       	movw	r24, r18
    1544:	8a 19       	sub	r24, r10
    1546:	9b 09       	sbc	r25, r11
    1548:	ac 09       	sbc	r26, r12
    154a:	bd 09       	sbc	r27, r13
    154c:	8d ab       	std	Y+53, r24	; 0x35
    154e:	9e ab       	std	Y+54, r25	; 0x36
    1550:	af ab       	std	Y+55, r26	; 0x37
    1552:	b8 af       	std	Y+56, r27	; 0x38
    1554:	e9 8a       	std	Y+17, r14	; 0x11
    1556:	fa 8a       	std	Y+18, r15	; 0x12
    1558:	0b 8b       	std	Y+19, r16	; 0x13
    155a:	1c 8b       	std	Y+20, r17	; 0x14
    155c:	6d a8       	ldd	r6, Y+53	; 0x35
    155e:	7e a8       	ldd	r7, Y+54	; 0x36
    1560:	8f a8       	ldd	r8, Y+55	; 0x37
    1562:	98 ac       	ldd	r9, Y+56	; 0x38
    1564:	6d 8a       	std	Y+21, r6	; 0x15
    1566:	7e 8a       	std	Y+22, r7	; 0x16
    1568:	8f 8a       	std	Y+23, r8	; 0x17
    156a:	98 8e       	std	Y+24, r9	; 0x18
    156c:	2e 2d       	mov	r18, r14
    156e:	3a 89       	ldd	r19, Y+18	; 0x12
    1570:	4b 89       	ldd	r20, Y+19	; 0x13
    1572:	5c 89       	ldd	r21, Y+20	; 0x14
    1574:	6d a9       	ldd	r22, Y+53	; 0x35
    1576:	6a c2       	rjmp	.+1236   	; 0x1a4c <__umoddi3+0xcd0>
    1578:	67 96       	adiw	r28, 0x17	; 23
    157a:	8f af       	std	Y+63, r24	; 0x3f
    157c:	67 97       	sbiw	r28, 0x17	; 23
    157e:	a6 01       	movw	r20, r12
    1580:	95 01       	movw	r18, r10
    1582:	08 2e       	mov	r0, r24
    1584:	04 c0       	rjmp	.+8      	; 0x158e <__umoddi3+0x812>
    1586:	22 0f       	add	r18, r18
    1588:	33 1f       	adc	r19, r19
    158a:	44 1f       	adc	r20, r20
    158c:	55 1f       	adc	r21, r21
    158e:	0a 94       	dec	r0
    1590:	d2 f7       	brpl	.-12     	; 0x1586 <__umoddi3+0x80a>
    1592:	a0 e2       	ldi	r26, 0x20	; 32
    1594:	aa 2e       	mov	r10, r26
    1596:	a8 1a       	sub	r10, r24
    1598:	66 96       	adiw	r28, 0x16	; 22
    159a:	af ae       	std	Y+63, r10	; 0x3f
    159c:	66 97       	sbiw	r28, 0x16	; 22
    159e:	d2 01       	movw	r26, r4
    15a0:	c1 01       	movw	r24, r2
    15a2:	04 c0       	rjmp	.+8      	; 0x15ac <__umoddi3+0x830>
    15a4:	b6 95       	lsr	r27
    15a6:	a7 95       	ror	r26
    15a8:	97 95       	ror	r25
    15aa:	87 95       	ror	r24
    15ac:	aa 94       	dec	r10
    15ae:	d2 f7       	brpl	.-12     	; 0x15a4 <__umoddi3+0x828>
    15b0:	6c 01       	movw	r12, r24
    15b2:	7d 01       	movw	r14, r26
    15b4:	c2 2a       	or	r12, r18
    15b6:	d3 2a       	or	r13, r19
    15b8:	e4 2a       	or	r14, r20
    15ba:	f5 2a       	or	r15, r21
    15bc:	c9 a6       	std	Y+41, r12	; 0x29
    15be:	da a6       	std	Y+42, r13	; 0x2a
    15c0:	eb a6       	std	Y+43, r14	; 0x2b
    15c2:	fc a6       	std	Y+44, r15	; 0x2c
    15c4:	82 01       	movw	r16, r4
    15c6:	71 01       	movw	r14, r2
    15c8:	67 96       	adiw	r28, 0x17	; 23
    15ca:	0f ac       	ldd	r0, Y+63	; 0x3f
    15cc:	67 97       	sbiw	r28, 0x17	; 23
    15ce:	04 c0       	rjmp	.+8      	; 0x15d8 <__umoddi3+0x85c>
    15d0:	ee 0c       	add	r14, r14
    15d2:	ff 1c       	adc	r15, r15
    15d4:	00 1f       	adc	r16, r16
    15d6:	11 1f       	adc	r17, r17
    15d8:	0a 94       	dec	r0
    15da:	d2 f7       	brpl	.-12     	; 0x15d0 <__umoddi3+0x854>
    15dc:	ed a2       	std	Y+37, r14	; 0x25
    15de:	fe a2       	std	Y+38, r15	; 0x26
    15e0:	0f a3       	std	Y+39, r16	; 0x27
    15e2:	18 a7       	std	Y+40, r17	; 0x28
    15e4:	64 01       	movw	r12, r8
    15e6:	53 01       	movw	r10, r6
    15e8:	66 96       	adiw	r28, 0x16	; 22
    15ea:	0f ac       	ldd	r0, Y+63	; 0x3f
    15ec:	66 97       	sbiw	r28, 0x16	; 22
    15ee:	04 c0       	rjmp	.+8      	; 0x15f8 <__umoddi3+0x87c>
    15f0:	d6 94       	lsr	r13
    15f2:	c7 94       	ror	r12
    15f4:	b7 94       	ror	r11
    15f6:	a7 94       	ror	r10
    15f8:	0a 94       	dec	r0
    15fa:	d2 f7       	brpl	.-12     	; 0x15f0 <__umoddi3+0x874>
    15fc:	a4 01       	movw	r20, r8
    15fe:	93 01       	movw	r18, r6
    1600:	67 96       	adiw	r28, 0x17	; 23
    1602:	0f ac       	ldd	r0, Y+63	; 0x3f
    1604:	67 97       	sbiw	r28, 0x17	; 23
    1606:	04 c0       	rjmp	.+8      	; 0x1610 <__umoddi3+0x894>
    1608:	22 0f       	add	r18, r18
    160a:	33 1f       	adc	r19, r19
    160c:	44 1f       	adc	r20, r20
    160e:	55 1f       	adc	r21, r21
    1610:	0a 94       	dec	r0
    1612:	d2 f7       	brpl	.-12     	; 0x1608 <__umoddi3+0x88c>
    1614:	6c 96       	adiw	r28, 0x1c	; 28
    1616:	8c ad       	ldd	r24, Y+60	; 0x3c
    1618:	9d ad       	ldd	r25, Y+61	; 0x3d
    161a:	ae ad       	ldd	r26, Y+62	; 0x3e
    161c:	bf ad       	ldd	r27, Y+63	; 0x3f
    161e:	6c 97       	sbiw	r28, 0x1c	; 28
    1620:	66 96       	adiw	r28, 0x16	; 22
    1622:	0f ac       	ldd	r0, Y+63	; 0x3f
    1624:	66 97       	sbiw	r28, 0x16	; 22
    1626:	04 c0       	rjmp	.+8      	; 0x1630 <__umoddi3+0x8b4>
    1628:	b6 95       	lsr	r27
    162a:	a7 95       	ror	r26
    162c:	97 95       	ror	r25
    162e:	87 95       	ror	r24
    1630:	0a 94       	dec	r0
    1632:	d2 f7       	brpl	.-12     	; 0x1628 <__umoddi3+0x8ac>
    1634:	3c 01       	movw	r6, r24
    1636:	4d 01       	movw	r8, r26
    1638:	62 2a       	or	r6, r18
    163a:	73 2a       	or	r7, r19
    163c:	84 2a       	or	r8, r20
    163e:	95 2a       	or	r9, r21
    1640:	69 a2       	std	Y+33, r6	; 0x21
    1642:	7a a2       	std	Y+34, r7	; 0x22
    1644:	8b a2       	std	Y+35, r8	; 0x23
    1646:	9c a2       	std	Y+36, r9	; 0x24
    1648:	6c 96       	adiw	r28, 0x1c	; 28
    164a:	ec ac       	ldd	r14, Y+60	; 0x3c
    164c:	fd ac       	ldd	r15, Y+61	; 0x3d
    164e:	0e ad       	ldd	r16, Y+62	; 0x3e
    1650:	1f ad       	ldd	r17, Y+63	; 0x3f
    1652:	6c 97       	sbiw	r28, 0x1c	; 28
    1654:	67 96       	adiw	r28, 0x17	; 23
    1656:	0f ac       	ldd	r0, Y+63	; 0x3f
    1658:	67 97       	sbiw	r28, 0x17	; 23
    165a:	04 c0       	rjmp	.+8      	; 0x1664 <__umoddi3+0x8e8>
    165c:	ee 0c       	add	r14, r14
    165e:	ff 1c       	adc	r15, r15
    1660:	00 1f       	adc	r16, r16
    1662:	11 1f       	adc	r17, r17
    1664:	0a 94       	dec	r0
    1666:	d2 f7       	brpl	.-12     	; 0x165c <__umoddi3+0x8e0>
    1668:	ed 8e       	std	Y+29, r14	; 0x1d
    166a:	fe 8e       	std	Y+30, r15	; 0x1e
    166c:	0f 8f       	std	Y+31, r16	; 0x1f
    166e:	18 a3       	std	Y+32, r17	; 0x20
    1670:	49 a5       	ldd	r20, Y+41	; 0x29
    1672:	5a a5       	ldd	r21, Y+42	; 0x2a
    1674:	6b a5       	ldd	r22, Y+43	; 0x2b
    1676:	7c a5       	ldd	r23, Y+44	; 0x2c
    1678:	3b 01       	movw	r6, r22
    167a:	88 24       	eor	r8, r8
    167c:	99 24       	eor	r9, r9
    167e:	60 70       	andi	r22, 0x00	; 0
    1680:	70 70       	andi	r23, 0x00	; 0
    1682:	2d 96       	adiw	r28, 0x0d	; 13
    1684:	4c af       	std	Y+60, r20	; 0x3c
    1686:	5d af       	std	Y+61, r21	; 0x3d
    1688:	6e af       	std	Y+62, r22	; 0x3e
    168a:	7f af       	std	Y+63, r23	; 0x3f
    168c:	2d 97       	sbiw	r28, 0x0d	; 13
    168e:	c6 01       	movw	r24, r12
    1690:	b5 01       	movw	r22, r10
    1692:	a4 01       	movw	r20, r8
    1694:	93 01       	movw	r18, r6
    1696:	0e 94 9d 15 	call	0x2b3a	; 0x2b3a <__udivmodsi4>
    169a:	7b 01       	movw	r14, r22
    169c:	8c 01       	movw	r16, r24
    169e:	c6 01       	movw	r24, r12
    16a0:	b5 01       	movw	r22, r10
    16a2:	a4 01       	movw	r20, r8
    16a4:	93 01       	movw	r18, r6
    16a6:	0e 94 9d 15 	call	0x2b3a	; 0x2b3a <__udivmodsi4>
    16aa:	c9 01       	movw	r24, r18
    16ac:	da 01       	movw	r26, r20
    16ae:	1c 01       	movw	r2, r24
    16b0:	2d 01       	movw	r4, r26
    16b2:	c2 01       	movw	r24, r4
    16b4:	b1 01       	movw	r22, r2
    16b6:	2d 96       	adiw	r28, 0x0d	; 13
    16b8:	2c ad       	ldd	r18, Y+60	; 0x3c
    16ba:	3d ad       	ldd	r19, Y+61	; 0x3d
    16bc:	4e ad       	ldd	r20, Y+62	; 0x3e
    16be:	5f ad       	ldd	r21, Y+63	; 0x3f
    16c0:	2d 97       	sbiw	r28, 0x0d	; 13
    16c2:	0e 94 7e 15 	call	0x2afc	; 0x2afc <__mulsi3>
    16c6:	9b 01       	movw	r18, r22
    16c8:	ac 01       	movw	r20, r24
    16ca:	87 01       	movw	r16, r14
    16cc:	ff 24       	eor	r15, r15
    16ce:	ee 24       	eor	r14, r14
    16d0:	a9 a0       	ldd	r10, Y+33	; 0x21
    16d2:	ba a0       	ldd	r11, Y+34	; 0x22
    16d4:	cb a0       	ldd	r12, Y+35	; 0x23
    16d6:	dc a0       	ldd	r13, Y+36	; 0x24
    16d8:	c6 01       	movw	r24, r12
    16da:	aa 27       	eor	r26, r26
    16dc:	bb 27       	eor	r27, r27
    16de:	57 01       	movw	r10, r14
    16e0:	68 01       	movw	r12, r16
    16e2:	a8 2a       	or	r10, r24
    16e4:	b9 2a       	or	r11, r25
    16e6:	ca 2a       	or	r12, r26
    16e8:	db 2a       	or	r13, r27
    16ea:	a2 16       	cp	r10, r18
    16ec:	b3 06       	cpc	r11, r19
    16ee:	c4 06       	cpc	r12, r20
    16f0:	d5 06       	cpc	r13, r21
    16f2:	00 f5       	brcc	.+64     	; 0x1734 <__umoddi3+0x9b8>
    16f4:	08 94       	sec
    16f6:	21 08       	sbc	r2, r1
    16f8:	31 08       	sbc	r3, r1
    16fa:	41 08       	sbc	r4, r1
    16fc:	51 08       	sbc	r5, r1
    16fe:	e9 a4       	ldd	r14, Y+41	; 0x29
    1700:	fa a4       	ldd	r15, Y+42	; 0x2a
    1702:	0b a5       	ldd	r16, Y+43	; 0x2b
    1704:	1c a5       	ldd	r17, Y+44	; 0x2c
    1706:	ae 0c       	add	r10, r14
    1708:	bf 1c       	adc	r11, r15
    170a:	c0 1e       	adc	r12, r16
    170c:	d1 1e       	adc	r13, r17
    170e:	ae 14       	cp	r10, r14
    1710:	bf 04       	cpc	r11, r15
    1712:	c0 06       	cpc	r12, r16
    1714:	d1 06       	cpc	r13, r17
    1716:	70 f0       	brcs	.+28     	; 0x1734 <__umoddi3+0x9b8>
    1718:	a2 16       	cp	r10, r18
    171a:	b3 06       	cpc	r11, r19
    171c:	c4 06       	cpc	r12, r20
    171e:	d5 06       	cpc	r13, r21
    1720:	48 f4       	brcc	.+18     	; 0x1734 <__umoddi3+0x9b8>
    1722:	08 94       	sec
    1724:	21 08       	sbc	r2, r1
    1726:	31 08       	sbc	r3, r1
    1728:	41 08       	sbc	r4, r1
    172a:	51 08       	sbc	r5, r1
    172c:	ae 0c       	add	r10, r14
    172e:	bf 1c       	adc	r11, r15
    1730:	c0 1e       	adc	r12, r16
    1732:	d1 1e       	adc	r13, r17
    1734:	a2 1a       	sub	r10, r18
    1736:	b3 0a       	sbc	r11, r19
    1738:	c4 0a       	sbc	r12, r20
    173a:	d5 0a       	sbc	r13, r21
    173c:	c6 01       	movw	r24, r12
    173e:	b5 01       	movw	r22, r10
    1740:	a4 01       	movw	r20, r8
    1742:	93 01       	movw	r18, r6
    1744:	0e 94 9d 15 	call	0x2b3a	; 0x2b3a <__udivmodsi4>
    1748:	7b 01       	movw	r14, r22
    174a:	8c 01       	movw	r16, r24
    174c:	c6 01       	movw	r24, r12
    174e:	b5 01       	movw	r22, r10
    1750:	a4 01       	movw	r20, r8
    1752:	93 01       	movw	r18, r6
    1754:	0e 94 9d 15 	call	0x2b3a	; 0x2b3a <__udivmodsi4>
    1758:	c9 01       	movw	r24, r18
    175a:	da 01       	movw	r26, r20
    175c:	3c 01       	movw	r6, r24
    175e:	4d 01       	movw	r8, r26
    1760:	c4 01       	movw	r24, r8
    1762:	b3 01       	movw	r22, r6
    1764:	2d 96       	adiw	r28, 0x0d	; 13
    1766:	2c ad       	ldd	r18, Y+60	; 0x3c
    1768:	3d ad       	ldd	r19, Y+61	; 0x3d
    176a:	4e ad       	ldd	r20, Y+62	; 0x3e
    176c:	5f ad       	ldd	r21, Y+63	; 0x3f
    176e:	2d 97       	sbiw	r28, 0x0d	; 13
    1770:	0e 94 7e 15 	call	0x2afc	; 0x2afc <__mulsi3>
    1774:	9b 01       	movw	r18, r22
    1776:	ac 01       	movw	r20, r24
    1778:	87 01       	movw	r16, r14
    177a:	ff 24       	eor	r15, r15
    177c:	ee 24       	eor	r14, r14
    177e:	89 a1       	ldd	r24, Y+33	; 0x21
    1780:	9a a1       	ldd	r25, Y+34	; 0x22
    1782:	ab a1       	ldd	r26, Y+35	; 0x23
    1784:	bc a1       	ldd	r27, Y+36	; 0x24
    1786:	a0 70       	andi	r26, 0x00	; 0
    1788:	b0 70       	andi	r27, 0x00	; 0
    178a:	57 01       	movw	r10, r14
    178c:	68 01       	movw	r12, r16
    178e:	a8 2a       	or	r10, r24
    1790:	b9 2a       	or	r11, r25
    1792:	ca 2a       	or	r12, r26
    1794:	db 2a       	or	r13, r27
    1796:	a2 16       	cp	r10, r18
    1798:	b3 06       	cpc	r11, r19
    179a:	c4 06       	cpc	r12, r20
    179c:	d5 06       	cpc	r13, r21
    179e:	00 f5       	brcc	.+64     	; 0x17e0 <__umoddi3+0xa64>
    17a0:	08 94       	sec
    17a2:	61 08       	sbc	r6, r1
    17a4:	71 08       	sbc	r7, r1
    17a6:	81 08       	sbc	r8, r1
    17a8:	91 08       	sbc	r9, r1
    17aa:	69 a5       	ldd	r22, Y+41	; 0x29
    17ac:	7a a5       	ldd	r23, Y+42	; 0x2a
    17ae:	8b a5       	ldd	r24, Y+43	; 0x2b
    17b0:	9c a5       	ldd	r25, Y+44	; 0x2c
    17b2:	a6 0e       	add	r10, r22
    17b4:	b7 1e       	adc	r11, r23
    17b6:	c8 1e       	adc	r12, r24
    17b8:	d9 1e       	adc	r13, r25
    17ba:	a6 16       	cp	r10, r22
    17bc:	b7 06       	cpc	r11, r23
    17be:	c8 06       	cpc	r12, r24
    17c0:	d9 06       	cpc	r13, r25
    17c2:	70 f0       	brcs	.+28     	; 0x17e0 <__umoddi3+0xa64>
    17c4:	a2 16       	cp	r10, r18
    17c6:	b3 06       	cpc	r11, r19
    17c8:	c4 06       	cpc	r12, r20
    17ca:	d5 06       	cpc	r13, r21
    17cc:	48 f4       	brcc	.+18     	; 0x17e0 <__umoddi3+0xa64>
    17ce:	08 94       	sec
    17d0:	61 08       	sbc	r6, r1
    17d2:	71 08       	sbc	r7, r1
    17d4:	81 08       	sbc	r8, r1
    17d6:	91 08       	sbc	r9, r1
    17d8:	a6 0e       	add	r10, r22
    17da:	b7 1e       	adc	r11, r23
    17dc:	c8 1e       	adc	r12, r24
    17de:	d9 1e       	adc	r13, r25
    17e0:	d6 01       	movw	r26, r12
    17e2:	c5 01       	movw	r24, r10
    17e4:	82 1b       	sub	r24, r18
    17e6:	93 0b       	sbc	r25, r19
    17e8:	a4 0b       	sbc	r26, r20
    17ea:	b5 0b       	sbc	r27, r21
    17ec:	89 8f       	std	Y+25, r24	; 0x19
    17ee:	9a 8f       	std	Y+26, r25	; 0x1a
    17f0:	ab 8f       	std	Y+27, r26	; 0x1b
    17f2:	bc 8f       	std	Y+28, r27	; 0x1c
    17f4:	d1 01       	movw	r26, r2
    17f6:	99 27       	eor	r25, r25
    17f8:	88 27       	eor	r24, r24
    17fa:	84 01       	movw	r16, r8
    17fc:	73 01       	movw	r14, r6
    17fe:	e8 2a       	or	r14, r24
    1800:	f9 2a       	or	r15, r25
    1802:	0a 2b       	or	r16, r26
    1804:	1b 2b       	or	r17, r27
    1806:	4f ef       	ldi	r20, 0xFF	; 255
    1808:	a4 2e       	mov	r10, r20
    180a:	4f ef       	ldi	r20, 0xFF	; 255
    180c:	b4 2e       	mov	r11, r20
    180e:	c1 2c       	mov	r12, r1
    1810:	d1 2c       	mov	r13, r1
    1812:	ae 20       	and	r10, r14
    1814:	bf 20       	and	r11, r15
    1816:	c0 22       	and	r12, r16
    1818:	d1 22       	and	r13, r17
    181a:	78 01       	movw	r14, r16
    181c:	00 27       	eor	r16, r16
    181e:	11 27       	eor	r17, r17
    1820:	6d a0       	ldd	r6, Y+37	; 0x25
    1822:	7e a0       	ldd	r7, Y+38	; 0x26
    1824:	8f a0       	ldd	r8, Y+39	; 0x27
    1826:	98 a4       	ldd	r9, Y+40	; 0x28
    1828:	4f ef       	ldi	r20, 0xFF	; 255
    182a:	5f ef       	ldi	r21, 0xFF	; 255
    182c:	60 e0       	ldi	r22, 0x00	; 0
    182e:	70 e0       	ldi	r23, 0x00	; 0
    1830:	64 22       	and	r6, r20
    1832:	75 22       	and	r7, r21
    1834:	86 22       	and	r8, r22
    1836:	97 22       	and	r9, r23
    1838:	8d a1       	ldd	r24, Y+37	; 0x25
    183a:	9e a1       	ldd	r25, Y+38	; 0x26
    183c:	af a1       	ldd	r26, Y+39	; 0x27
    183e:	b8 a5       	ldd	r27, Y+40	; 0x28
    1840:	bd 01       	movw	r22, r26
    1842:	88 27       	eor	r24, r24
    1844:	99 27       	eor	r25, r25
    1846:	65 96       	adiw	r28, 0x15	; 21
    1848:	6c af       	std	Y+60, r22	; 0x3c
    184a:	7d af       	std	Y+61, r23	; 0x3d
    184c:	8e af       	std	Y+62, r24	; 0x3e
    184e:	9f af       	std	Y+63, r25	; 0x3f
    1850:	65 97       	sbiw	r28, 0x15	; 21
    1852:	c6 01       	movw	r24, r12
    1854:	b5 01       	movw	r22, r10
    1856:	a4 01       	movw	r20, r8
    1858:	93 01       	movw	r18, r6
    185a:	0e 94 7e 15 	call	0x2afc	; 0x2afc <__mulsi3>
    185e:	61 96       	adiw	r28, 0x11	; 17
    1860:	6c af       	std	Y+60, r22	; 0x3c
    1862:	7d af       	std	Y+61, r23	; 0x3d
    1864:	8e af       	std	Y+62, r24	; 0x3e
    1866:	9f af       	std	Y+63, r25	; 0x3f
    1868:	61 97       	sbiw	r28, 0x11	; 17
    186a:	c6 01       	movw	r24, r12
    186c:	b5 01       	movw	r22, r10
    186e:	65 96       	adiw	r28, 0x15	; 21
    1870:	2c ad       	ldd	r18, Y+60	; 0x3c
    1872:	3d ad       	ldd	r19, Y+61	; 0x3d
    1874:	4e ad       	ldd	r20, Y+62	; 0x3e
    1876:	5f ad       	ldd	r21, Y+63	; 0x3f
    1878:	65 97       	sbiw	r28, 0x15	; 21
    187a:	0e 94 7e 15 	call	0x2afc	; 0x2afc <__mulsi3>
    187e:	1b 01       	movw	r2, r22
    1880:	2c 01       	movw	r4, r24
    1882:	c8 01       	movw	r24, r16
    1884:	b7 01       	movw	r22, r14
    1886:	a4 01       	movw	r20, r8
    1888:	93 01       	movw	r18, r6
    188a:	0e 94 7e 15 	call	0x2afc	; 0x2afc <__mulsi3>
    188e:	5b 01       	movw	r10, r22
    1890:	6c 01       	movw	r12, r24
    1892:	c8 01       	movw	r24, r16
    1894:	b7 01       	movw	r22, r14
    1896:	65 96       	adiw	r28, 0x15	; 21
    1898:	2c ad       	ldd	r18, Y+60	; 0x3c
    189a:	3d ad       	ldd	r19, Y+61	; 0x3d
    189c:	4e ad       	ldd	r20, Y+62	; 0x3e
    189e:	5f ad       	ldd	r21, Y+63	; 0x3f
    18a0:	65 97       	sbiw	r28, 0x15	; 21
    18a2:	0e 94 7e 15 	call	0x2afc	; 0x2afc <__mulsi3>
    18a6:	7b 01       	movw	r14, r22
    18a8:	8c 01       	movw	r16, r24
    18aa:	a6 01       	movw	r20, r12
    18ac:	95 01       	movw	r18, r10
    18ae:	22 0d       	add	r18, r2
    18b0:	33 1d       	adc	r19, r3
    18b2:	44 1d       	adc	r20, r4
    18b4:	55 1d       	adc	r21, r5
    18b6:	61 96       	adiw	r28, 0x11	; 17
    18b8:	6c ac       	ldd	r6, Y+60	; 0x3c
    18ba:	7d ac       	ldd	r7, Y+61	; 0x3d
    18bc:	8e ac       	ldd	r8, Y+62	; 0x3e
    18be:	9f ac       	ldd	r9, Y+63	; 0x3f
    18c0:	61 97       	sbiw	r28, 0x11	; 17
    18c2:	c4 01       	movw	r24, r8
    18c4:	aa 27       	eor	r26, r26
    18c6:	bb 27       	eor	r27, r27
    18c8:	28 0f       	add	r18, r24
    18ca:	39 1f       	adc	r19, r25
    18cc:	4a 1f       	adc	r20, r26
    18ce:	5b 1f       	adc	r21, r27
    18d0:	2a 15       	cp	r18, r10
    18d2:	3b 05       	cpc	r19, r11
    18d4:	4c 05       	cpc	r20, r12
    18d6:	5d 05       	cpc	r21, r13
    18d8:	48 f4       	brcc	.+18     	; 0x18ec <__umoddi3+0xb70>
    18da:	81 2c       	mov	r8, r1
    18dc:	91 2c       	mov	r9, r1
    18de:	e1 e0       	ldi	r30, 0x01	; 1
    18e0:	ae 2e       	mov	r10, r30
    18e2:	b1 2c       	mov	r11, r1
    18e4:	e8 0c       	add	r14, r8
    18e6:	f9 1c       	adc	r15, r9
    18e8:	0a 1d       	adc	r16, r10
    18ea:	1b 1d       	adc	r17, r11
    18ec:	ca 01       	movw	r24, r20
    18ee:	aa 27       	eor	r26, r26
    18f0:	bb 27       	eor	r27, r27
    18f2:	57 01       	movw	r10, r14
    18f4:	68 01       	movw	r12, r16
    18f6:	a8 0e       	add	r10, r24
    18f8:	b9 1e       	adc	r11, r25
    18fa:	ca 1e       	adc	r12, r26
    18fc:	db 1e       	adc	r13, r27
    18fe:	a9 01       	movw	r20, r18
    1900:	33 27       	eor	r19, r19
    1902:	22 27       	eor	r18, r18
    1904:	61 96       	adiw	r28, 0x11	; 17
    1906:	8c ad       	ldd	r24, Y+60	; 0x3c
    1908:	9d ad       	ldd	r25, Y+61	; 0x3d
    190a:	ae ad       	ldd	r26, Y+62	; 0x3e
    190c:	bf ad       	ldd	r27, Y+63	; 0x3f
    190e:	61 97       	sbiw	r28, 0x11	; 17
    1910:	a0 70       	andi	r26, 0x00	; 0
    1912:	b0 70       	andi	r27, 0x00	; 0
    1914:	28 0f       	add	r18, r24
    1916:	39 1f       	adc	r19, r25
    1918:	4a 1f       	adc	r20, r26
    191a:	5b 1f       	adc	r21, r27
    191c:	e9 8c       	ldd	r14, Y+25	; 0x19
    191e:	fa 8c       	ldd	r15, Y+26	; 0x1a
    1920:	0b 8d       	ldd	r16, Y+27	; 0x1b
    1922:	1c 8d       	ldd	r17, Y+28	; 0x1c
    1924:	ea 14       	cp	r14, r10
    1926:	fb 04       	cpc	r15, r11
    1928:	0c 05       	cpc	r16, r12
    192a:	1d 05       	cpc	r17, r13
    192c:	70 f0       	brcs	.+28     	; 0x194a <__umoddi3+0xbce>
    192e:	ae 14       	cp	r10, r14
    1930:	bf 04       	cpc	r11, r15
    1932:	c0 06       	cpc	r12, r16
    1934:	d1 06       	cpc	r13, r17
    1936:	69 f5       	brne	.+90     	; 0x1992 <__umoddi3+0xc16>
    1938:	6d 8d       	ldd	r22, Y+29	; 0x1d
    193a:	7e 8d       	ldd	r23, Y+30	; 0x1e
    193c:	8f 8d       	ldd	r24, Y+31	; 0x1f
    193e:	98 a1       	ldd	r25, Y+32	; 0x20
    1940:	62 17       	cp	r22, r18
    1942:	73 07       	cpc	r23, r19
    1944:	84 07       	cpc	r24, r20
    1946:	95 07       	cpc	r25, r21
    1948:	20 f5       	brcc	.+72     	; 0x1992 <__umoddi3+0xc16>
    194a:	da 01       	movw	r26, r20
    194c:	c9 01       	movw	r24, r18
    194e:	6d a0       	ldd	r6, Y+37	; 0x25
    1950:	7e a0       	ldd	r7, Y+38	; 0x26
    1952:	8f a0       	ldd	r8, Y+39	; 0x27
    1954:	98 a4       	ldd	r9, Y+40	; 0x28
    1956:	86 19       	sub	r24, r6
    1958:	97 09       	sbc	r25, r7
    195a:	a8 09       	sbc	r26, r8
    195c:	b9 09       	sbc	r27, r9
    195e:	e9 a4       	ldd	r14, Y+41	; 0x29
    1960:	fa a4       	ldd	r15, Y+42	; 0x2a
    1962:	0b a5       	ldd	r16, Y+43	; 0x2b
    1964:	1c a5       	ldd	r17, Y+44	; 0x2c
    1966:	ae 18       	sub	r10, r14
    1968:	bf 08       	sbc	r11, r15
    196a:	c0 0a       	sbc	r12, r16
    196c:	d1 0a       	sbc	r13, r17
    196e:	ee 24       	eor	r14, r14
    1970:	ff 24       	eor	r15, r15
    1972:	87 01       	movw	r16, r14
    1974:	28 17       	cp	r18, r24
    1976:	39 07       	cpc	r19, r25
    1978:	4a 07       	cpc	r20, r26
    197a:	5b 07       	cpc	r21, r27
    197c:	28 f4       	brcc	.+10     	; 0x1988 <__umoddi3+0xc0c>
    197e:	21 e0       	ldi	r18, 0x01	; 1
    1980:	e2 2e       	mov	r14, r18
    1982:	f1 2c       	mov	r15, r1
    1984:	01 2d       	mov	r16, r1
    1986:	11 2d       	mov	r17, r1
    1988:	ae 18       	sub	r10, r14
    198a:	bf 08       	sbc	r11, r15
    198c:	c0 0a       	sbc	r12, r16
    198e:	d1 0a       	sbc	r13, r17
    1990:	02 c0       	rjmp	.+4      	; 0x1996 <__umoddi3+0xc1a>
    1992:	da 01       	movw	r26, r20
    1994:	c9 01       	movw	r24, r18
    1996:	6d 8c       	ldd	r6, Y+29	; 0x1d
    1998:	7e 8c       	ldd	r7, Y+30	; 0x1e
    199a:	8f 8c       	ldd	r8, Y+31	; 0x1f
    199c:	98 a0       	ldd	r9, Y+32	; 0x20
    199e:	68 1a       	sub	r6, r24
    19a0:	79 0a       	sbc	r7, r25
    19a2:	8a 0a       	sbc	r8, r26
    19a4:	9b 0a       	sbc	r9, r27
    19a6:	49 8d       	ldd	r20, Y+25	; 0x19
    19a8:	5a 8d       	ldd	r21, Y+26	; 0x1a
    19aa:	6b 8d       	ldd	r22, Y+27	; 0x1b
    19ac:	7c 8d       	ldd	r23, Y+28	; 0x1c
    19ae:	4a 19       	sub	r20, r10
    19b0:	5b 09       	sbc	r21, r11
    19b2:	6c 09       	sbc	r22, r12
    19b4:	7d 09       	sbc	r23, r13
    19b6:	5a 01       	movw	r10, r20
    19b8:	6b 01       	movw	r12, r22
    19ba:	22 24       	eor	r2, r2
    19bc:	33 24       	eor	r3, r3
    19be:	21 01       	movw	r4, r2
    19c0:	6d 8d       	ldd	r22, Y+29	; 0x1d
    19c2:	7e 8d       	ldd	r23, Y+30	; 0x1e
    19c4:	8f 8d       	ldd	r24, Y+31	; 0x1f
    19c6:	98 a1       	ldd	r25, Y+32	; 0x20
    19c8:	66 15       	cp	r22, r6
    19ca:	77 05       	cpc	r23, r7
    19cc:	88 05       	cpc	r24, r8
    19ce:	99 05       	cpc	r25, r9
    19d0:	28 f4       	brcc	.+10     	; 0x19dc <__umoddi3+0xc60>
    19d2:	81 e0       	ldi	r24, 0x01	; 1
    19d4:	28 2e       	mov	r2, r24
    19d6:	31 2c       	mov	r3, r1
    19d8:	41 2c       	mov	r4, r1
    19da:	51 2c       	mov	r5, r1
    19dc:	86 01       	movw	r16, r12
    19de:	75 01       	movw	r14, r10
    19e0:	e2 18       	sub	r14, r2
    19e2:	f3 08       	sbc	r15, r3
    19e4:	04 09       	sbc	r16, r4
    19e6:	15 09       	sbc	r17, r5
    19e8:	a8 01       	movw	r20, r16
    19ea:	97 01       	movw	r18, r14
    19ec:	66 96       	adiw	r28, 0x16	; 22
    19ee:	0f ac       	ldd	r0, Y+63	; 0x3f
    19f0:	66 97       	sbiw	r28, 0x16	; 22
    19f2:	04 c0       	rjmp	.+8      	; 0x19fc <__umoddi3+0xc80>
    19f4:	22 0f       	add	r18, r18
    19f6:	33 1f       	adc	r19, r19
    19f8:	44 1f       	adc	r20, r20
    19fa:	55 1f       	adc	r21, r21
    19fc:	0a 94       	dec	r0
    19fe:	d2 f7       	brpl	.-12     	; 0x19f4 <__umoddi3+0xc78>
    1a00:	d4 01       	movw	r26, r8
    1a02:	c3 01       	movw	r24, r6
    1a04:	67 96       	adiw	r28, 0x17	; 23
    1a06:	0f ac       	ldd	r0, Y+63	; 0x3f
    1a08:	67 97       	sbiw	r28, 0x17	; 23
    1a0a:	04 c0       	rjmp	.+8      	; 0x1a14 <__umoddi3+0xc98>
    1a0c:	b6 95       	lsr	r27
    1a0e:	a7 95       	ror	r26
    1a10:	97 95       	ror	r25
    1a12:	87 95       	ror	r24
    1a14:	0a 94       	dec	r0
    1a16:	d2 f7       	brpl	.-12     	; 0x1a0c <__umoddi3+0xc90>
    1a18:	28 2b       	or	r18, r24
    1a1a:	39 2b       	or	r19, r25
    1a1c:	4a 2b       	or	r20, r26
    1a1e:	5b 2b       	or	r21, r27
    1a20:	29 8b       	std	Y+17, r18	; 0x11
    1a22:	3a 8b       	std	Y+18, r19	; 0x12
    1a24:	4b 8b       	std	Y+19, r20	; 0x13
    1a26:	5c 8b       	std	Y+20, r21	; 0x14
    1a28:	67 96       	adiw	r28, 0x17	; 23
    1a2a:	0f ac       	ldd	r0, Y+63	; 0x3f
    1a2c:	67 97       	sbiw	r28, 0x17	; 23
    1a2e:	04 c0       	rjmp	.+8      	; 0x1a38 <__umoddi3+0xcbc>
    1a30:	16 95       	lsr	r17
    1a32:	07 95       	ror	r16
    1a34:	f7 94       	ror	r15
    1a36:	e7 94       	ror	r14
    1a38:	0a 94       	dec	r0
    1a3a:	d2 f7       	brpl	.-12     	; 0x1a30 <__umoddi3+0xcb4>
    1a3c:	ed 8a       	std	Y+21, r14	; 0x15
    1a3e:	fe 8a       	std	Y+22, r15	; 0x16
    1a40:	0f 8b       	std	Y+23, r16	; 0x17
    1a42:	18 8f       	std	Y+24, r17	; 0x18
    1a44:	3a 89       	ldd	r19, Y+18	; 0x12
    1a46:	4b 89       	ldd	r20, Y+19	; 0x13
    1a48:	5c 89       	ldd	r21, Y+20	; 0x14
    1a4a:	6e 2d       	mov	r22, r14
    1a4c:	7e 89       	ldd	r23, Y+22	; 0x16
    1a4e:	8f 89       	ldd	r24, Y+23	; 0x17
    1a50:	98 8d       	ldd	r25, Y+24	; 0x18
    1a52:	c5 5a       	subi	r28, 0xA5	; 165
    1a54:	df 4f       	sbci	r29, 0xFF	; 255
    1a56:	e2 e1       	ldi	r30, 0x12	; 18
    1a58:	0c 94 db 15 	jmp	0x2bb6	; 0x2bb6 <__epilogue_restores__>

00001a5c <TIM0_voidSetPrescaler>:
 * Purpose : Set the Timer0 Clock Prescaler
 *========================================================*/
void TIM0_voidSetPrescaler(u8 Prescaler)
{
	/* Clear the old Clock Select bits (CS02:CS00) */
	TCCR0_REG &= 0xF8;
    1a5c:	93 b7       	in	r25, 0x33	; 51
    1a5e:	98 7f       	andi	r25, 0xF8	; 248
    1a60:	93 bf       	out	0x33, r25	; 51

	/* Set the new Clock Select bits */
	TCCR0_REG |= (Prescaler & 0x07);
    1a62:	93 b7       	in	r25, 0x33	; 51
    1a64:	87 70       	andi	r24, 0x07	; 7
    1a66:	89 2b       	or	r24, r25
    1a68:	83 bf       	out	0x33, r24	; 51
}
    1a6a:	08 95       	ret

00001a6c <TIM0_voidSetMode>:
 * Function: TIM0_voidSetMode
 * Purpose : Set the Timer0 Operating Mode
 *========================================================*/
void TIM0_voidSetMode(u8 Mode)
{
	switch (Mode)
    1a6c:	81 30       	cpi	r24, 0x01	; 1
    1a6e:	51 f0       	breq	.+20     	; 0x1a84 <TIM0_voidSetMode+0x18>
    1a70:	81 30       	cpi	r24, 0x01	; 1
    1a72:	28 f0       	brcs	.+10     	; 0x1a7e <TIM0_voidSetMode+0x12>
    1a74:	82 30       	cpi	r24, 0x02	; 2
    1a76:	61 f0       	breq	.+24     	; 0x1a90 <TIM0_voidSetMode+0x24>
    1a78:	83 30       	cpi	r24, 0x03	; 3
    1a7a:	b9 f4       	brne	.+46     	; 0x1aaa <TIM0_voidSetMode+0x3e>
    1a7c:	10 c0       	rjmp	.+32     	; 0x1a9e <TIM0_voidSetMode+0x32>
	{
		case TIM0_NORMAL_MODE:

			/* Select Normal Mode: WGM01:WGM00 = 00 */
			CLR_BIT(TCCR0_REG, WGM00_BIT);
    1a7e:	83 b7       	in	r24, 0x33	; 51
    1a80:	8f 7b       	andi	r24, 0xBF	; 191
    1a82:	02 c0       	rjmp	.+4      	; 0x1a88 <TIM0_voidSetMode+0x1c>


		case TIM0_PHASE_CORRECT_PWM_MODE:

			/* Select Phase Correct PWM Mode: WGM01:WGM00 = 01 */
			SET_BIT(TCCR0_REG, WGM00_BIT);
    1a84:	83 b7       	in	r24, 0x33	; 51
    1a86:	80 64       	ori	r24, 0x40	; 64
    1a88:	83 bf       	out	0x33, r24	; 51
			CLR_BIT(TCCR0_REG, WGM01_BIT);
    1a8a:	83 b7       	in	r24, 0x33	; 51
    1a8c:	87 7f       	andi	r24, 0xF7	; 247
    1a8e:	05 c0       	rjmp	.+10     	; 0x1a9a <TIM0_voidSetMode+0x2e>


		case TIM0_CTC_MODE:

			/* Select CTC Mode: WGM01:WGM00 = 10 */
			CLR_BIT(TCCR0_REG, WGM00_BIT);
    1a90:	83 b7       	in	r24, 0x33	; 51
    1a92:	8f 7b       	andi	r24, 0xBF	; 191
    1a94:	83 bf       	out	0x33, r24	; 51
			SET_BIT(TCCR0_REG, WGM01_BIT);
    1a96:	83 b7       	in	r24, 0x33	; 51
    1a98:	88 60       	ori	r24, 0x08	; 8
    1a9a:	83 bf       	out	0x33, r24	; 51
    1a9c:	08 95       	ret


		case TIM0_FAST_PWM_MODE:

			/* Select Fast PWM Mode: WGM01:WGM00 = 11 */
			SET_BIT(TCCR0_REG, WGM00_BIT);
    1a9e:	83 b7       	in	r24, 0x33	; 51
    1aa0:	80 64       	ori	r24, 0x40	; 64
    1aa2:	83 bf       	out	0x33, r24	; 51
			SET_BIT(TCCR0_REG, WGM01_BIT);
    1aa4:	83 b7       	in	r24, 0x33	; 51
    1aa6:	88 60       	ori	r24, 0x08	; 8
    1aa8:	83 bf       	out	0x33, r24	; 51
    1aaa:	08 95       	ret

00001aac <TIM0_voidInitialization>:
 * Purpose : Set the Timer0 Clock Prescaler
 *========================================================*/
void TIM0_voidSetPrescaler(u8 Prescaler)
{
	/* Clear the old Clock Select bits (CS02:CS00) */
	TCCR0_REG &= 0xF8;
    1aac:	83 b7       	in	r24, 0x33	; 51
    1aae:	88 7f       	andi	r24, 0xF8	; 248
    1ab0:	83 bf       	out	0x33, r24	; 51

	/* Set the new Clock Select bits */
	TCCR0_REG |= (Prescaler & 0x07);
    1ab2:	83 b7       	in	r24, 0x33	; 51
    1ab4:	83 bf       	out	0x33, r24	; 51
{
	/* Stop Timer0 while configuring the peripheral */
	TIM0_voidSetPrescaler(TIM0_NO_CLOCK);

	/* Set the configured Timer0 operating mode */
	TIM0_voidSetMode(TIM0_MODE);
    1ab6:	82 e0       	ldi	r24, 0x02	; 2
    1ab8:	0e 94 36 0d 	call	0x1a6c	; 0x1a6c <TIM0_voidSetMode>
 * Purpose : Set the Timer0 Compare Match Output Mode
 *========================================================*/
void TIM0_voidSetCompareOutputMode(u8 CompareOutputMode)
{
	/* Clear the old Compare Output Mode bits (COM01:COM00) */
	TCCR0_REG &= 0xCF;
    1abc:	83 b7       	in	r24, 0x33	; 51
    1abe:	8f 7c       	andi	r24, 0xCF	; 207
    1ac0:	83 bf       	out	0x33, r24	; 51

	/* Set the new Compare Output Mode */
	TCCR0_REG |= (CompareOutputMode & 0x03) << COM00_BIT;
    1ac2:	83 b7       	in	r24, 0x33	; 51
    1ac4:	83 bf       	out	0x33, r24	; 51
 * Purpose : Disable the Timer0 Overflow Interrupt
 *========================================================*/
void TIM0_voidOVInterruptDisable(void)
{
	/* Disable Timer0 Overflow Interrupt: TOIE0 = 0 */
	CLR_BIT(TIMSK_REG, TOIE0_BIT);
    1ac6:	89 b7       	in	r24, 0x39	; 57
    1ac8:	8e 7f       	andi	r24, 0xFE	; 254
    1aca:	89 bf       	out	0x39, r24	; 57
 * Purpose : Disable the Timer0 Compare Match Interrupt
 *========================================================*/
void TIM0_voidCTCInterruptDisable(void)
{
	/* Disable Timer0 Compare Match Interrupt: OCIE0 = 0 */
	CLR_BIT(TIMSK_REG, OCIE0_BIT);
    1acc:	89 b7       	in	r24, 0x39	; 57
    1ace:	8d 7f       	andi	r24, 0xFD	; 253
    1ad0:	89 bf       	out	0x39, r24	; 57
{
	/*
	 * Clear Timer0 Overflow Flag by writing 1 to TOV0.
	 * Writing 0 to the other flag bits leaves them unchanged.
	 */
	TIFR_REG = (1 << TOV0_BIT);
    1ad2:	81 e0       	ldi	r24, 0x01	; 1
    1ad4:	88 bf       	out	0x38, r24	; 56
{
	/*
	 * Clear Timer0 Compare Match Flag by writing 1 to OCF0.
	 * Writing 0 to the other flag bits leaves them unchanged.
	 */
	TIFR_REG = (1 << OCF0_BIT);
    1ad6:	82 e0       	ldi	r24, 0x02	; 2
    1ad8:	88 bf       	out	0x38, r24	; 56
 *           with a specific value
 *========================================================*/
void TIM0_voidSetOVReg(u8 OVRegValue)
{
	/* Set the Timer0 counter value */
	TCNT0_REG = OVRegValue;
    1ada:	12 be       	out	0x32, r1	; 50
 *           with a specific value
 *========================================================*/
void TIM0_voidSetCompareReg(u8 CompareRegValue)
{
	/* Set the Timer0 Output Compare Register value */
	OCR0_REG = CompareRegValue;
    1adc:	1c be       	out	0x3c, r1	; 60
 * Purpose : Set the Timer0 Clock Prescaler
 *========================================================*/
void TIM0_voidSetPrescaler(u8 Prescaler)
{
	/* Clear the old Clock Select bits (CS02:CS00) */
	TCCR0_REG &= 0xF8;
    1ade:	83 b7       	in	r24, 0x33	; 51
    1ae0:	88 7f       	andi	r24, 0xF8	; 248
    1ae2:	83 bf       	out	0x33, r24	; 51

	/* Set the new Clock Select bits */
	TCCR0_REG |= (Prescaler & 0x07);
    1ae4:	83 b7       	in	r24, 0x33	; 51
    1ae6:	82 60       	ori	r24, 0x02	; 2
    1ae8:	83 bf       	out	0x33, r24	; 51
	/* Clear the Timer0 Output Compare Register */
	TIM0_voidSetCompareReg(0);

	/* Start Timer0 with the configured clock prescaler */
	TIM0_voidSetPrescaler(TIM0_PRESCALER);
}
    1aea:	08 95       	ret

00001aec <TIM0_voidSetCompareOutputMode>:
 * Purpose : Set the Timer0 Compare Match Output Mode
 *========================================================*/
void TIM0_voidSetCompareOutputMode(u8 CompareOutputMode)
{
	/* Clear the old Compare Output Mode bits (COM01:COM00) */
	TCCR0_REG &= 0xCF;
    1aec:	93 b7       	in	r25, 0x33	; 51
    1aee:	9f 7c       	andi	r25, 0xCF	; 207
    1af0:	93 bf       	out	0x33, r25	; 51

	/* Set the new Compare Output Mode */
	TCCR0_REG |= (CompareOutputMode & 0x03) << COM00_BIT;
    1af2:	23 b7       	in	r18, 0x33	; 51
    1af4:	90 e0       	ldi	r25, 0x00	; 0
    1af6:	83 70       	andi	r24, 0x03	; 3
    1af8:	90 70       	andi	r25, 0x00	; 0
    1afa:	34 e0       	ldi	r19, 0x04	; 4
    1afc:	88 0f       	add	r24, r24
    1afe:	99 1f       	adc	r25, r25
    1b00:	3a 95       	dec	r19
    1b02:	e1 f7       	brne	.-8      	; 0x1afc <TIM0_voidSetCompareOutputMode+0x10>
    1b04:	28 2b       	or	r18, r24
    1b06:	23 bf       	out	0x33, r18	; 51
}
    1b08:	08 95       	ret

00001b0a <TIM0_voidOVInterruptEnable>:
 * Purpose : Enable the Timer0 Overflow Interrupt
 *========================================================*/
void TIM0_voidOVInterruptEnable(void)
{
	/* Enable Timer0 Overflow Interrupt: TOIE0 = 1 */
	SET_BIT(TIMSK_REG, TOIE0_BIT);
    1b0a:	89 b7       	in	r24, 0x39	; 57
    1b0c:	81 60       	ori	r24, 0x01	; 1
    1b0e:	89 bf       	out	0x39, r24	; 57
}
    1b10:	08 95       	ret

00001b12 <TIM0_voidOVInterruptDisable>:
 * Purpose : Disable the Timer0 Overflow Interrupt
 *========================================================*/
void TIM0_voidOVInterruptDisable(void)
{
	/* Disable Timer0 Overflow Interrupt: TOIE0 = 0 */
	CLR_BIT(TIMSK_REG, TOIE0_BIT);
    1b12:	89 b7       	in	r24, 0x39	; 57
    1b14:	8e 7f       	andi	r24, 0xFE	; 254
    1b16:	89 bf       	out	0x39, r24	; 57
}
    1b18:	08 95       	ret

00001b1a <TIM0_voidSetOVReg>:
 *           with a specific value
 *========================================================*/
void TIM0_voidSetOVReg(u8 OVRegValue)
{
	/* Set the Timer0 counter value */
	TCNT0_REG = OVRegValue;
    1b1a:	82 bf       	out	0x32, r24	; 50
}
    1b1c:	08 95       	ret

00001b1e <TIM0_u8GetOVReg>:
 *           Register (TCNT0) value
 *========================================================*/
u8 TIM0_u8GetOVReg(void)
{
	/* Return the current Timer0 counter value */
	return TCNT0_REG;
    1b1e:	82 b7       	in	r24, 0x32	; 50
}
    1b20:	08 95       	ret

00001b22 <TIM0_voidClearOVFlag>:
{
	/*
	 * Clear Timer0 Overflow Flag by writing 1 to TOV0.
	 * Writing 0 to the other flag bits leaves them unchanged.
	 */
	TIFR_REG = (1 << TOV0_BIT);
    1b22:	81 e0       	ldi	r24, 0x01	; 1
    1b24:	88 bf       	out	0x38, r24	; 56
}
    1b26:	08 95       	ret

00001b28 <TIM0_voidOVSetCallBack>:
 *           the Timer0 Overflow interrupt occurs
 *========================================================*/
void TIM0_voidOVSetCallBack(TIM0_CallBack_pt FunctionAddress)
{
	/* Store Timer0 Overflow callback function address */
	TIM0_OVCallBack = FunctionAddress;
    1b28:	90 93 05 02 	sts	0x0205, r25
    1b2c:	80 93 04 02 	sts	0x0204, r24
}
    1b30:	08 95       	ret

00001b32 <__vector_11>:
 *========================================================*/

void __vector_11(void) __attribute__((signal, used));

void __vector_11(void)
{
    1b32:	1f 92       	push	r1
    1b34:	0f 92       	push	r0
    1b36:	0f b6       	in	r0, 0x3f	; 63
    1b38:	0f 92       	push	r0
    1b3a:	11 24       	eor	r1, r1
    1b3c:	2f 93       	push	r18
    1b3e:	3f 93       	push	r19
    1b40:	4f 93       	push	r20
    1b42:	5f 93       	push	r21
    1b44:	6f 93       	push	r22
    1b46:	7f 93       	push	r23
    1b48:	8f 93       	push	r24
    1b4a:	9f 93       	push	r25
    1b4c:	af 93       	push	r26
    1b4e:	bf 93       	push	r27
    1b50:	ef 93       	push	r30
    1b52:	ff 93       	push	r31
	/* Execute callback only if a function was assigned */
	if (TIM0_OVCallBack != NULL)
    1b54:	e0 91 04 02 	lds	r30, 0x0204
    1b58:	f0 91 05 02 	lds	r31, 0x0205
    1b5c:	30 97       	sbiw	r30, 0x00	; 0
    1b5e:	09 f0       	breq	.+2      	; 0x1b62 <__vector_11+0x30>
	{
		TIM0_OVCallBack();
    1b60:	09 95       	icall
	}
}
    1b62:	ff 91       	pop	r31
    1b64:	ef 91       	pop	r30
    1b66:	bf 91       	pop	r27
    1b68:	af 91       	pop	r26
    1b6a:	9f 91       	pop	r25
    1b6c:	8f 91       	pop	r24
    1b6e:	7f 91       	pop	r23
    1b70:	6f 91       	pop	r22
    1b72:	5f 91       	pop	r21
    1b74:	4f 91       	pop	r20
    1b76:	3f 91       	pop	r19
    1b78:	2f 91       	pop	r18
    1b7a:	0f 90       	pop	r0
    1b7c:	0f be       	out	0x3f, r0	; 63
    1b7e:	0f 90       	pop	r0
    1b80:	1f 90       	pop	r1
    1b82:	18 95       	reti

00001b84 <TIM0_voidCTCInterruptEnable>:
 * Purpose : Enable the Timer0 Compare Match Interrupt
 *========================================================*/
void TIM0_voidCTCInterruptEnable(void)
{
	/* Enable Timer0 Compare Match Interrupt: OCIE0 = 1 */
	SET_BIT(TIMSK_REG, OCIE0_BIT);
    1b84:	89 b7       	in	r24, 0x39	; 57
    1b86:	82 60       	ori	r24, 0x02	; 2
    1b88:	89 bf       	out	0x39, r24	; 57
}
    1b8a:	08 95       	ret

00001b8c <TIM0_voidCTCInterruptDisable>:
 * Purpose : Disable the Timer0 Compare Match Interrupt
 *========================================================*/
void TIM0_voidCTCInterruptDisable(void)
{
	/* Disable Timer0 Compare Match Interrupt: OCIE0 = 0 */
	CLR_BIT(TIMSK_REG, OCIE0_BIT);
    1b8c:	89 b7       	in	r24, 0x39	; 57
    1b8e:	8d 7f       	andi	r24, 0xFD	; 253
    1b90:	89 bf       	out	0x39, r24	; 57
}
    1b92:	08 95       	ret

00001b94 <TIM0_voidClearCTCFlag>:
{
	/*
	 * Clear Timer0 Compare Match Flag by writing 1 to OCF0.
	 * Writing 0 to the other flag bits leaves them unchanged.
	 */
	TIFR_REG = (1 << OCF0_BIT);
    1b94:	82 e0       	ldi	r24, 0x02	; 2
    1b96:	88 bf       	out	0x38, r24	; 56
}
    1b98:	08 95       	ret

00001b9a <TIM0_voidCTCSetCallBack>:
 *           the Timer0 Compare Match interrupt occurs
 *========================================================*/
void TIM0_voidCTCSetCallBack(TIM0_CallBack_pt FunctionAddress)
{
	/* Store Timer0 Compare Match callback function address */
	TIM0_CTCCallBack = FunctionAddress;
    1b9a:	90 93 03 02 	sts	0x0203, r25
    1b9e:	80 93 02 02 	sts	0x0202, r24
}
    1ba2:	08 95       	ret

00001ba4 <__vector_10>:
 *========================================================*/

void __vector_10(void) __attribute__((signal, used));

void __vector_10(void)
{
    1ba4:	1f 92       	push	r1
    1ba6:	0f 92       	push	r0
    1ba8:	0f b6       	in	r0, 0x3f	; 63
    1baa:	0f 92       	push	r0
    1bac:	11 24       	eor	r1, r1
    1bae:	2f 93       	push	r18
    1bb0:	3f 93       	push	r19
    1bb2:	4f 93       	push	r20
    1bb4:	5f 93       	push	r21
    1bb6:	6f 93       	push	r22
    1bb8:	7f 93       	push	r23
    1bba:	8f 93       	push	r24
    1bbc:	9f 93       	push	r25
    1bbe:	af 93       	push	r26
    1bc0:	bf 93       	push	r27
    1bc2:	ef 93       	push	r30
    1bc4:	ff 93       	push	r31
	/* Execute callback only if a function was assigned */
	if (TIM0_CTCCallBack != NULL)
    1bc6:	e0 91 02 02 	lds	r30, 0x0202
    1bca:	f0 91 03 02 	lds	r31, 0x0203
    1bce:	30 97       	sbiw	r30, 0x00	; 0
    1bd0:	09 f0       	breq	.+2      	; 0x1bd4 <__vector_10+0x30>
	{
		TIM0_CTCCallBack();
    1bd2:	09 95       	icall
	}
}
    1bd4:	ff 91       	pop	r31
    1bd6:	ef 91       	pop	r30
    1bd8:	bf 91       	pop	r27
    1bda:	af 91       	pop	r26
    1bdc:	9f 91       	pop	r25
    1bde:	8f 91       	pop	r24
    1be0:	7f 91       	pop	r23
    1be2:	6f 91       	pop	r22
    1be4:	5f 91       	pop	r21
    1be6:	4f 91       	pop	r20
    1be8:	3f 91       	pop	r19
    1bea:	2f 91       	pop	r18
    1bec:	0f 90       	pop	r0
    1bee:	0f be       	out	0x3f, r0	; 63
    1bf0:	0f 90       	pop	r0
    1bf2:	1f 90       	pop	r1
    1bf4:	18 95       	reti

00001bf6 <TIM0_voidSetCompareReg>:
 *           with a specific value
 *========================================================*/
void TIM0_voidSetCompareReg(u8 CompareRegValue)
{
	/* Set the Timer0 Output Compare Register value */
	OCR0_REG = CompareRegValue;
    1bf6:	8c bf       	out	0x3c, r24	; 60
}
    1bf8:	08 95       	ret

00001bfa <TIM0_u8GetCompareReg>:
 *           Compare Register (OCR0) value
 *========================================================*/
u8 TIM0_u8GetCompareReg(void)
{
	/* Return the current Timer0 Output Compare Register value */
	return OCR0_REG;
    1bfa:	8c b7       	in	r24, 0x3c	; 60
}
    1bfc:	08 95       	ret

00001bfe <TIM0_voidSetPWMDutyCycle>:
			#endif

		#endif
	}
	else{ /* Invalid Duty Cycle Value */ }
}
    1bfe:	08 95       	ret

00001c00 <GIE_voidEnable>:
 * Function: GIE_voidEnable
 * Purpose : Enable global interrupts
 *========================================================*/
void GIE_voidEnable(void)
{
	SET_BIT(SREG_REG, SREG_I);
    1c00:	8f b7       	in	r24, 0x3f	; 63
    1c02:	80 68       	ori	r24, 0x80	; 128
    1c04:	8f bf       	out	0x3f, r24	; 63
}
    1c06:	08 95       	ret

00001c08 <GIE_voidDisable>:
 * Function: GIE_voidDisable
 * Purpose : Disable global interrupts
 *========================================================*/
void GIE_voidDisable(void)
{
	CLR_BIT(SREG_REG, SREG_I);
    1c08:	8f b7       	in	r24, 0x3f	; 63
    1c0a:	8f 77       	andi	r24, 0x7F	; 127
    1c0c:	8f bf       	out	0x3f, r24	; 63
}
    1c0e:	08 95       	ret

00001c10 <EXTI_voidSetSenseMode>:
 * Function: EXTI_voidSetSenseMode
 * Purpose : Set the trigger mode for INT0, INT1, or INT2
 *========================================================*/
void EXTI_voidSetSenseMode(u8 InterruptNumber, u8 SenseMode)
{
	switch(InterruptNumber)
    1c10:	81 30       	cpi	r24, 0x01	; 1
    1c12:	09 f1       	breq	.+66     	; 0x1c56 <EXTI_voidSetSenseMode+0x46>
    1c14:	81 30       	cpi	r24, 0x01	; 1
    1c16:	20 f0       	brcs	.+8      	; 0x1c20 <EXTI_voidSetSenseMode+0x10>
    1c18:	82 30       	cpi	r24, 0x02	; 2
    1c1a:	09 f0       	breq	.+2      	; 0x1c1e <EXTI_voidSetSenseMode+0xe>
    1c1c:	44 c0       	rjmp	.+136    	; 0x1ca6 <EXTI_voidSetSenseMode+0x96>
    1c1e:	37 c0       	rjmp	.+110    	; 0x1c8e <EXTI_voidSetSenseMode+0x7e>
	{
		/*==================== INT0 ====================*/
		case EXTI_INT0:

			switch(SenseMode)
    1c20:	61 30       	cpi	r22, 0x01	; 1
    1c22:	51 f0       	breq	.+20     	; 0x1c38 <EXTI_voidSetSenseMode+0x28>
    1c24:	61 30       	cpi	r22, 0x01	; 1
    1c26:	28 f0       	brcs	.+10     	; 0x1c32 <EXTI_voidSetSenseMode+0x22>
    1c28:	62 30       	cpi	r22, 0x02	; 2
    1c2a:	61 f0       	breq	.+24     	; 0x1c44 <EXTI_voidSetSenseMode+0x34>
    1c2c:	63 30       	cpi	r22, 0x03	; 3
    1c2e:	d9 f5       	brne	.+118    	; 0x1ca6 <EXTI_voidSetSenseMode+0x96>
    1c30:	0c c0       	rjmp	.+24     	; 0x1c4a <EXTI_voidSetSenseMode+0x3a>
			{
				/* Low Level: ISC01 = 0, ISC00 = 0 */
				case EXTI_LOW_LEVEL:
					CLR_BIT(MCUCR_REG, MCUCR_ISC00);
    1c32:	85 b7       	in	r24, 0x35	; 53
    1c34:	8e 7f       	andi	r24, 0xFE	; 254
    1c36:	02 c0       	rjmp	.+4      	; 0x1c3c <EXTI_voidSetSenseMode+0x2c>
					CLR_BIT(MCUCR_REG, MCUCR_ISC01);
					break;

				/* Any Logical Change: ISC01 = 0, ISC00 = 1 */
				case EXTI_ANY_CHANGE:
					SET_BIT(MCUCR_REG, MCUCR_ISC00);
    1c38:	85 b7       	in	r24, 0x35	; 53
    1c3a:	81 60       	ori	r24, 0x01	; 1
    1c3c:	85 bf       	out	0x35, r24	; 53
					CLR_BIT(MCUCR_REG, MCUCR_ISC01);
    1c3e:	85 b7       	in	r24, 0x35	; 53
    1c40:	8d 7f       	andi	r24, 0xFD	; 253
    1c42:	23 c0       	rjmp	.+70     	; 0x1c8a <EXTI_voidSetSenseMode+0x7a>
					break;

				/* Falling Edge: ISC01 = 1, ISC00 = 0 */
				case EXTI_FALLING_EDGE:
					CLR_BIT(MCUCR_REG, MCUCR_ISC00);
    1c44:	85 b7       	in	r24, 0x35	; 53
    1c46:	8e 7f       	andi	r24, 0xFE	; 254
    1c48:	02 c0       	rjmp	.+4      	; 0x1c4e <EXTI_voidSetSenseMode+0x3e>
					SET_BIT(MCUCR_REG, MCUCR_ISC01);
					break;

				/* Rising Edge: ISC01 = 1, ISC00 = 1 */
				case EXTI_RISING_EDGE:
					SET_BIT(MCUCR_REG, MCUCR_ISC00);
    1c4a:	85 b7       	in	r24, 0x35	; 53
    1c4c:	81 60       	ori	r24, 0x01	; 1
    1c4e:	85 bf       	out	0x35, r24	; 53
					SET_BIT(MCUCR_REG, MCUCR_ISC01);
    1c50:	85 b7       	in	r24, 0x35	; 53
    1c52:	82 60       	ori	r24, 0x02	; 2
    1c54:	1a c0       	rjmp	.+52     	; 0x1c8a <EXTI_voidSetSenseMode+0x7a>


		/*==================== INT1 ====================*/
		case EXTI_INT1:

			switch(SenseMode)
    1c56:	61 30       	cpi	r22, 0x01	; 1
    1c58:	51 f0       	breq	.+20     	; 0x1c6e <EXTI_voidSetSenseMode+0x5e>
    1c5a:	61 30       	cpi	r22, 0x01	; 1
    1c5c:	28 f0       	brcs	.+10     	; 0x1c68 <EXTI_voidSetSenseMode+0x58>
    1c5e:	62 30       	cpi	r22, 0x02	; 2
    1c60:	61 f0       	breq	.+24     	; 0x1c7a <EXTI_voidSetSenseMode+0x6a>
    1c62:	63 30       	cpi	r22, 0x03	; 3
    1c64:	01 f5       	brne	.+64     	; 0x1ca6 <EXTI_voidSetSenseMode+0x96>
    1c66:	0c c0       	rjmp	.+24     	; 0x1c80 <EXTI_voidSetSenseMode+0x70>
			{
				/* Low Level: ISC11 = 0, ISC10 = 0 */
				case EXTI_LOW_LEVEL:
					CLR_BIT(MCUCR_REG, MCUCR_ISC10);
    1c68:	85 b7       	in	r24, 0x35	; 53
    1c6a:	8b 7f       	andi	r24, 0xFB	; 251
    1c6c:	02 c0       	rjmp	.+4      	; 0x1c72 <EXTI_voidSetSenseMode+0x62>
					CLR_BIT(MCUCR_REG, MCUCR_ISC11);
					break;

				/* Any Logical Change: ISC11 = 0, ISC10 = 1 */
				case EXTI_ANY_CHANGE:
					SET_BIT(MCUCR_REG, MCUCR_ISC10);
    1c6e:	85 b7       	in	r24, 0x35	; 53
    1c70:	84 60       	ori	r24, 0x04	; 4
    1c72:	85 bf       	out	0x35, r24	; 53
					CLR_BIT(MCUCR_REG, MCUCR_ISC11);
    1c74:	85 b7       	in	r24, 0x35	; 53
    1c76:	87 7f       	andi	r24, 0xF7	; 247
    1c78:	08 c0       	rjmp	.+16     	; 0x1c8a <EXTI_voidSetSenseMode+0x7a>
					break;

				/* Falling Edge: ISC11 = 1, ISC10 = 0 */
				case EXTI_FALLING_EDGE:
					CLR_BIT(MCUCR_REG, MCUCR_ISC10);
    1c7a:	85 b7       	in	r24, 0x35	; 53
    1c7c:	8b 7f       	andi	r24, 0xFB	; 251
    1c7e:	02 c0       	rjmp	.+4      	; 0x1c84 <EXTI_voidSetSenseMode+0x74>
					SET_BIT(MCUCR_REG, MCUCR_ISC11);
					break;

				/* Rising Edge: ISC11 = 1, ISC10 = 1 */
				case EXTI_RISING_EDGE:
					SET_BIT(MCUCR_REG, MCUCR_ISC10);
    1c80:	85 b7       	in	r24, 0x35	; 53
    1c82:	84 60       	ori	r24, 0x04	; 4
    1c84:	85 bf       	out	0x35, r24	; 53
					SET_BIT(MCUCR_REG, MCUCR_ISC11);
    1c86:	85 b7       	in	r24, 0x35	; 53
    1c88:	88 60       	ori	r24, 0x08	; 8
    1c8a:	85 bf       	out	0x35, r24	; 53
    1c8c:	08 95       	ret

		/*==================== INT2 ====================*/
		case EXTI_INT2:

			/* INT2 supports Falling and Rising Edge only */
			switch(SenseMode)
    1c8e:	62 30       	cpi	r22, 0x02	; 2
    1c90:	19 f0       	breq	.+6      	; 0x1c98 <EXTI_voidSetSenseMode+0x88>
    1c92:	63 30       	cpi	r22, 0x03	; 3
    1c94:	41 f4       	brne	.+16     	; 0x1ca6 <EXTI_voidSetSenseMode+0x96>
    1c96:	04 c0       	rjmp	.+8      	; 0x1ca0 <EXTI_voidSetSenseMode+0x90>
			{
				/* Falling Edge: ISC2 = 0 */
				case EXTI_FALLING_EDGE:
					CLR_BIT(MCUCSR_REG, MCUCSR_ISC2);
    1c98:	84 b7       	in	r24, 0x34	; 52
    1c9a:	8f 7b       	andi	r24, 0xBF	; 191
    1c9c:	84 bf       	out	0x34, r24	; 52
    1c9e:	08 95       	ret
					break;

				/* Rising Edge: ISC2 = 1 */
				case EXTI_RISING_EDGE:
					SET_BIT(MCUCSR_REG, MCUCSR_ISC2);
    1ca0:	84 b7       	in	r24, 0x34	; 52
    1ca2:	80 64       	ori	r24, 0x40	; 64
    1ca4:	84 bf       	out	0x34, r24	; 52
    1ca6:	08 95       	ret

00001ca8 <EXTI_voidInterruptEnable>:
 * Function: EXTI_voidInterruptEnable
 * Purpose : Enable INT0, INT1, or INT2 individually
 *========================================================*/
void EXTI_voidInterruptEnable(u8 InterruptNumber)
{
	switch(InterruptNumber)
    1ca8:	81 30       	cpi	r24, 0x01	; 1
    1caa:	41 f0       	breq	.+16     	; 0x1cbc <EXTI_voidInterruptEnable+0x14>
    1cac:	81 30       	cpi	r24, 0x01	; 1
    1cae:	18 f0       	brcs	.+6      	; 0x1cb6 <EXTI_voidInterruptEnable+0xe>
    1cb0:	82 30       	cpi	r24, 0x02	; 2
    1cb2:	59 f4       	brne	.+22     	; 0x1cca <EXTI_voidInterruptEnable+0x22>
    1cb4:	07 c0       	rjmp	.+14     	; 0x1cc4 <EXTI_voidInterruptEnable+0x1c>
	{
		/*==================== INT0 ====================*/
		case EXTI_INT0:

			/* Enable INT0 */
			SET_BIT(GICR_REG, GICR_INT0);
    1cb6:	8b b7       	in	r24, 0x3b	; 59
    1cb8:	80 64       	ori	r24, 0x40	; 64
    1cba:	02 c0       	rjmp	.+4      	; 0x1cc0 <EXTI_voidInterruptEnable+0x18>

		/*==================== INT1 ====================*/
		case EXTI_INT1:

			/* Enable INT1 */
			SET_BIT(GICR_REG, GICR_INT1);
    1cbc:	8b b7       	in	r24, 0x3b	; 59
    1cbe:	80 68       	ori	r24, 0x80	; 128
    1cc0:	8b bf       	out	0x3b, r24	; 59
    1cc2:	08 95       	ret

		/*==================== INT2 ====================*/
		case EXTI_INT2:

			/* Enable INT2 */
			SET_BIT(GICR_REG, GICR_INT2);
    1cc4:	8b b7       	in	r24, 0x3b	; 59
    1cc6:	80 62       	ori	r24, 0x20	; 32
    1cc8:	8b bf       	out	0x3b, r24	; 59
    1cca:	08 95       	ret

00001ccc <EXTI_voidInterruptDisable>:
 * Function: EXTI_voidInterruptDisable
 * Purpose : Disable INT0, INT1, or INT2 individually
 *========================================================*/
void EXTI_voidInterruptDisable(u8 InterruptNumber)
{
	switch(InterruptNumber)
    1ccc:	81 30       	cpi	r24, 0x01	; 1
    1cce:	41 f0       	breq	.+16     	; 0x1ce0 <EXTI_voidInterruptDisable+0x14>
    1cd0:	81 30       	cpi	r24, 0x01	; 1
    1cd2:	18 f0       	brcs	.+6      	; 0x1cda <EXTI_voidInterruptDisable+0xe>
    1cd4:	82 30       	cpi	r24, 0x02	; 2
    1cd6:	59 f4       	brne	.+22     	; 0x1cee <EXTI_voidInterruptDisable+0x22>
    1cd8:	07 c0       	rjmp	.+14     	; 0x1ce8 <EXTI_voidInterruptDisable+0x1c>
	{
		/*==================== INT0 ====================*/
		case EXTI_INT0:

			/* Disable INT0 */
			CLR_BIT(GICR_REG, GICR_INT0);
    1cda:	8b b7       	in	r24, 0x3b	; 59
    1cdc:	8f 7b       	andi	r24, 0xBF	; 191
    1cde:	02 c0       	rjmp	.+4      	; 0x1ce4 <EXTI_voidInterruptDisable+0x18>

		/*==================== INT1 ====================*/
		case EXTI_INT1:

			/* Disable INT1 */
			CLR_BIT(GICR_REG, GICR_INT1);
    1ce0:	8b b7       	in	r24, 0x3b	; 59
    1ce2:	8f 77       	andi	r24, 0x7F	; 127
    1ce4:	8b bf       	out	0x3b, r24	; 59
    1ce6:	08 95       	ret

		/*==================== INT2 ====================*/
		case EXTI_INT2:

			/* Disable INT2 */
			CLR_BIT(GICR_REG, GICR_INT2);
    1ce8:	8b b7       	in	r24, 0x3b	; 59
    1cea:	8f 7d       	andi	r24, 0xDF	; 223
    1cec:	8b bf       	out	0x3b, r24	; 59
    1cee:	08 95       	ret

00001cf0 <EXTI_voidInitialization>:
 * Purpose : Initialize INT0, INT1, and INT2
 *========================================================*/
void EXTI_voidInitialization(void)
{
	/* Set the initial sense modes */
	EXTI_voidSetSenseMode(EXTI_INT0, EXTI_INT0_SENSE_MODE);
    1cf0:	80 e0       	ldi	r24, 0x00	; 0
    1cf2:	62 e0       	ldi	r22, 0x02	; 2
    1cf4:	0e 94 08 0e 	call	0x1c10	; 0x1c10 <EXTI_voidSetSenseMode>
	EXTI_voidSetSenseMode(EXTI_INT1, EXTI_INT1_SENSE_MODE);
    1cf8:	81 e0       	ldi	r24, 0x01	; 1
    1cfa:	61 e0       	ldi	r22, 0x01	; 1
    1cfc:	0e 94 08 0e 	call	0x1c10	; 0x1c10 <EXTI_voidSetSenseMode>
	EXTI_voidSetSenseMode(EXTI_INT2, EXTI_INT2_SENSE_MODE);
    1d00:	82 e0       	ldi	r24, 0x02	; 2
    1d02:	62 e0       	ldi	r22, 0x02	; 2
    1d04:	0e 94 08 0e 	call	0x1c10	; 0x1c10 <EXTI_voidSetSenseMode>

	/* Start all external interrupts disabled */
	EXTI_voidInterruptDisable(EXTI_INT0);
    1d08:	80 e0       	ldi	r24, 0x00	; 0
    1d0a:	0e 94 66 0e 	call	0x1ccc	; 0x1ccc <EXTI_voidInterruptDisable>
	EXTI_voidInterruptDisable(EXTI_INT1);
    1d0e:	81 e0       	ldi	r24, 0x01	; 1
    1d10:	0e 94 66 0e 	call	0x1ccc	; 0x1ccc <EXTI_voidInterruptDisable>
	EXTI_voidInterruptDisable(EXTI_INT2);
    1d14:	82 e0       	ldi	r24, 0x02	; 2
    1d16:	0e 94 66 0e 	call	0x1ccc	; 0x1ccc <EXTI_voidInterruptDisable>
	/*
	 * Clear all pending interrupt flags.
	 * GIFR flags are cleared by writing 1 to them.
	 * Writing 0 leaves the flag unchanged.
	 */
	GIFR_REG = (1 << GIFR_INTF0) |
    1d1a:	80 ee       	ldi	r24, 0xE0	; 224
    1d1c:	8a bf       	out	0x3a, r24	; 58
			   (1 << GIFR_INTF1) |
			   (1 << GIFR_INTF2);
}
    1d1e:	08 95       	ret

00001d20 <EXTI_voidSetCallBack>:
 * Purpose : Set the callback function to be executed when
 *           INT0, INT1, or INT2 interrupt occurs
 *========================================================*/
void EXTI_voidSetCallBack(u8 InterruptNumber, EXTI_CallBack_pt FunctionAddress)
{
	switch(InterruptNumber)
    1d20:	81 30       	cpi	r24, 0x01	; 1
    1d22:	51 f0       	breq	.+20     	; 0x1d38 <EXTI_voidSetCallBack+0x18>
    1d24:	81 30       	cpi	r24, 0x01	; 1
    1d26:	18 f0       	brcs	.+6      	; 0x1d2e <EXTI_voidSetCallBack+0xe>
    1d28:	82 30       	cpi	r24, 0x02	; 2
    1d2a:	79 f4       	brne	.+30     	; 0x1d4a <EXTI_voidSetCallBack+0x2a>
    1d2c:	0a c0       	rjmp	.+20     	; 0x1d42 <EXTI_voidSetCallBack+0x22>
	{
		/*==================== INT0 ====================*/
		case EXTI_INT0:

			/* Store INT0 callback function address */
			INT0_CallBack = FunctionAddress;
    1d2e:	70 93 0b 02 	sts	0x020B, r23
    1d32:	60 93 0a 02 	sts	0x020A, r22
    1d36:	08 95       	ret

		/*==================== INT1 ====================*/
		case EXTI_INT1:

			/* Store INT1 callback function address */
			INT1_CallBack = FunctionAddress;
    1d38:	70 93 09 02 	sts	0x0209, r23
    1d3c:	60 93 08 02 	sts	0x0208, r22
    1d40:	08 95       	ret

		/*==================== INT2 ====================*/
		case EXTI_INT2:

			/* Store INT2 callback function address */
			INT2_CallBack = FunctionAddress;
    1d42:	70 93 07 02 	sts	0x0207, r23
    1d46:	60 93 06 02 	sts	0x0206, r22
    1d4a:	08 95       	ret

00001d4c <__vector_1>:
/*==================== INT0 ISR ====================*/

void __vector_1(void) __attribute__((signal, used));

void __vector_1(void)
{
    1d4c:	1f 92       	push	r1
    1d4e:	0f 92       	push	r0
    1d50:	0f b6       	in	r0, 0x3f	; 63
    1d52:	0f 92       	push	r0
    1d54:	11 24       	eor	r1, r1
    1d56:	2f 93       	push	r18
    1d58:	3f 93       	push	r19
    1d5a:	4f 93       	push	r20
    1d5c:	5f 93       	push	r21
    1d5e:	6f 93       	push	r22
    1d60:	7f 93       	push	r23
    1d62:	8f 93       	push	r24
    1d64:	9f 93       	push	r25
    1d66:	af 93       	push	r26
    1d68:	bf 93       	push	r27
    1d6a:	ef 93       	push	r30
    1d6c:	ff 93       	push	r31
	/* Execute callback only if a function was assigned */
	if (INT0_CallBack != NULL)
    1d6e:	e0 91 0a 02 	lds	r30, 0x020A
    1d72:	f0 91 0b 02 	lds	r31, 0x020B
    1d76:	30 97       	sbiw	r30, 0x00	; 0
    1d78:	09 f0       	breq	.+2      	; 0x1d7c <__vector_1+0x30>
	{
		INT0_CallBack();
    1d7a:	09 95       	icall
	}
}
    1d7c:	ff 91       	pop	r31
    1d7e:	ef 91       	pop	r30
    1d80:	bf 91       	pop	r27
    1d82:	af 91       	pop	r26
    1d84:	9f 91       	pop	r25
    1d86:	8f 91       	pop	r24
    1d88:	7f 91       	pop	r23
    1d8a:	6f 91       	pop	r22
    1d8c:	5f 91       	pop	r21
    1d8e:	4f 91       	pop	r20
    1d90:	3f 91       	pop	r19
    1d92:	2f 91       	pop	r18
    1d94:	0f 90       	pop	r0
    1d96:	0f be       	out	0x3f, r0	; 63
    1d98:	0f 90       	pop	r0
    1d9a:	1f 90       	pop	r1
    1d9c:	18 95       	reti

00001d9e <__vector_2>:
/*==================== INT1 ISR ====================*/

void __vector_2(void) __attribute__((signal, used));

void __vector_2(void)
{
    1d9e:	1f 92       	push	r1
    1da0:	0f 92       	push	r0
    1da2:	0f b6       	in	r0, 0x3f	; 63
    1da4:	0f 92       	push	r0
    1da6:	11 24       	eor	r1, r1
    1da8:	2f 93       	push	r18
    1daa:	3f 93       	push	r19
    1dac:	4f 93       	push	r20
    1dae:	5f 93       	push	r21
    1db0:	6f 93       	push	r22
    1db2:	7f 93       	push	r23
    1db4:	8f 93       	push	r24
    1db6:	9f 93       	push	r25
    1db8:	af 93       	push	r26
    1dba:	bf 93       	push	r27
    1dbc:	ef 93       	push	r30
    1dbe:	ff 93       	push	r31
	/* Execute callback only if a function was assigned */
	if (INT1_CallBack != NULL)
    1dc0:	e0 91 08 02 	lds	r30, 0x0208
    1dc4:	f0 91 09 02 	lds	r31, 0x0209
    1dc8:	30 97       	sbiw	r30, 0x00	; 0
    1dca:	09 f0       	breq	.+2      	; 0x1dce <__vector_2+0x30>
	{
		INT1_CallBack();
    1dcc:	09 95       	icall
	}
}
    1dce:	ff 91       	pop	r31
    1dd0:	ef 91       	pop	r30
    1dd2:	bf 91       	pop	r27
    1dd4:	af 91       	pop	r26
    1dd6:	9f 91       	pop	r25
    1dd8:	8f 91       	pop	r24
    1dda:	7f 91       	pop	r23
    1ddc:	6f 91       	pop	r22
    1dde:	5f 91       	pop	r21
    1de0:	4f 91       	pop	r20
    1de2:	3f 91       	pop	r19
    1de4:	2f 91       	pop	r18
    1de6:	0f 90       	pop	r0
    1de8:	0f be       	out	0x3f, r0	; 63
    1dea:	0f 90       	pop	r0
    1dec:	1f 90       	pop	r1
    1dee:	18 95       	reti

00001df0 <__vector_3>:
/*==================== INT2 ISR ====================*/

void __vector_3(void) __attribute__((signal, used));

void __vector_3(void)
{
    1df0:	1f 92       	push	r1
    1df2:	0f 92       	push	r0
    1df4:	0f b6       	in	r0, 0x3f	; 63
    1df6:	0f 92       	push	r0
    1df8:	11 24       	eor	r1, r1
    1dfa:	2f 93       	push	r18
    1dfc:	3f 93       	push	r19
    1dfe:	4f 93       	push	r20
    1e00:	5f 93       	push	r21
    1e02:	6f 93       	push	r22
    1e04:	7f 93       	push	r23
    1e06:	8f 93       	push	r24
    1e08:	9f 93       	push	r25
    1e0a:	af 93       	push	r26
    1e0c:	bf 93       	push	r27
    1e0e:	ef 93       	push	r30
    1e10:	ff 93       	push	r31
	/* Execute callback only if a function was assigned */
	if (INT2_CallBack != NULL)
    1e12:	e0 91 06 02 	lds	r30, 0x0206
    1e16:	f0 91 07 02 	lds	r31, 0x0207
    1e1a:	30 97       	sbiw	r30, 0x00	; 0
    1e1c:	09 f0       	breq	.+2      	; 0x1e20 <__vector_3+0x30>
	{
		INT2_CallBack();
    1e1e:	09 95       	icall
	}
}
    1e20:	ff 91       	pop	r31
    1e22:	ef 91       	pop	r30
    1e24:	bf 91       	pop	r27
    1e26:	af 91       	pop	r26
    1e28:	9f 91       	pop	r25
    1e2a:	8f 91       	pop	r24
    1e2c:	7f 91       	pop	r23
    1e2e:	6f 91       	pop	r22
    1e30:	5f 91       	pop	r21
    1e32:	4f 91       	pop	r20
    1e34:	3f 91       	pop	r19
    1e36:	2f 91       	pop	r18
    1e38:	0f 90       	pop	r0
    1e3a:	0f be       	out	0x3f, r0	; 63
    1e3c:	0f 90       	pop	r0
    1e3e:	1f 90       	pop	r1
    1e40:	18 95       	reti

00001e42 <DIO_voidInitialization>:
 * Function: DIO_voidInitialization
 * Purpose : Initialize all DIO port directions according
 *           to the configured settings
 *========================================================*/
void DIO_voidInitialization(void){
	DDRA_REG = DIO_PORTA_DIRECTIONS;
    1e42:	8f ef       	ldi	r24, 0xFF	; 255
    1e44:	8a bb       	out	0x1a, r24	; 26
	DDRB_REG = DIO_PORTB_DIRECTIONS;
    1e46:	87 bb       	out	0x17, r24	; 23
	DDRC_REG = DIO_PORTC_DIRECTIONS;
    1e48:	87 e0       	ldi	r24, 0x07	; 7
    1e4a:	84 bb       	out	0x14, r24	; 20
	DDRD_REG = DIO_PORTD_DIRECTIONS;
    1e4c:	8b e1       	ldi	r24, 0x1B	; 27
    1e4e:	81 bb       	out	0x11, r24	; 17
}
    1e50:	08 95       	ret

00001e52 <DIO_voidSetPinDirection>:
 * Function: DIO_voidSetPinDirection
 * Purpose : Set the direction of a specific DIO pin
 *========================================================*/
void DIO_voidSetPinDirection(u8 PortID, u8 PinID, u8 Direction){

	if((PortID < DIO_NUMBER_OF_PORTS) && (PinID < DIO_NUMBER_OF_PINS)){
    1e52:	84 30       	cpi	r24, 0x04	; 4
    1e54:	08 f0       	brcs	.+2      	; 0x1e58 <DIO_voidSetPinDirection+0x6>
    1e56:	75 c0       	rjmp	.+234    	; 0x1f42 <DIO_voidSetPinDirection+0xf0>
    1e58:	68 30       	cpi	r22, 0x08	; 8
    1e5a:	08 f0       	brcs	.+2      	; 0x1e5e <DIO_voidSetPinDirection+0xc>
    1e5c:	72 c0       	rjmp	.+228    	; 0x1f42 <DIO_voidSetPinDirection+0xf0>
		if(Direction == DIO_OUTPUT){
    1e5e:	41 30       	cpi	r20, 0x01	; 1
    1e60:	b1 f5       	brne	.+108    	; 0x1ece <DIO_voidSetPinDirection+0x7c>
			switch(PortID){
    1e62:	81 30       	cpi	r24, 0x01	; 1
    1e64:	99 f0       	breq	.+38     	; 0x1e8c <DIO_voidSetPinDirection+0x3a>
    1e66:	81 30       	cpi	r24, 0x01	; 1
    1e68:	30 f0       	brcs	.+12     	; 0x1e76 <DIO_voidSetPinDirection+0x24>
    1e6a:	82 30       	cpi	r24, 0x02	; 2
    1e6c:	d1 f0       	breq	.+52     	; 0x1ea2 <DIO_voidSetPinDirection+0x50>
    1e6e:	83 30       	cpi	r24, 0x03	; 3
    1e70:	09 f0       	breq	.+2      	; 0x1e74 <DIO_voidSetPinDirection+0x22>
    1e72:	67 c0       	rjmp	.+206    	; 0x1f42 <DIO_voidSetPinDirection+0xf0>
    1e74:	21 c0       	rjmp	.+66     	; 0x1eb8 <DIO_voidSetPinDirection+0x66>
				case DIO_PORTA: SET_BIT(DDRA_REG, PinID); break;
    1e76:	2a b3       	in	r18, 0x1a	; 26
    1e78:	81 e0       	ldi	r24, 0x01	; 1
    1e7a:	90 e0       	ldi	r25, 0x00	; 0
    1e7c:	02 c0       	rjmp	.+4      	; 0x1e82 <DIO_voidSetPinDirection+0x30>
    1e7e:	88 0f       	add	r24, r24
    1e80:	99 1f       	adc	r25, r25
    1e82:	6a 95       	dec	r22
    1e84:	e2 f7       	brpl	.-8      	; 0x1e7e <DIO_voidSetPinDirection+0x2c>
    1e86:	28 2b       	or	r18, r24
    1e88:	2a bb       	out	0x1a, r18	; 26
    1e8a:	08 95       	ret
				case DIO_PORTB: SET_BIT(DDRB_REG, PinID); break;
    1e8c:	27 b3       	in	r18, 0x17	; 23
    1e8e:	81 e0       	ldi	r24, 0x01	; 1
    1e90:	90 e0       	ldi	r25, 0x00	; 0
    1e92:	02 c0       	rjmp	.+4      	; 0x1e98 <DIO_voidSetPinDirection+0x46>
    1e94:	88 0f       	add	r24, r24
    1e96:	99 1f       	adc	r25, r25
    1e98:	6a 95       	dec	r22
    1e9a:	e2 f7       	brpl	.-8      	; 0x1e94 <DIO_voidSetPinDirection+0x42>
    1e9c:	28 2b       	or	r18, r24
    1e9e:	27 bb       	out	0x17, r18	; 23
    1ea0:	08 95       	ret
				case DIO_PORTC: SET_BIT(DDRC_REG, PinID); break;
    1ea2:	24 b3       	in	r18, 0x14	; 20
    1ea4:	81 e0       	ldi	r24, 0x01	; 1
    1ea6:	90 e0       	ldi	r25, 0x00	; 0
    1ea8:	02 c0       	rjmp	.+4      	; 0x1eae <DIO_voidSetPinDirection+0x5c>
    1eaa:	88 0f       	add	r24, r24
    1eac:	99 1f       	adc	r25, r25
    1eae:	6a 95       	dec	r22
    1eb0:	e2 f7       	brpl	.-8      	; 0x1eaa <DIO_voidSetPinDirection+0x58>
    1eb2:	28 2b       	or	r18, r24
    1eb4:	24 bb       	out	0x14, r18	; 20
    1eb6:	08 95       	ret
				case DIO_PORTD: SET_BIT(DDRD_REG, PinID); break;
    1eb8:	21 b3       	in	r18, 0x11	; 17
    1eba:	81 e0       	ldi	r24, 0x01	; 1
    1ebc:	90 e0       	ldi	r25, 0x00	; 0
    1ebe:	02 c0       	rjmp	.+4      	; 0x1ec4 <DIO_voidSetPinDirection+0x72>
    1ec0:	88 0f       	add	r24, r24
    1ec2:	99 1f       	adc	r25, r25
    1ec4:	6a 95       	dec	r22
    1ec6:	e2 f7       	brpl	.-8      	; 0x1ec0 <DIO_voidSetPinDirection+0x6e>
    1ec8:	28 2b       	or	r18, r24
    1eca:	21 bb       	out	0x11, r18	; 17
    1ecc:	08 95       	ret
			}
		}
		else if(Direction == DIO_INPUT){
    1ece:	44 23       	and	r20, r20
    1ed0:	c1 f5       	brne	.+112    	; 0x1f42 <DIO_voidSetPinDirection+0xf0>
			switch(PortID){
    1ed2:	81 30       	cpi	r24, 0x01	; 1
    1ed4:	99 f0       	breq	.+38     	; 0x1efc <DIO_voidSetPinDirection+0xaa>
    1ed6:	81 30       	cpi	r24, 0x01	; 1
    1ed8:	28 f0       	brcs	.+10     	; 0x1ee4 <DIO_voidSetPinDirection+0x92>
    1eda:	82 30       	cpi	r24, 0x02	; 2
    1edc:	d9 f0       	breq	.+54     	; 0x1f14 <DIO_voidSetPinDirection+0xc2>
    1ede:	83 30       	cpi	r24, 0x03	; 3
    1ee0:	81 f5       	brne	.+96     	; 0x1f42 <DIO_voidSetPinDirection+0xf0>
    1ee2:	24 c0       	rjmp	.+72     	; 0x1f2c <DIO_voidSetPinDirection+0xda>
				case DIO_PORTA: CLR_BIT(DDRA_REG, PinID); break;
    1ee4:	2a b3       	in	r18, 0x1a	; 26
    1ee6:	81 e0       	ldi	r24, 0x01	; 1
    1ee8:	90 e0       	ldi	r25, 0x00	; 0
    1eea:	02 c0       	rjmp	.+4      	; 0x1ef0 <DIO_voidSetPinDirection+0x9e>
    1eec:	88 0f       	add	r24, r24
    1eee:	99 1f       	adc	r25, r25
    1ef0:	6a 95       	dec	r22
    1ef2:	e2 f7       	brpl	.-8      	; 0x1eec <DIO_voidSetPinDirection+0x9a>
    1ef4:	80 95       	com	r24
    1ef6:	82 23       	and	r24, r18
    1ef8:	8a bb       	out	0x1a, r24	; 26
    1efa:	08 95       	ret
				case DIO_PORTB: CLR_BIT(DDRB_REG, PinID); break;
    1efc:	27 b3       	in	r18, 0x17	; 23
    1efe:	81 e0       	ldi	r24, 0x01	; 1
    1f00:	90 e0       	ldi	r25, 0x00	; 0
    1f02:	02 c0       	rjmp	.+4      	; 0x1f08 <DIO_voidSetPinDirection+0xb6>
    1f04:	88 0f       	add	r24, r24
    1f06:	99 1f       	adc	r25, r25
    1f08:	6a 95       	dec	r22
    1f0a:	e2 f7       	brpl	.-8      	; 0x1f04 <DIO_voidSetPinDirection+0xb2>
    1f0c:	80 95       	com	r24
    1f0e:	82 23       	and	r24, r18
    1f10:	87 bb       	out	0x17, r24	; 23
    1f12:	08 95       	ret
				case DIO_PORTC: CLR_BIT(DDRC_REG, PinID); break;
    1f14:	24 b3       	in	r18, 0x14	; 20
    1f16:	81 e0       	ldi	r24, 0x01	; 1
    1f18:	90 e0       	ldi	r25, 0x00	; 0
    1f1a:	02 c0       	rjmp	.+4      	; 0x1f20 <DIO_voidSetPinDirection+0xce>
    1f1c:	88 0f       	add	r24, r24
    1f1e:	99 1f       	adc	r25, r25
    1f20:	6a 95       	dec	r22
    1f22:	e2 f7       	brpl	.-8      	; 0x1f1c <DIO_voidSetPinDirection+0xca>
    1f24:	80 95       	com	r24
    1f26:	82 23       	and	r24, r18
    1f28:	84 bb       	out	0x14, r24	; 20
    1f2a:	08 95       	ret
				case DIO_PORTD: CLR_BIT(DDRD_REG, PinID); break;
    1f2c:	21 b3       	in	r18, 0x11	; 17
    1f2e:	81 e0       	ldi	r24, 0x01	; 1
    1f30:	90 e0       	ldi	r25, 0x00	; 0
    1f32:	02 c0       	rjmp	.+4      	; 0x1f38 <DIO_voidSetPinDirection+0xe6>
    1f34:	88 0f       	add	r24, r24
    1f36:	99 1f       	adc	r25, r25
    1f38:	6a 95       	dec	r22
    1f3a:	e2 f7       	brpl	.-8      	; 0x1f34 <DIO_voidSetPinDirection+0xe2>
    1f3c:	80 95       	com	r24
    1f3e:	82 23       	and	r24, r18
    1f40:	81 bb       	out	0x11, r24	; 17
    1f42:	08 95       	ret

00001f44 <DIO_voidSetPortDirection>:
 * Function: DIO_voidSetPortDirection
 * Purpose : Set the direction of an entire DIO port
 *========================================================*/
void DIO_voidSetPortDirection(u8 PortID, u8 Direction){

	if(PortID < DIO_NUMBER_OF_PORTS){
    1f44:	84 30       	cpi	r24, 0x04	; 4
    1f46:	80 f4       	brcc	.+32     	; 0x1f68 <DIO_voidSetPortDirection+0x24>
		switch(PortID){
    1f48:	81 30       	cpi	r24, 0x01	; 1
    1f4a:	49 f0       	breq	.+18     	; 0x1f5e <DIO_voidSetPortDirection+0x1a>
    1f4c:	81 30       	cpi	r24, 0x01	; 1
    1f4e:	28 f0       	brcs	.+10     	; 0x1f5a <DIO_voidSetPortDirection+0x16>
    1f50:	82 30       	cpi	r24, 0x02	; 2
    1f52:	39 f0       	breq	.+14     	; 0x1f62 <DIO_voidSetPortDirection+0x1e>
    1f54:	83 30       	cpi	r24, 0x03	; 3
    1f56:	41 f4       	brne	.+16     	; 0x1f68 <DIO_voidSetPortDirection+0x24>
    1f58:	06 c0       	rjmp	.+12     	; 0x1f66 <DIO_voidSetPortDirection+0x22>
			case DIO_PORTA: DDRA_REG = Direction; break;
    1f5a:	6a bb       	out	0x1a, r22	; 26
    1f5c:	08 95       	ret
			case DIO_PORTB: DDRB_REG = Direction; break;
    1f5e:	67 bb       	out	0x17, r22	; 23
    1f60:	08 95       	ret
			case DIO_PORTC: DDRC_REG = Direction; break;
    1f62:	64 bb       	out	0x14, r22	; 20
    1f64:	08 95       	ret
			case DIO_PORTD: DDRD_REG = Direction; break;
    1f66:	61 bb       	out	0x11, r22	; 17
    1f68:	08 95       	ret

00001f6a <DIO_voidSetPinValue>:
 * Function: DIO_voidSetPinValue
 * Purpose : Set the output value of a specific DIO pin
 *========================================================*/
void DIO_voidSetPinValue(u8 PortID, u8 PinID, u8 Value){

	if((PortID < DIO_NUMBER_OF_PORTS) && (PinID < DIO_NUMBER_OF_PINS)){
    1f6a:	84 30       	cpi	r24, 0x04	; 4
    1f6c:	08 f0       	brcs	.+2      	; 0x1f70 <DIO_voidSetPinValue+0x6>
    1f6e:	75 c0       	rjmp	.+234    	; 0x205a <DIO_voidSetPinValue+0xf0>
    1f70:	68 30       	cpi	r22, 0x08	; 8
    1f72:	08 f0       	brcs	.+2      	; 0x1f76 <DIO_voidSetPinValue+0xc>
    1f74:	72 c0       	rjmp	.+228    	; 0x205a <DIO_voidSetPinValue+0xf0>
		if(Value == DIO_HIGH){
    1f76:	41 30       	cpi	r20, 0x01	; 1
    1f78:	b1 f5       	brne	.+108    	; 0x1fe6 <DIO_voidSetPinValue+0x7c>
			switch(PortID){
    1f7a:	81 30       	cpi	r24, 0x01	; 1
    1f7c:	99 f0       	breq	.+38     	; 0x1fa4 <DIO_voidSetPinValue+0x3a>
    1f7e:	81 30       	cpi	r24, 0x01	; 1
    1f80:	30 f0       	brcs	.+12     	; 0x1f8e <DIO_voidSetPinValue+0x24>
    1f82:	82 30       	cpi	r24, 0x02	; 2
    1f84:	d1 f0       	breq	.+52     	; 0x1fba <DIO_voidSetPinValue+0x50>
    1f86:	83 30       	cpi	r24, 0x03	; 3
    1f88:	09 f0       	breq	.+2      	; 0x1f8c <DIO_voidSetPinValue+0x22>
    1f8a:	67 c0       	rjmp	.+206    	; 0x205a <DIO_voidSetPinValue+0xf0>
    1f8c:	21 c0       	rjmp	.+66     	; 0x1fd0 <DIO_voidSetPinValue+0x66>
				case DIO_PORTA: SET_BIT(PORTA_REG, PinID); break;
    1f8e:	2b b3       	in	r18, 0x1b	; 27
    1f90:	81 e0       	ldi	r24, 0x01	; 1
    1f92:	90 e0       	ldi	r25, 0x00	; 0
    1f94:	02 c0       	rjmp	.+4      	; 0x1f9a <DIO_voidSetPinValue+0x30>
    1f96:	88 0f       	add	r24, r24
    1f98:	99 1f       	adc	r25, r25
    1f9a:	6a 95       	dec	r22
    1f9c:	e2 f7       	brpl	.-8      	; 0x1f96 <DIO_voidSetPinValue+0x2c>
    1f9e:	28 2b       	or	r18, r24
    1fa0:	2b bb       	out	0x1b, r18	; 27
    1fa2:	08 95       	ret
				case DIO_PORTB: SET_BIT(PORTB_REG, PinID); break;
    1fa4:	28 b3       	in	r18, 0x18	; 24
    1fa6:	81 e0       	ldi	r24, 0x01	; 1
    1fa8:	90 e0       	ldi	r25, 0x00	; 0
    1faa:	02 c0       	rjmp	.+4      	; 0x1fb0 <DIO_voidSetPinValue+0x46>
    1fac:	88 0f       	add	r24, r24
    1fae:	99 1f       	adc	r25, r25
    1fb0:	6a 95       	dec	r22
    1fb2:	e2 f7       	brpl	.-8      	; 0x1fac <DIO_voidSetPinValue+0x42>
    1fb4:	28 2b       	or	r18, r24
    1fb6:	28 bb       	out	0x18, r18	; 24
    1fb8:	08 95       	ret
				case DIO_PORTC: SET_BIT(PORTC_REG, PinID); break;
    1fba:	25 b3       	in	r18, 0x15	; 21
    1fbc:	81 e0       	ldi	r24, 0x01	; 1
    1fbe:	90 e0       	ldi	r25, 0x00	; 0
    1fc0:	02 c0       	rjmp	.+4      	; 0x1fc6 <DIO_voidSetPinValue+0x5c>
    1fc2:	88 0f       	add	r24, r24
    1fc4:	99 1f       	adc	r25, r25
    1fc6:	6a 95       	dec	r22
    1fc8:	e2 f7       	brpl	.-8      	; 0x1fc2 <DIO_voidSetPinValue+0x58>
    1fca:	28 2b       	or	r18, r24
    1fcc:	25 bb       	out	0x15, r18	; 21
    1fce:	08 95       	ret
				case DIO_PORTD: SET_BIT(PORTD_REG, PinID); break;
    1fd0:	22 b3       	in	r18, 0x12	; 18
    1fd2:	81 e0       	ldi	r24, 0x01	; 1
    1fd4:	90 e0       	ldi	r25, 0x00	; 0
    1fd6:	02 c0       	rjmp	.+4      	; 0x1fdc <DIO_voidSetPinValue+0x72>
    1fd8:	88 0f       	add	r24, r24
    1fda:	99 1f       	adc	r25, r25
    1fdc:	6a 95       	dec	r22
    1fde:	e2 f7       	brpl	.-8      	; 0x1fd8 <DIO_voidSetPinValue+0x6e>
    1fe0:	28 2b       	or	r18, r24
    1fe2:	22 bb       	out	0x12, r18	; 18
    1fe4:	08 95       	ret
			}
		}
		else if(Value == DIO_LOW){
    1fe6:	44 23       	and	r20, r20
    1fe8:	c1 f5       	brne	.+112    	; 0x205a <DIO_voidSetPinValue+0xf0>
			switch(PortID){
    1fea:	81 30       	cpi	r24, 0x01	; 1
    1fec:	99 f0       	breq	.+38     	; 0x2014 <DIO_voidSetPinValue+0xaa>
    1fee:	81 30       	cpi	r24, 0x01	; 1
    1ff0:	28 f0       	brcs	.+10     	; 0x1ffc <DIO_voidSetPinValue+0x92>
    1ff2:	82 30       	cpi	r24, 0x02	; 2
    1ff4:	d9 f0       	breq	.+54     	; 0x202c <DIO_voidSetPinValue+0xc2>
    1ff6:	83 30       	cpi	r24, 0x03	; 3
    1ff8:	81 f5       	brne	.+96     	; 0x205a <DIO_voidSetPinValue+0xf0>
    1ffa:	24 c0       	rjmp	.+72     	; 0x2044 <DIO_voidSetPinValue+0xda>
				case DIO_PORTA: CLR_BIT(PORTA_REG, PinID); break;
    1ffc:	2b b3       	in	r18, 0x1b	; 27
    1ffe:	81 e0       	ldi	r24, 0x01	; 1
    2000:	90 e0       	ldi	r25, 0x00	; 0
    2002:	02 c0       	rjmp	.+4      	; 0x2008 <DIO_voidSetPinValue+0x9e>
    2004:	88 0f       	add	r24, r24
    2006:	99 1f       	adc	r25, r25
    2008:	6a 95       	dec	r22
    200a:	e2 f7       	brpl	.-8      	; 0x2004 <DIO_voidSetPinValue+0x9a>
    200c:	80 95       	com	r24
    200e:	82 23       	and	r24, r18
    2010:	8b bb       	out	0x1b, r24	; 27
    2012:	08 95       	ret
				case DIO_PORTB: CLR_BIT(PORTB_REG, PinID); break;
    2014:	28 b3       	in	r18, 0x18	; 24
    2016:	81 e0       	ldi	r24, 0x01	; 1
    2018:	90 e0       	ldi	r25, 0x00	; 0
    201a:	02 c0       	rjmp	.+4      	; 0x2020 <DIO_voidSetPinValue+0xb6>
    201c:	88 0f       	add	r24, r24
    201e:	99 1f       	adc	r25, r25
    2020:	6a 95       	dec	r22
    2022:	e2 f7       	brpl	.-8      	; 0x201c <DIO_voidSetPinValue+0xb2>
    2024:	80 95       	com	r24
    2026:	82 23       	and	r24, r18
    2028:	88 bb       	out	0x18, r24	; 24
    202a:	08 95       	ret
				case DIO_PORTC: CLR_BIT(PORTC_REG, PinID); break;
    202c:	25 b3       	in	r18, 0x15	; 21
    202e:	81 e0       	ldi	r24, 0x01	; 1
    2030:	90 e0       	ldi	r25, 0x00	; 0
    2032:	02 c0       	rjmp	.+4      	; 0x2038 <DIO_voidSetPinValue+0xce>
    2034:	88 0f       	add	r24, r24
    2036:	99 1f       	adc	r25, r25
    2038:	6a 95       	dec	r22
    203a:	e2 f7       	brpl	.-8      	; 0x2034 <DIO_voidSetPinValue+0xca>
    203c:	80 95       	com	r24
    203e:	82 23       	and	r24, r18
    2040:	85 bb       	out	0x15, r24	; 21
    2042:	08 95       	ret
				case DIO_PORTD: CLR_BIT(PORTD_REG, PinID); break;
    2044:	22 b3       	in	r18, 0x12	; 18
    2046:	81 e0       	ldi	r24, 0x01	; 1
    2048:	90 e0       	ldi	r25, 0x00	; 0
    204a:	02 c0       	rjmp	.+4      	; 0x2050 <DIO_voidSetPinValue+0xe6>
    204c:	88 0f       	add	r24, r24
    204e:	99 1f       	adc	r25, r25
    2050:	6a 95       	dec	r22
    2052:	e2 f7       	brpl	.-8      	; 0x204c <DIO_voidSetPinValue+0xe2>
    2054:	80 95       	com	r24
    2056:	82 23       	and	r24, r18
    2058:	82 bb       	out	0x12, r24	; 18
    205a:	08 95       	ret

0000205c <DIO_voidTogglePin>:
 * Function: DIO_voidTogglePin
 * Purpose : Toggle the output value of a specific DIO pin
 *========================================================*/
void DIO_voidTogglePin(u8 PortID, u8 PinID){

	if((PortID < DIO_NUMBER_OF_PORTS) && (PinID < DIO_NUMBER_OF_PINS)){
    205c:	84 30       	cpi	r24, 0x04	; 4
    205e:	b0 f5       	brcc	.+108    	; 0x20cc <DIO_voidTogglePin+0x70>
    2060:	68 30       	cpi	r22, 0x08	; 8
    2062:	a0 f5       	brcc	.+104    	; 0x20cc <DIO_voidTogglePin+0x70>
		switch(PortID){
    2064:	81 30       	cpi	r24, 0x01	; 1
    2066:	91 f0       	breq	.+36     	; 0x208c <DIO_voidTogglePin+0x30>
    2068:	81 30       	cpi	r24, 0x01	; 1
    206a:	28 f0       	brcs	.+10     	; 0x2076 <DIO_voidTogglePin+0x1a>
    206c:	82 30       	cpi	r24, 0x02	; 2
    206e:	c9 f0       	breq	.+50     	; 0x20a2 <DIO_voidTogglePin+0x46>
    2070:	83 30       	cpi	r24, 0x03	; 3
    2072:	61 f5       	brne	.+88     	; 0x20cc <DIO_voidTogglePin+0x70>
    2074:	21 c0       	rjmp	.+66     	; 0x20b8 <DIO_voidTogglePin+0x5c>
			case DIO_PORTA: TOG_BIT(PORTA_REG, PinID); break;
    2076:	2b b3       	in	r18, 0x1b	; 27
    2078:	81 e0       	ldi	r24, 0x01	; 1
    207a:	90 e0       	ldi	r25, 0x00	; 0
    207c:	02 c0       	rjmp	.+4      	; 0x2082 <DIO_voidTogglePin+0x26>
    207e:	88 0f       	add	r24, r24
    2080:	99 1f       	adc	r25, r25
    2082:	6a 95       	dec	r22
    2084:	e2 f7       	brpl	.-8      	; 0x207e <DIO_voidTogglePin+0x22>
    2086:	28 27       	eor	r18, r24
    2088:	2b bb       	out	0x1b, r18	; 27
    208a:	08 95       	ret
			case DIO_PORTB: TOG_BIT(PORTB_REG, PinID); break;
    208c:	28 b3       	in	r18, 0x18	; 24
    208e:	81 e0       	ldi	r24, 0x01	; 1
    2090:	90 e0       	ldi	r25, 0x00	; 0
    2092:	02 c0       	rjmp	.+4      	; 0x2098 <DIO_voidTogglePin+0x3c>
    2094:	88 0f       	add	r24, r24
    2096:	99 1f       	adc	r25, r25
    2098:	6a 95       	dec	r22
    209a:	e2 f7       	brpl	.-8      	; 0x2094 <DIO_voidTogglePin+0x38>
    209c:	28 27       	eor	r18, r24
    209e:	28 bb       	out	0x18, r18	; 24
    20a0:	08 95       	ret
			case DIO_PORTC: TOG_BIT(PORTC_REG, PinID); break;
    20a2:	25 b3       	in	r18, 0x15	; 21
    20a4:	81 e0       	ldi	r24, 0x01	; 1
    20a6:	90 e0       	ldi	r25, 0x00	; 0
    20a8:	02 c0       	rjmp	.+4      	; 0x20ae <DIO_voidTogglePin+0x52>
    20aa:	88 0f       	add	r24, r24
    20ac:	99 1f       	adc	r25, r25
    20ae:	6a 95       	dec	r22
    20b0:	e2 f7       	brpl	.-8      	; 0x20aa <DIO_voidTogglePin+0x4e>
    20b2:	28 27       	eor	r18, r24
    20b4:	25 bb       	out	0x15, r18	; 21
    20b6:	08 95       	ret
			case DIO_PORTD: TOG_BIT(PORTD_REG, PinID); break;
    20b8:	22 b3       	in	r18, 0x12	; 18
    20ba:	81 e0       	ldi	r24, 0x01	; 1
    20bc:	90 e0       	ldi	r25, 0x00	; 0
    20be:	02 c0       	rjmp	.+4      	; 0x20c4 <DIO_voidTogglePin+0x68>
    20c0:	88 0f       	add	r24, r24
    20c2:	99 1f       	adc	r25, r25
    20c4:	6a 95       	dec	r22
    20c6:	e2 f7       	brpl	.-8      	; 0x20c0 <DIO_voidTogglePin+0x64>
    20c8:	28 27       	eor	r18, r24
    20ca:	22 bb       	out	0x12, r18	; 18
    20cc:	08 95       	ret

000020ce <DIO_voidSetPortValue>:
 * Function: DIO_voidSetPortValue
 * Purpose : Set the output value of an entire DIO port
 *========================================================*/
void DIO_voidSetPortValue(u8 PortID, u8 Value){

	if(PortID < DIO_NUMBER_OF_PORTS){
    20ce:	84 30       	cpi	r24, 0x04	; 4
    20d0:	80 f4       	brcc	.+32     	; 0x20f2 <DIO_voidSetPortValue+0x24>
		switch(PortID){
    20d2:	81 30       	cpi	r24, 0x01	; 1
    20d4:	49 f0       	breq	.+18     	; 0x20e8 <DIO_voidSetPortValue+0x1a>
    20d6:	81 30       	cpi	r24, 0x01	; 1
    20d8:	28 f0       	brcs	.+10     	; 0x20e4 <DIO_voidSetPortValue+0x16>
    20da:	82 30       	cpi	r24, 0x02	; 2
    20dc:	39 f0       	breq	.+14     	; 0x20ec <DIO_voidSetPortValue+0x1e>
    20de:	83 30       	cpi	r24, 0x03	; 3
    20e0:	41 f4       	brne	.+16     	; 0x20f2 <DIO_voidSetPortValue+0x24>
    20e2:	06 c0       	rjmp	.+12     	; 0x20f0 <DIO_voidSetPortValue+0x22>
			case DIO_PORTA: PORTA_REG = Value; break;
    20e4:	6b bb       	out	0x1b, r22	; 27
    20e6:	08 95       	ret
			case DIO_PORTB: PORTB_REG = Value; break;
    20e8:	68 bb       	out	0x18, r22	; 24
    20ea:	08 95       	ret
			case DIO_PORTC: PORTC_REG = Value; break;
    20ec:	65 bb       	out	0x15, r22	; 21
    20ee:	08 95       	ret
			case DIO_PORTD: PORTD_REG = Value; break;
    20f0:	62 bb       	out	0x12, r22	; 18
    20f2:	08 95       	ret

000020f4 <DIO_u8GetPinValue>:
 *========================================================*/
u8 DIO_u8GetPinValue(u8 PortID, u8 PinID){

	u8 Local_u8PinValue = 0;

	if((PortID < DIO_NUMBER_OF_PORTS) && (PinID < DIO_NUMBER_OF_PINS)){
    20f4:	84 30       	cpi	r24, 0x04	; 4
    20f6:	d0 f4       	brcc	.+52     	; 0x212c <DIO_u8GetPinValue+0x38>
    20f8:	68 30       	cpi	r22, 0x08	; 8
    20fa:	c0 f4       	brcc	.+48     	; 0x212c <DIO_u8GetPinValue+0x38>
		switch(PortID){
    20fc:	81 30       	cpi	r24, 0x01	; 1
    20fe:	49 f0       	breq	.+18     	; 0x2112 <DIO_u8GetPinValue+0x1e>
    2100:	81 30       	cpi	r24, 0x01	; 1
    2102:	28 f0       	brcs	.+10     	; 0x210e <DIO_u8GetPinValue+0x1a>
    2104:	82 30       	cpi	r24, 0x02	; 2
    2106:	39 f0       	breq	.+14     	; 0x2116 <DIO_u8GetPinValue+0x22>
    2108:	83 30       	cpi	r24, 0x03	; 3
    210a:	81 f4       	brne	.+32     	; 0x212c <DIO_u8GetPinValue+0x38>
    210c:	06 c0       	rjmp	.+12     	; 0x211a <DIO_u8GetPinValue+0x26>
			case DIO_PORTA: Local_u8PinValue = GET_BIT(PINA_REG, PinID); break;
    210e:	89 b3       	in	r24, 0x19	; 25
    2110:	05 c0       	rjmp	.+10     	; 0x211c <DIO_u8GetPinValue+0x28>
			case DIO_PORTB: Local_u8PinValue = GET_BIT(PINB_REG, PinID); break;
    2112:	86 b3       	in	r24, 0x16	; 22
    2114:	03 c0       	rjmp	.+6      	; 0x211c <DIO_u8GetPinValue+0x28>
			case DIO_PORTC: Local_u8PinValue = GET_BIT(PINC_REG, PinID); break;
    2116:	83 b3       	in	r24, 0x13	; 19
    2118:	01 c0       	rjmp	.+2      	; 0x211c <DIO_u8GetPinValue+0x28>
			case DIO_PORTD: Local_u8PinValue = GET_BIT(PIND_REG, PinID); break;
    211a:	80 b3       	in	r24, 0x10	; 16
    211c:	90 e0       	ldi	r25, 0x00	; 0
    211e:	02 c0       	rjmp	.+4      	; 0x2124 <DIO_u8GetPinValue+0x30>
    2120:	95 95       	asr	r25
    2122:	87 95       	ror	r24
    2124:	6a 95       	dec	r22
    2126:	e2 f7       	brpl	.-8      	; 0x2120 <DIO_u8GetPinValue+0x2c>
    2128:	81 70       	andi	r24, 0x01	; 1
    212a:	08 95       	ret
    212c:	80 e0       	ldi	r24, 0x00	; 0
		}
	}
	else{ /* Invalid Port ID or Pin ID */}

	return Local_u8PinValue;
}
    212e:	08 95       	ret

00002130 <ADC_voidADCEnable>:
 * Purpose : Enable the ADC peripheral
 *========================================================*/
void ADC_voidADCEnable(void)
{
	/* Enable ADC: ADEN = 1 */
	SET_BIT(ADCSRA_REG, ADEN_BIT);
    2130:	37 9a       	sbi	0x06, 7	; 6
}
    2132:	08 95       	ret

00002134 <ADC_voidADCDisable>:
 * Purpose : Disable the ADC peripheral
 *========================================================*/
void ADC_voidADCDisable(void)
{
	/* Disable ADC: ADEN = 0 */
	CLR_BIT(ADCSRA_REG, ADEN_BIT);
    2134:	37 98       	cbi	0x06, 7	; 6
}
    2136:	08 95       	ret

00002138 <ADC_voidStartConversion>:
 * Purpose : Start a new ADC conversion
 *========================================================*/
void ADC_voidStartConversion(void)
{
	/* Start ADC conversion: ADSC = 1 */
	SET_BIT(ADCSRA_REG, ADSC_BIT);
    2138:	36 9a       	sbi	0x06, 6	; 6
}
    213a:	08 95       	ret

0000213c <ADC_voidInterruptEnable>:
 * Purpose : Enable the ADC conversion complete interrupt
 *========================================================*/
void ADC_voidInterruptEnable(void)
{
	/* Enable ADC interrupt: ADIE = 1 */
	SET_BIT(ADCSRA_REG, ADIE_BIT);
    213c:	33 9a       	sbi	0x06, 3	; 6
}
    213e:	08 95       	ret

00002140 <ADC_voidInterruptDisable>:
 * Purpose : Disable the ADC conversion complete interrupt
 *========================================================*/
void ADC_voidInterruptDisable(void)
{
	/* Disable ADC interrupt: ADIE = 0 */
	CLR_BIT(ADCSRA_REG, ADIE_BIT);
    2140:	33 98       	cbi	0x06, 3	; 6
}
    2142:	08 95       	ret

00002144 <ADC_u16Read>:

		/*
		 * Read ADCL first to lock the ADC data registers,
		 * then read ADCH to release the lock.
		 */
		u8 LowReg = ADCL_REG;
    2144:	24 b1       	in	r18, 0x04	; 4
		u8 HighReg = ADCH_REG;
    2146:	45 b1       	in	r20, 0x05	; 5
    2148:	94 2f       	mov	r25, r20
    214a:	80 e0       	ldi	r24, 0x00	; 0
    214c:	30 e0       	ldi	r19, 0x00	; 0
    214e:	28 2b       	or	r18, r24
    2150:	39 2b       	or	r19, r25

		/* Combine the high and low bytes to form the 10-bit result */
		return ((u16)HighReg << 8) | LowReg;

	#endif
}
    2152:	c9 01       	movw	r24, r18
    2154:	08 95       	ret

00002156 <ADC_voidSetCallBack>:
 *           the ADC conversion complete interrupt occurs
 *========================================================*/
void ADC_voidSetCallBack(ADC_CallBack_pt FunctionAddress)
{
	/* Store ADC callback function address */
	ADC_CallBack = FunctionAddress;
    2156:	90 93 0d 02 	sts	0x020D, r25
    215a:	80 93 0c 02 	sts	0x020C, r24
}
    215e:	08 95       	ret

00002160 <__vector_16>:
 *========================================================*/

void __vector_16(void) __attribute__((signal, used));

void __vector_16(void)
{
    2160:	1f 92       	push	r1
    2162:	0f 92       	push	r0
    2164:	0f b6       	in	r0, 0x3f	; 63
    2166:	0f 92       	push	r0
    2168:	11 24       	eor	r1, r1
    216a:	2f 93       	push	r18
    216c:	3f 93       	push	r19
    216e:	4f 93       	push	r20
    2170:	5f 93       	push	r21
    2172:	6f 93       	push	r22
    2174:	7f 93       	push	r23
    2176:	8f 93       	push	r24
    2178:	9f 93       	push	r25
    217a:	af 93       	push	r26
    217c:	bf 93       	push	r27
    217e:	ef 93       	push	r30
    2180:	ff 93       	push	r31
	/* Execute callback only if a function was assigned */
	if (ADC_CallBack != NULL)
    2182:	e0 91 0c 02 	lds	r30, 0x020C
    2186:	f0 91 0d 02 	lds	r31, 0x020D
    218a:	30 97       	sbiw	r30, 0x00	; 0
    218c:	09 f0       	breq	.+2      	; 0x2190 <__vector_16+0x30>
	{
		ADC_CallBack();
    218e:	09 95       	icall
	}
}
    2190:	ff 91       	pop	r31
    2192:	ef 91       	pop	r30
    2194:	bf 91       	pop	r27
    2196:	af 91       	pop	r26
    2198:	9f 91       	pop	r25
    219a:	8f 91       	pop	r24
    219c:	7f 91       	pop	r23
    219e:	6f 91       	pop	r22
    21a0:	5f 91       	pop	r21
    21a2:	4f 91       	pop	r20
    21a4:	3f 91       	pop	r19
    21a6:	2f 91       	pop	r18
    21a8:	0f 90       	pop	r0
    21aa:	0f be       	out	0x3f, r0	; 63
    21ac:	0f 90       	pop	r0
    21ae:	1f 90       	pop	r1
    21b0:	18 95       	reti

000021b2 <ADC_voidAutoTrigger>:
 *           Auto Trigger source
 *========================================================*/
void ADC_voidAutoTrigger(u8 TriggerSource)
{
	/* Enable ADC Auto Trigger: ADATE = 1 */
	SET_BIT(ADCSRA_REG, ADATE_BIT);
    21b2:	35 9a       	sbi	0x06, 5	; 6

	/* Clear the old Auto Trigger source bits ADTS2:ADTS0 */
	SFIOR_REG &= 0x1F;
    21b4:	90 b7       	in	r25, 0x30	; 48
    21b6:	9f 71       	andi	r25, 0x1F	; 31
    21b8:	90 bf       	out	0x30, r25	; 48

	/* Set the new Auto Trigger source */
	SFIOR_REG |= ((TriggerSource & 0x07) << ADTS0_BIT);
    21ba:	90 b7       	in	r25, 0x30	; 48
    21bc:	82 95       	swap	r24
    21be:	88 0f       	add	r24, r24
    21c0:	80 7e       	andi	r24, 0xE0	; 224
    21c2:	98 2b       	or	r25, r24
    21c4:	90 bf       	out	0x30, r25	; 48
}
    21c6:	08 95       	ret

000021c8 <ADC_voidAutoTriggerDisable>:
 * Purpose : Disable ADC Auto Trigger
 *========================================================*/
void ADC_voidAutoTriggerDisable(void)
{
	/* Disable ADC Auto Trigger: ADATE = 0 */
	CLR_BIT(ADCSRA_REG, ADATE_BIT);
    21c8:	35 98       	cbi	0x06, 5	; 6
}
    21ca:	08 95       	ret

000021cc <ADC_voidSelectChannel>:
 * Purpose : Select the ADC input channel
 *========================================================*/
void ADC_voidSelectChannel(u8 Channel)
{
	/* Clear the old channel selection bits MUX4:MUX0 */
	ADMUX_REG &= 0xE0;
    21cc:	97 b1       	in	r25, 0x07	; 7
    21ce:	90 7e       	andi	r25, 0xE0	; 224
    21d0:	97 b9       	out	0x07, r25	; 7

	/* Set the new channel without affecting the upper ADMUX bits */
	ADMUX_REG |= (Channel & 0x1F);
    21d2:	97 b1       	in	r25, 0x07	; 7
    21d4:	8f 71       	andi	r24, 0x1F	; 31
    21d6:	89 2b       	or	r24, r25
    21d8:	87 b9       	out	0x07, r24	; 7
}
    21da:	08 95       	ret

000021dc <ADC_voidSetPrescaler>:
 * Purpose : Set the ADC Clock Prescaler
 *========================================================*/
void ADC_voidSetPrescaler(u8 Prescaler)
{
	/* Clear the old ADC Prescaler bits ADPS2:ADPS0 */
	ADCSRA_REG &= 0xF8;
    21dc:	96 b1       	in	r25, 0x06	; 6
    21de:	98 7f       	andi	r25, 0xF8	; 248
    21e0:	96 b9       	out	0x06, r25	; 6

	/* Set the new Prescaler without affecting the upper ADCSRA bits */
	ADCSRA_REG |= (Prescaler & 0x07);
    21e2:	96 b1       	in	r25, 0x06	; 6
    21e4:	87 70       	andi	r24, 0x07	; 7
    21e6:	89 2b       	or	r24, r25
    21e8:	86 b9       	out	0x06, r24	; 6
}
    21ea:	08 95       	ret

000021ec <ADC_voidSetReference>:
 * Purpose : Set the ADC Reference Voltage
 *========================================================*/
void ADC_voidSetReference(u8 Reference)
{
	/* Clear the old Reference Selection bits REFS1:REFS0 */
	ADMUX_REG &= 0x3F;
    21ec:	97 b1       	in	r25, 0x07	; 7
    21ee:	9f 73       	andi	r25, 0x3F	; 63
    21f0:	97 b9       	out	0x07, r25	; 7

	/* Set the new Reference without affecting the lower ADMUX bits */
	ADMUX_REG |= ((Reference & 0x03) << REFS0_BIT);
    21f2:	97 b1       	in	r25, 0x07	; 7
    21f4:	82 95       	swap	r24
    21f6:	88 0f       	add	r24, r24
    21f8:	88 0f       	add	r24, r24
    21fa:	80 7c       	andi	r24, 0xC0	; 192
    21fc:	98 2b       	or	r25, r24
    21fe:	97 b9       	out	0x07, r25	; 7
}
    2200:	08 95       	ret

00002202 <ADC_voidSetAdjustment>:
 * Function: ADC_voidSetAdjustment
 * Purpose : Set the ADC result adjustment to Left or Right
 *========================================================*/
void ADC_voidSetAdjustment(u8 Adjustment)
{
	if (Adjustment == ADC_LEFT_ADJUSTMENT)
    2202:	81 30       	cpi	r24, 0x01	; 1
    2204:	11 f4       	brne	.+4      	; 0x220a <ADC_voidSetAdjustment+0x8>
	{
		/* Select Left Adjustment: ADLAR = 1 */
		SET_BIT(ADMUX_REG, ADLAR_BIT);
    2206:	3d 9a       	sbi	0x07, 5	; 7
    2208:	08 95       	ret
	}
	else if (Adjustment == ADC_RIGHT_ADJUSTMENT)
    220a:	88 23       	and	r24, r24
    220c:	09 f4       	brne	.+2      	; 0x2210 <ADC_voidSetAdjustment+0xe>
	{
		/* Select Right Adjustment: ADLAR = 0 */
		CLR_BIT(ADMUX_REG, ADLAR_BIT);
    220e:	3d 98       	cbi	0x07, 5	; 7
    2210:	08 95       	ret

00002212 <ADC_voidInitialization>:
 * Purpose : Disable the ADC peripheral
 *========================================================*/
void ADC_voidADCDisable(void)
{
	/* Disable ADC: ADEN = 0 */
	CLR_BIT(ADCSRA_REG, ADEN_BIT);
    2212:	37 98       	cbi	0x06, 7	; 6
 * Purpose : Disable ADC Auto Trigger
 *========================================================*/
void ADC_voidAutoTriggerDisable(void)
{
	/* Disable ADC Auto Trigger: ADATE = 0 */
	CLR_BIT(ADCSRA_REG, ADATE_BIT);
    2214:	35 98       	cbi	0x06, 5	; 6
 * Purpose : Disable the ADC conversion complete interrupt
 *========================================================*/
void ADC_voidInterruptDisable(void)
{
	/* Disable ADC interrupt: ADIE = 0 */
	CLR_BIT(ADCSRA_REG, ADIE_BIT);
    2216:	33 98       	cbi	0x06, 3	; 6

	/* Start with the ADC interrupt disabled */
	ADC_voidInterruptDisable();

	/* Set the configured ADC result adjustment */
	ADC_voidSetAdjustment(REG_ADJ);
    2218:	80 e0       	ldi	r24, 0x00	; 0
    221a:	0e 94 01 11 	call	0x2202	; 0x2202 <ADC_voidSetAdjustment>
 * Purpose : Select the ADC input channel
 *========================================================*/
void ADC_voidSelectChannel(u8 Channel)
{
	/* Clear the old channel selection bits MUX4:MUX0 */
	ADMUX_REG &= 0xE0;
    221e:	87 b1       	in	r24, 0x07	; 7
    2220:	80 7e       	andi	r24, 0xE0	; 224
    2222:	87 b9       	out	0x07, r24	; 7

	/* Set the new channel without affecting the upper ADMUX bits */
	ADMUX_REG |= (Channel & 0x1F);
    2224:	87 b1       	in	r24, 0x07	; 7
    2226:	87 b9       	out	0x07, r24	; 7
 * Purpose : Set the ADC Clock Prescaler
 *========================================================*/
void ADC_voidSetPrescaler(u8 Prescaler)
{
	/* Clear the old ADC Prescaler bits ADPS2:ADPS0 */
	ADCSRA_REG &= 0xF8;
    2228:	86 b1       	in	r24, 0x06	; 6
    222a:	88 7f       	andi	r24, 0xF8	; 248
    222c:	86 b9       	out	0x06, r24	; 6

	/* Set the new Prescaler without affecting the upper ADCSRA bits */
	ADCSRA_REG |= (Prescaler & 0x07);
    222e:	86 b1       	in	r24, 0x06	; 6
    2230:	86 60       	ori	r24, 0x06	; 6
    2232:	86 b9       	out	0x06, r24	; 6
 * Purpose : Set the ADC Reference Voltage
 *========================================================*/
void ADC_voidSetReference(u8 Reference)
{
	/* Clear the old Reference Selection bits REFS1:REFS0 */
	ADMUX_REG &= 0x3F;
    2234:	87 b1       	in	r24, 0x07	; 7
    2236:	8f 73       	andi	r24, 0x3F	; 63
    2238:	87 b9       	out	0x07, r24	; 7

	/* Set the new Reference without affecting the lower ADMUX bits */
	ADMUX_REG |= ((Reference & 0x03) << REFS0_BIT);
    223a:	3e 9a       	sbi	0x07, 6	; 7
{
	/*
	 * Clear ADC Interrupt Flag.
	 * ADIF is cleared by writing 1 to it.
	 */
	SET_BIT(ADCSRA_REG, ADIF_BIT);
    223c:	34 9a       	sbi	0x06, 4	; 6
	/* Set the configured ADC reference voltage */
	ADC_voidSetReference(ADC_REFERENCE);

	/* Clear any pending ADC conversion complete flag */
	ADC_voidClearInterruptFlag();
}
    223e:	08 95       	ret

00002240 <ADC_voidClearInterruptFlag>:
{
	/*
	 * Clear ADC Interrupt Flag.
	 * ADIF is cleared by writing 1 to it.
	 */
	SET_BIT(ADCSRA_REG, ADIF_BIT);
    2240:	34 9a       	sbi	0x06, 4	; 6
}
    2242:	08 95       	ret

00002244 <ADC_voidWaitForConversion>:
 * Purpose : Wait until the current ADC conversion is complete
 *========================================================*/
void ADC_voidWaitForConversion(void)
{
	/* Wait while the ADC conversion is not complete */
	while(GET_BIT(ADCSRA_REG, ADIF_BIT) == 0);
    2244:	34 9b       	sbis	0x06, 4	; 6
    2246:	fe cf       	rjmp	.-4      	; 0x2244 <ADC_voidWaitForConversion>
}
    2248:	08 95       	ret

0000224a <SERVO_voidSetAngle>:
 * Function: SERVO_voidSetAngle
 * Purpose : Set the Servo Motor to a specific angle
 *           from 0 to SERVO_MAX_ANGLE
 *========================================================*/
void SERVO_voidSetAngle(u8 Angle)
{
    224a:	98 2f       	mov	r25, r24
	/* Check that the requested Servo angle is valid */
	if(Angle <= SERVO_MAX_ANGLE)
    224c:	85 3b       	cpi	r24, 0xB5	; 181
    224e:	58 f4       	brcc	.+22     	; 0x2266 <SERVO_voidSetAngle+0x1c>
	{
		/* Convert the Servo angle to the required HIGH pulse count */
		SERVO_PulseCount =
    2250:	8a e0       	ldi	r24, 0x0A	; 10
    2252:	98 9f       	mul	r25, r24
    2254:	c0 01       	movw	r24, r0
    2256:	11 24       	eor	r1, r1
    2258:	64 eb       	ldi	r22, 0xB4	; 180
    225a:	70 e0       	ldi	r23, 0x00	; 0
    225c:	0e 94 6a 15 	call	0x2ad4	; 0x2ad4 <__udivmodhi4>
    2260:	66 5f       	subi	r22, 0xF6	; 246
    2262:	60 93 e5 01 	sts	0x01E5, r22
    2266:	08 95       	ret

00002268 <SERVO_voidTimerHandler>:
 *           Timer0 CTC interrupt every 100 us
 *========================================================*/
static void SERVO_voidTimerHandler(void)
{
	/* Increment the Servo frame counter every 100 us */
	SERVO_FrameCounter++;
    2268:	80 91 0e 02 	lds	r24, 0x020E
    226c:	8f 5f       	subi	r24, 0xFF	; 255
    226e:	80 93 0e 02 	sts	0x020E, r24

	/* Check if the required Servo HIGH pulse time is completed */
	if(SERVO_FrameCounter == SERVO_PulseCount)
    2272:	90 91 e5 01 	lds	r25, 0x01E5
    2276:	89 17       	cp	r24, r25
    2278:	29 f4       	brne	.+10     	; 0x2284 <SERVO_voidTimerHandler+0x1c>
	{
		/* Set the Servo control signal LOW */
		DIO_voidSetPinValue(SERVO, DIO_LOW);
    227a:	83 e0       	ldi	r24, 0x03	; 3
    227c:	64 e0       	ldi	r22, 0x04	; 4
    227e:	40 e0       	ldi	r20, 0x00	; 0
    2280:	0e 94 b5 0f 	call	0x1f6a	; 0x1f6a <DIO_voidSetPinValue>
	}

	/* Check if the complete 20 ms Servo frame is completed */
	if(SERVO_FrameCounter >= SERVO_FRAME_COUNTS)
    2284:	80 91 0e 02 	lds	r24, 0x020E
    2288:	88 3c       	cpi	r24, 0xC8	; 200
    228a:	38 f0       	brcs	.+14     	; 0x229a <SERVO_voidTimerHandler+0x32>
	{
		/* Start a new Servo frame */
		SERVO_FrameCounter = 0;
    228c:	10 92 0e 02 	sts	0x020E, r1

		/* Start the next Servo control pulse HIGH */
		DIO_voidSetPinValue(SERVO, DIO_HIGH);
    2290:	83 e0       	ldi	r24, 0x03	; 3
    2292:	64 e0       	ldi	r22, 0x04	; 4
    2294:	41 e0       	ldi	r20, 0x01	; 1
    2296:	0e 94 b5 0f 	call	0x1f6a	; 0x1f6a <DIO_voidSetPinValue>
    229a:	08 95       	ret

0000229c <SERVO_voidInitialization>:
 *           Servo Timer0 CTC callback function
 *========================================================*/
void SERVO_voidInitialization(void)
{
    /* Start the Servo at the minimum position */
    SERVO_PulseCount = SERVO_MIN_COUNT;
    229c:	8a e0       	ldi	r24, 0x0A	; 10
    229e:	80 93 e5 01 	sts	0x01E5, r24

    /* Start from the beginning of the Servo frame */
    SERVO_FrameCounter = 0;
    22a2:	10 92 0e 02 	sts	0x020E, r1

    /* Set Timer0 Compare Match every 100 us */
    TIM0_voidSetCompareReg(99);
    22a6:	83 e6       	ldi	r24, 0x63	; 99
    22a8:	0e 94 fb 0d 	call	0x1bf6	; 0x1bf6 <TIM0_voidSetCompareReg>

    /* Start the Servo control signal HIGH */
    DIO_voidSetPinValue(SERVO, DIO_HIGH);
    22ac:	83 e0       	ldi	r24, 0x03	; 3
    22ae:	64 e0       	ldi	r22, 0x04	; 4
    22b0:	41 e0       	ldi	r20, 0x01	; 1
    22b2:	0e 94 b5 0f 	call	0x1f6a	; 0x1f6a <DIO_voidSetPinValue>

    /* Register the Servo handler as the Timer0 CTC callback */
    TIM0_voidCTCSetCallBack(SERVO_voidTimerHandler);
    22b6:	84 e3       	ldi	r24, 0x34	; 52
    22b8:	91 e1       	ldi	r25, 0x11	; 17
    22ba:	0e 94 cd 0d 	call	0x1b9a	; 0x1b9a <TIM0_voidCTCSetCallBack>

    /* Enable the Timer0 Compare Match interrupt */
    TIM0_voidCTCInterruptEnable();
    22be:	0e 94 c2 0d 	call	0x1b84	; 0x1b84 <TIM0_voidCTCInterruptEnable>
}
    22c2:	08 95       	ret

000022c4 <LED_voidToggle>:
 * Function: LED_voidToggle
 * Purpose : Toggle the state of the selected LED
 *========================================================*/
void LED_voidToggle(u8 LedID)
{
	switch(LedID){
    22c4:	88 23       	and	r24, r24
    22c6:	19 f0       	breq	.+6      	; 0x22ce <LED_voidToggle+0xa>
    22c8:	81 30       	cpi	r24, 0x01	; 1
    22ca:	51 f4       	brne	.+20     	; 0x22e0 <LED_voidToggle+0x1c>
    22cc:	05 c0       	rjmp	.+10     	; 0x22d8 <LED_voidToggle+0x14>
	case LED0: DIO_voidTogglePin(LED0_PORT_PIN); break;
    22ce:	83 e0       	ldi	r24, 0x03	; 3
    22d0:	60 e0       	ldi	r22, 0x00	; 0
    22d2:	0e 94 2e 10 	call	0x205c	; 0x205c <DIO_voidTogglePin>
    22d6:	08 95       	ret
	case LED1: DIO_voidTogglePin(LED1_PORT_PIN); break;
    22d8:	83 e0       	ldi	r24, 0x03	; 3
    22da:	61 e0       	ldi	r22, 0x01	; 1
    22dc:	0e 94 2e 10 	call	0x205c	; 0x205c <DIO_voidTogglePin>
    22e0:	08 95       	ret

000022e2 <LED_voidTurnOff>:
 * Function: LED_voidTurnOff
 * Purpose : Turn off the selected LED
 *========================================================*/
void LED_voidTurnOff(u8 LedID)
{
	switch(LedID){
    22e2:	88 23       	and	r24, r24
    22e4:	19 f0       	breq	.+6      	; 0x22ec <LED_voidTurnOff+0xa>
    22e6:	81 30       	cpi	r24, 0x01	; 1
    22e8:	61 f4       	brne	.+24     	; 0x2302 <LED_voidTurnOff+0x20>
    22ea:	06 c0       	rjmp	.+12     	; 0x22f8 <LED_voidTurnOff+0x16>
	case LED0: DIO_voidSetPinValue(LED0_PORT_PIN, DIO_LOW); break;
    22ec:	83 e0       	ldi	r24, 0x03	; 3
    22ee:	60 e0       	ldi	r22, 0x00	; 0
    22f0:	40 e0       	ldi	r20, 0x00	; 0
    22f2:	0e 94 b5 0f 	call	0x1f6a	; 0x1f6a <DIO_voidSetPinValue>
    22f6:	08 95       	ret
	case LED1: DIO_voidSetPinValue(LED1_PORT_PIN, DIO_LOW); break;
    22f8:	83 e0       	ldi	r24, 0x03	; 3
    22fa:	61 e0       	ldi	r22, 0x01	; 1
    22fc:	40 e0       	ldi	r20, 0x00	; 0
    22fe:	0e 94 b5 0f 	call	0x1f6a	; 0x1f6a <DIO_voidSetPinValue>
    2302:	08 95       	ret

00002304 <LED_voidTurnOn>:
 * Function: LED_voidTurnOn
 * Purpose : Turn on the selected LED
 *========================================================*/
void LED_voidTurnOn(u8 LedID)
{
	switch(LedID){
    2304:	88 23       	and	r24, r24
    2306:	19 f0       	breq	.+6      	; 0x230e <LED_voidTurnOn+0xa>
    2308:	81 30       	cpi	r24, 0x01	; 1
    230a:	61 f4       	brne	.+24     	; 0x2324 <LED_voidTurnOn+0x20>
    230c:	06 c0       	rjmp	.+12     	; 0x231a <LED_voidTurnOn+0x16>
	case LED0: DIO_voidSetPinValue(LED0_PORT_PIN, DIO_HIGH); break;
    230e:	83 e0       	ldi	r24, 0x03	; 3
    2310:	60 e0       	ldi	r22, 0x00	; 0
    2312:	41 e0       	ldi	r20, 0x01	; 1
    2314:	0e 94 b5 0f 	call	0x1f6a	; 0x1f6a <DIO_voidSetPinValue>
    2318:	08 95       	ret
	case LED1: DIO_voidSetPinValue(LED1_PORT_PIN, DIO_HIGH); break;
    231a:	83 e0       	ldi	r24, 0x03	; 3
    231c:	61 e0       	ldi	r22, 0x01	; 1
    231e:	41 e0       	ldi	r20, 0x01	; 1
    2320:	0e 94 b5 0f 	call	0x1f6a	; 0x1f6a <DIO_voidSetPinValue>
    2324:	08 95       	ret

00002326 <LCD_voidWriteBus>:
/*========================================================
 * Function: LCD_voidWriteBus
 * Purpose : Send an 8-bit value to the LCD data bus
 *========================================================*/
static void LCD_voidWriteBus(u8 Value)
{
    2326:	0f 93       	push	r16
    2328:	1f 93       	push	r17
    232a:	18 2f       	mov	r17, r24
	/* Send each bit of the value to its corresponding data pin */
	DIO_voidSetPinValue(LCD_D0, GET_BIT(Value, 0));
    232c:	48 2f       	mov	r20, r24
    232e:	41 70       	andi	r20, 0x01	; 1
    2330:	80 e0       	ldi	r24, 0x00	; 0
    2332:	67 e0       	ldi	r22, 0x07	; 7
    2334:	0e 94 b5 0f 	call	0x1f6a	; 0x1f6a <DIO_voidSetPinValue>
	DIO_voidSetPinValue(LCD_D1, GET_BIT(Value, 1));
    2338:	41 2f       	mov	r20, r17
    233a:	46 95       	lsr	r20
    233c:	41 70       	andi	r20, 0x01	; 1
    233e:	80 e0       	ldi	r24, 0x00	; 0
    2340:	66 e0       	ldi	r22, 0x06	; 6
    2342:	0e 94 b5 0f 	call	0x1f6a	; 0x1f6a <DIO_voidSetPinValue>
	DIO_voidSetPinValue(LCD_D2, GET_BIT(Value, 2));
    2346:	41 2f       	mov	r20, r17
    2348:	46 95       	lsr	r20
    234a:	46 95       	lsr	r20
    234c:	41 70       	andi	r20, 0x01	; 1
    234e:	80 e0       	ldi	r24, 0x00	; 0
    2350:	65 e0       	ldi	r22, 0x05	; 5
    2352:	0e 94 b5 0f 	call	0x1f6a	; 0x1f6a <DIO_voidSetPinValue>
	DIO_voidSetPinValue(LCD_D3, GET_BIT(Value, 3));
    2356:	41 2f       	mov	r20, r17
    2358:	46 95       	lsr	r20
    235a:	46 95       	lsr	r20
    235c:	46 95       	lsr	r20
    235e:	41 70       	andi	r20, 0x01	; 1
    2360:	80 e0       	ldi	r24, 0x00	; 0
    2362:	64 e0       	ldi	r22, 0x04	; 4
    2364:	0e 94 b5 0f 	call	0x1f6a	; 0x1f6a <DIO_voidSetPinValue>
	DIO_voidSetPinValue(LCD_D4, GET_BIT(Value, 4));
    2368:	41 2f       	mov	r20, r17
    236a:	42 95       	swap	r20
    236c:	41 70       	andi	r20, 0x01	; 1
    236e:	80 e0       	ldi	r24, 0x00	; 0
    2370:	63 e0       	ldi	r22, 0x03	; 3
    2372:	0e 94 b5 0f 	call	0x1f6a	; 0x1f6a <DIO_voidSetPinValue>
	DIO_voidSetPinValue(LCD_D5, GET_BIT(Value, 5));
    2376:	41 2f       	mov	r20, r17
    2378:	42 95       	swap	r20
    237a:	46 95       	lsr	r20
    237c:	41 70       	andi	r20, 0x01	; 1
    237e:	80 e0       	ldi	r24, 0x00	; 0
    2380:	62 e0       	ldi	r22, 0x02	; 2
    2382:	0e 94 b5 0f 	call	0x1f6a	; 0x1f6a <DIO_voidSetPinValue>
	DIO_voidSetPinValue(LCD_D6, GET_BIT(Value, 6));
    2386:	12 95       	swap	r17
    2388:	16 95       	lsr	r17
    238a:	16 95       	lsr	r17
    238c:	13 70       	andi	r17, 0x03	; 3
    238e:	41 2f       	mov	r20, r17
    2390:	41 70       	andi	r20, 0x01	; 1
    2392:	80 e0       	ldi	r24, 0x00	; 0
    2394:	61 e0       	ldi	r22, 0x01	; 1
    2396:	0e 94 b5 0f 	call	0x1f6a	; 0x1f6a <DIO_voidSetPinValue>
	DIO_voidSetPinValue(LCD_D7, GET_BIT(Value, 7));
    239a:	16 95       	lsr	r17
    239c:	80 e0       	ldi	r24, 0x00	; 0
    239e:	60 e0       	ldi	r22, 0x00	; 0
    23a0:	41 2f       	mov	r20, r17
    23a2:	0e 94 b5 0f 	call	0x1f6a	; 0x1f6a <DIO_voidSetPinValue>

	/* Generate the Enable pulse to latch the data */
	DIO_voidSetPinValue(LCD_EN, DIO_HIGH);
    23a6:	81 e0       	ldi	r24, 0x01	; 1
    23a8:	60 e0       	ldi	r22, 0x00	; 0
    23aa:	41 e0       	ldi	r20, 0x01	; 1
    23ac:	0e 94 b5 0f 	call	0x1f6a	; 0x1f6a <DIO_voidSetPinValue>
    milliseconds can be achieved.
 */
void
_delay_loop_2(uint16_t __count)
{
	__asm__ volatile (
    23b0:	00 ea       	ldi	r16, 0xA0	; 160
    23b2:	1f e0       	ldi	r17, 0x0F	; 15
    23b4:	c8 01       	movw	r24, r16
    23b6:	01 97       	sbiw	r24, 0x01	; 1
    23b8:	f1 f7       	brne	.-4      	; 0x23b6 <LCD_voidWriteBus+0x90>
	_delay_ms(2);

	DIO_voidSetPinValue(LCD_EN, DIO_LOW);
    23ba:	81 e0       	ldi	r24, 0x01	; 1
    23bc:	60 e0       	ldi	r22, 0x00	; 0
    23be:	40 e0       	ldi	r20, 0x00	; 0
    23c0:	0e 94 b5 0f 	call	0x1f6a	; 0x1f6a <DIO_voidSetPinValue>
    23c4:	c8 01       	movw	r24, r16
    23c6:	01 97       	sbiw	r24, 0x01	; 1
    23c8:	f1 f7       	brne	.-4      	; 0x23c6 <LCD_voidWriteBus+0xa0>
	_delay_ms(2);
}
    23ca:	1f 91       	pop	r17
    23cc:	0f 91       	pop	r16
    23ce:	08 95       	ret

000023d0 <LCD_voidSendData>:
/*========================================================
 * Function: LCD_voidSendData
 * Purpose : Send data to be displayed on the LCD
 *========================================================*/
void LCD_voidSendData(u8 Data)
{
    23d0:	1f 93       	push	r17
    23d2:	18 2f       	mov	r17, r24
	/* Select the data register: RS = 1 */
	DIO_voidSetPinValue(LCD_RS, DIO_HIGH);
    23d4:	81 e0       	ldi	r24, 0x01	; 1
    23d6:	62 e0       	ldi	r22, 0x02	; 2
    23d8:	41 e0       	ldi	r20, 0x01	; 1
    23da:	0e 94 b5 0f 	call	0x1f6a	; 0x1f6a <DIO_voidSetPinValue>

	/* Select write operation: RW = 0 */
	DIO_voidSetPinValue(LCD_RW, DIO_LOW);
    23de:	81 e0       	ldi	r24, 0x01	; 1
    23e0:	61 e0       	ldi	r22, 0x01	; 1
    23e2:	40 e0       	ldi	r20, 0x00	; 0
    23e4:	0e 94 b5 0f 	call	0x1f6a	; 0x1f6a <DIO_voidSetPinValue>

	/* Send the data to the LCD data bus */
	LCD_voidWriteBus(Data);
    23e8:	81 2f       	mov	r24, r17
    23ea:	0e 94 93 11 	call	0x2326	; 0x2326 <LCD_voidWriteBus>
}
    23ee:	1f 91       	pop	r17
    23f0:	08 95       	ret

000023f2 <LCD_voidWriteNumber>:
/*========================================================
 * Function: LCD_voidWriteNumber
 * Purpose : Display an unsigned number on the LCD
 *========================================================*/
void LCD_voidWriteNumber(u64 Number)
{
    23f2:	2f 92       	push	r2
    23f4:	3f 92       	push	r3
    23f6:	4f 92       	push	r4
    23f8:	5f 92       	push	r5
    23fa:	6f 92       	push	r6
    23fc:	7f 92       	push	r7
    23fe:	8f 92       	push	r8
    2400:	9f 92       	push	r9
    2402:	af 92       	push	r10
    2404:	bf 92       	push	r11
    2406:	cf 92       	push	r12
    2408:	df 92       	push	r13
    240a:	ef 92       	push	r14
    240c:	ff 92       	push	r15
    240e:	0f 93       	push	r16
    2410:	1f 93       	push	r17
    2412:	df 93       	push	r29
    2414:	cf 93       	push	r28
    2416:	cd b7       	in	r28, 0x3d	; 61
    2418:	de b7       	in	r29, 0x3e	; 62
    241a:	63 97       	sbiw	r28, 0x13	; 19
    241c:	0f b6       	in	r0, 0x3f	; 63
    241e:	f8 94       	cli
    2420:	de bf       	out	0x3e, r29	; 62
    2422:	0f be       	out	0x3f, r0	; 63
    2424:	cd bf       	out	0x3d, r28	; 61
    2426:	92 2e       	mov	r9, r18
    2428:	83 2e       	mov	r8, r19
    242a:	34 2e       	mov	r3, r20
    242c:	45 2e       	mov	r4, r21
    242e:	56 2e       	mov	r5, r22
    2430:	67 2e       	mov	r6, r23
    2432:	78 2e       	mov	r7, r24
    2434:	29 2e       	mov	r2, r25
	if(Number <= MAX_16_DIGITS)
    2436:	99 23       	and	r25, r25
    2438:	09 f0       	breq	.+2      	; 0x243c <LCD_voidWriteNumber+0x4a>
    243a:	7d c0       	rjmp	.+250    	; 0x2536 <LCD_voidWriteNumber+0x144>
    243c:	23 e2       	ldi	r18, 0x23	; 35
    243e:	28 17       	cp	r18, r24
    2440:	08 f4       	brcc	.+2      	; 0x2444 <LCD_voidWriteNumber+0x52>
    2442:	79 c0       	rjmp	.+242    	; 0x2536 <LCD_voidWriteNumber+0x144>
    2444:	82 17       	cp	r24, r18
    2446:	b1 f4       	brne	.+44     	; 0x2474 <LCD_voidWriteNumber+0x82>
    2448:	86 e8       	ldi	r24, 0x86	; 134
    244a:	87 17       	cp	r24, r23
    244c:	08 f4       	brcc	.+2      	; 0x2450 <LCD_voidWriteNumber+0x5e>
    244e:	73 c0       	rjmp	.+230    	; 0x2536 <LCD_voidWriteNumber+0x144>
    2450:	78 17       	cp	r23, r24
    2452:	81 f4       	brne	.+32     	; 0x2474 <LCD_voidWriteNumber+0x82>
    2454:	92 ef       	ldi	r25, 0xF2	; 242
    2456:	96 17       	cp	r25, r22
    2458:	08 f4       	brcc	.+2      	; 0x245c <LCD_voidWriteNumber+0x6a>
    245a:	6d c0       	rjmp	.+218    	; 0x2536 <LCD_voidWriteNumber+0x144>
    245c:	69 17       	cp	r22, r25
    245e:	51 f4       	brne	.+20     	; 0x2474 <LCD_voidWriteNumber+0x82>
    2460:	ef e6       	ldi	r30, 0x6F	; 111
    2462:	e5 17       	cp	r30, r21
    2464:	08 f4       	brcc	.+2      	; 0x2468 <LCD_voidWriteNumber+0x76>
    2466:	67 c0       	rjmp	.+206    	; 0x2536 <LCD_voidWriteNumber+0x144>
    2468:	5e 17       	cp	r21, r30
    246a:	21 f4       	brne	.+8      	; 0x2474 <LCD_voidWriteNumber+0x82>
    246c:	f0 ec       	ldi	r31, 0xC0	; 192
    246e:	f4 17       	cp	r31, r20
    2470:	08 f4       	brcc	.+2      	; 0x2474 <LCD_voidWriteNumber+0x82>
    2472:	61 c0       	rjmp	.+194    	; 0x2536 <LCD_voidWriteNumber+0x144>
	{
		u8 Local_u8Digits[16];
		u8 Local_u8Count = 0;

		/* Handle zero separately */
		if(Number == 0)
    2474:	89 2d       	mov	r24, r9
    2476:	88 29       	or	r24, r8
    2478:	83 29       	or	r24, r3
    247a:	84 29       	or	r24, r4
    247c:	85 29       	or	r24, r5
    247e:	86 29       	or	r24, r6
    2480:	87 29       	or	r24, r7
    2482:	21 f4       	brne	.+8      	; 0x248c <LCD_voidWriteNumber+0x9a>
		{
			LCD_voidSendData('0');
    2484:	80 e3       	ldi	r24, 0x30	; 48
    2486:	0e 94 e8 11 	call	0x23d0	; 0x23d0 <LCD_voidSendData>
    248a:	55 c0       	rjmp	.+170    	; 0x2536 <LCD_voidWriteNumber+0x144>
    248c:	19 8a       	std	Y+17, r1	; 0x11
		else
		{
			/* Store the digits in reverse order */
			while(Number != 0)
			{
				Local_u8Digits[Local_u8Count] = Number % 10;
    248e:	81 e0       	ldi	r24, 0x01	; 1
    2490:	90 e0       	ldi	r25, 0x00	; 0
    2492:	8c 0f       	add	r24, r28
    2494:	9d 1f       	adc	r25, r29
    2496:	e9 89       	ldd	r30, Y+17	; 0x11
    2498:	8e 0f       	add	r24, r30
    249a:	91 1d       	adc	r25, r1
    249c:	9b 8b       	std	Y+19, r25	; 0x13
    249e:	8a 8b       	std	Y+18, r24	; 0x12
    24a0:	29 2d       	mov	r18, r9
    24a2:	38 2d       	mov	r19, r8
    24a4:	43 2d       	mov	r20, r3
    24a6:	54 2d       	mov	r21, r4
    24a8:	65 2d       	mov	r22, r5
    24aa:	76 2d       	mov	r23, r6
    24ac:	87 2d       	mov	r24, r7
    24ae:	92 2d       	mov	r25, r2
    24b0:	ea e0       	ldi	r30, 0x0A	; 10
    24b2:	ae 2e       	mov	r10, r30
    24b4:	bb 24       	eor	r11, r11
    24b6:	cc 24       	eor	r12, r12
    24b8:	dd 24       	eor	r13, r13
    24ba:	ee 24       	eor	r14, r14
    24bc:	ff 24       	eor	r15, r15
    24be:	00 e0       	ldi	r16, 0x00	; 0
    24c0:	10 e0       	ldi	r17, 0x00	; 0
    24c2:	0e 94 be 06 	call	0xd7c	; 0xd7c <__umoddi3>
    24c6:	ea 89       	ldd	r30, Y+18	; 0x12
    24c8:	fb 89       	ldd	r31, Y+19	; 0x13
    24ca:	20 83       	st	Z, r18
				Number /= 10;
    24cc:	29 2d       	mov	r18, r9
    24ce:	38 2d       	mov	r19, r8
    24d0:	43 2d       	mov	r20, r3
    24d2:	54 2d       	mov	r21, r4
    24d4:	65 2d       	mov	r22, r5
    24d6:	76 2d       	mov	r23, r6
    24d8:	87 2d       	mov	r24, r7
    24da:	92 2d       	mov	r25, r2
    24dc:	0e 94 49 00 	call	0x92	; 0x92 <__udivdi3>
    24e0:	92 2e       	mov	r9, r18
    24e2:	83 2e       	mov	r8, r19
    24e4:	34 2e       	mov	r3, r20
    24e6:	45 2e       	mov	r4, r21
    24e8:	56 2e       	mov	r5, r22
    24ea:	67 2e       	mov	r6, r23
    24ec:	78 2e       	mov	r7, r24
    24ee:	29 2e       	mov	r2, r25
				Local_u8Count++;
    24f0:	f9 89       	ldd	r31, Y+17	; 0x11
    24f2:	ff 5f       	subi	r31, 0xFF	; 255
    24f4:	f9 8b       	std	Y+17, r31	; 0x11
			LCD_voidSendData('0');
		}
		else
		{
			/* Store the digits in reverse order */
			while(Number != 0)
    24f6:	82 2f       	mov	r24, r18
    24f8:	88 29       	or	r24, r8
    24fa:	83 29       	or	r24, r3
    24fc:	84 29       	or	r24, r4
    24fe:	85 29       	or	r24, r5
    2500:	86 29       	or	r24, r6
    2502:	87 29       	or	r24, r7
    2504:	82 29       	or	r24, r2
    2506:	19 f6       	brne	.-122    	; 0x248e <LCD_voidWriteNumber+0x9c>
				Number /= 10;
				Local_u8Count++;
			}

			/* Display the digits in the correct order */
			for(s8 Local_s8Iterator = Local_u8Count - 1;
    2508:	ff 2e       	mov	r15, r31
    250a:	fa 94       	dec	r15
    250c:	0f 2d       	mov	r16, r15
    250e:	11 27       	eor	r17, r17
    2510:	07 fd       	sbrc	r16, 7
    2512:	10 95       	com	r17
    2514:	81 e0       	ldi	r24, 0x01	; 1
    2516:	90 e0       	ldi	r25, 0x00	; 0
    2518:	8c 0f       	add	r24, r28
    251a:	9d 1f       	adc	r25, r29
    251c:	08 0f       	add	r16, r24
    251e:	19 1f       	adc	r17, r25
    2520:	08 c0       	rjmp	.+16     	; 0x2532 <LCD_voidWriteNumber+0x140>
					Local_s8Iterator >= 0;
					Local_s8Iterator--)
			{
				LCD_voidSendData(Local_u8Digits[Local_s8Iterator] + '0');
    2522:	f8 01       	movw	r30, r16
    2524:	80 81       	ld	r24, Z
    2526:	80 5d       	subi	r24, 0xD0	; 208
    2528:	0e 94 e8 11 	call	0x23d0	; 0x23d0 <LCD_voidSendData>
			}

			/* Display the digits in the correct order */
			for(s8 Local_s8Iterator = Local_u8Count - 1;
					Local_s8Iterator >= 0;
					Local_s8Iterator--)
    252c:	fa 94       	dec	r15
    252e:	01 50       	subi	r16, 0x01	; 1
    2530:	10 40       	sbci	r17, 0x00	; 0
				Local_u8Count++;
			}

			/* Display the digits in the correct order */
			for(s8 Local_s8Iterator = Local_u8Count - 1;
					Local_s8Iterator >= 0;
    2532:	f7 fe       	sbrs	r15, 7
    2534:	f6 cf       	rjmp	.-20     	; 0x2522 <LCD_voidWriteNumber+0x130>
	}
	else
	{
		/* Number exceeds the supported 16-digit limit */
	}
}
    2536:	63 96       	adiw	r28, 0x13	; 19
    2538:	0f b6       	in	r0, 0x3f	; 63
    253a:	f8 94       	cli
    253c:	de bf       	out	0x3e, r29	; 62
    253e:	0f be       	out	0x3f, r0	; 63
    2540:	cd bf       	out	0x3d, r28	; 61
    2542:	cf 91       	pop	r28
    2544:	df 91       	pop	r29
    2546:	1f 91       	pop	r17
    2548:	0f 91       	pop	r16
    254a:	ff 90       	pop	r15
    254c:	ef 90       	pop	r14
    254e:	df 90       	pop	r13
    2550:	cf 90       	pop	r12
    2552:	bf 90       	pop	r11
    2554:	af 90       	pop	r10
    2556:	9f 90       	pop	r9
    2558:	8f 90       	pop	r8
    255a:	7f 90       	pop	r7
    255c:	6f 90       	pop	r6
    255e:	5f 90       	pop	r5
    2560:	4f 90       	pop	r4
    2562:	3f 90       	pop	r3
    2564:	2f 90       	pop	r2
    2566:	08 95       	ret

00002568 <LCD_voidWriteString>:
/*========================================================
 * Function: LCD_voidWriteString
 * Purpose : Display a string on the LCD
 *========================================================*/
void LCD_voidWriteString(u8* String)
{
    2568:	cf 93       	push	r28
    256a:	df 93       	push	r29
    256c:	ec 01       	movw	r28, r24
    256e:	03 c0       	rjmp	.+6      	; 0x2576 <LCD_voidWriteString+0xe>
	/* Send characters one by one until the null terminator */
	while(*String != '\0')
	{
		LCD_voidSendData(*String);
    2570:	0e 94 e8 11 	call	0x23d0	; 0x23d0 <LCD_voidSendData>
		String++;
    2574:	21 96       	adiw	r28, 0x01	; 1
 * Purpose : Display a string on the LCD
 *========================================================*/
void LCD_voidWriteString(u8* String)
{
	/* Send characters one by one until the null terminator */
	while(*String != '\0')
    2576:	88 81       	ld	r24, Y
    2578:	88 23       	and	r24, r24
    257a:	d1 f7       	brne	.-12     	; 0x2570 <LCD_voidWriteString+0x8>
	{
		LCD_voidSendData(*String);
		String++;
	}
}
    257c:	df 91       	pop	r29
    257e:	cf 91       	pop	r28
    2580:	08 95       	ret

00002582 <LCD_voidSendCommand>:
/*========================================================
 * Function: LCD_voidSendCommand
 * Purpose : Send a command to the LCD
 *========================================================*/
void LCD_voidSendCommand(u8 Command)
{
    2582:	1f 93       	push	r17
    2584:	18 2f       	mov	r17, r24
	/* Select the instruction register: RS = 0 */
	DIO_voidSetPinValue(LCD_RS, DIO_LOW);
    2586:	81 e0       	ldi	r24, 0x01	; 1
    2588:	62 e0       	ldi	r22, 0x02	; 2
    258a:	40 e0       	ldi	r20, 0x00	; 0
    258c:	0e 94 b5 0f 	call	0x1f6a	; 0x1f6a <DIO_voidSetPinValue>

	/* Select write operation: RW = 0 */
	DIO_voidSetPinValue(LCD_RW, DIO_LOW);
    2590:	81 e0       	ldi	r24, 0x01	; 1
    2592:	61 e0       	ldi	r22, 0x01	; 1
    2594:	40 e0       	ldi	r20, 0x00	; 0
    2596:	0e 94 b5 0f 	call	0x1f6a	; 0x1f6a <DIO_voidSetPinValue>

	/* Send the command to the LCD data bus */
	LCD_voidWriteBus(Command);
    259a:	81 2f       	mov	r24, r17
    259c:	0e 94 93 11 	call	0x2326	; 0x2326 <LCD_voidWriteBus>
}
    25a0:	1f 91       	pop	r17
    25a2:	08 95       	ret

000025a4 <LCD_voidClear>:
 * Purpose : Clear the LCD display
 *========================================================*/
void LCD_voidClear(void)
{
	/* Send the Clear Display command */
	LCD_voidSendCommand(LCD_CLEAR);
    25a4:	81 e0       	ldi	r24, 0x01	; 1
    25a6:	0e 94 c1 12 	call	0x2582	; 0x2582 <LCD_voidSendCommand>
    25aa:	80 ea       	ldi	r24, 0xA0	; 160
    25ac:	9f e0       	ldi	r25, 0x0F	; 15
    25ae:	01 97       	sbiw	r24, 0x01	; 1
    25b0:	f1 f7       	brne	.-4      	; 0x25ae <LCD_voidClear+0xa>

	/* Wait for the LCD to complete the clear operation */
	_delay_ms(2);
}
    25b2:	08 95       	ret

000025b4 <LCD_voidGoToXY>:
 * Purpose : Move the LCD cursor to the specified position
 *========================================================*/
void LCD_voidGoToXY(u8 X, u8 Y)
{
	/* Check that the column position is valid */
	if(X <= 15)
    25b4:	80 31       	cpi	r24, 0x10	; 16
    25b6:	60 f4       	brcc	.+24     	; 0x25d0 <LCD_voidGoToXY+0x1c>
	{
		switch(Y){
    25b8:	61 30       	cpi	r22, 0x01	; 1
    25ba:	19 f0       	breq	.+6      	; 0x25c2 <LCD_voidGoToXY+0xe>
    25bc:	62 30       	cpi	r22, 0x02	; 2
    25be:	41 f4       	brne	.+16     	; 0x25d0 <LCD_voidGoToXY+0x1c>
    25c0:	04 c0       	rjmp	.+8      	; 0x25ca <LCD_voidGoToXY+0x16>
		case 1: LCD_voidSendCommand(LCD_FIRST_LINE + X); break;
    25c2:	80 58       	subi	r24, 0x80	; 128
    25c4:	0e 94 c1 12 	call	0x2582	; 0x2582 <LCD_voidSendCommand>
    25c8:	08 95       	ret
		case 2: LCD_voidSendCommand(LCD_SECOND_LINE + X); break;
    25ca:	80 54       	subi	r24, 0x40	; 64
    25cc:	0e 94 c1 12 	call	0x2582	; 0x2582 <LCD_voidSendCommand>
    25d0:	08 95       	ret

000025d2 <LCD_voidInitialization>:
/*========================================================
 * Function: LCD_voidInitialization
 * Purpose : Initialize the LCD in 8-bit mode
 *========================================================*/
void LCD_voidInitialization(void)
{
    25d2:	0f 93       	push	r16
    25d4:	1f 93       	push	r17
    25d6:	8e e5       	ldi	r24, 0x5E	; 94
    25d8:	91 e0       	ldi	r25, 0x01	; 1
    25da:	28 ec       	ldi	r18, 0xC8	; 200
    25dc:	30 e0       	ldi	r19, 0x00	; 0
    25de:	f9 01       	movw	r30, r18
    25e0:	31 97       	sbiw	r30, 0x01	; 1
    25e2:	f1 f7       	brne	.-4      	; 0x25e0 <LCD_voidInitialization+0xe>
		__ticks = (uint16_t) (__ms * 10.0);
		while(__ticks)
		{
			// wait 1/10 ms
			_delay_loop_2(((F_CPU) / 4e3) / 10);
			__ticks --;
    25e4:	01 97       	sbiw	r24, 0x01	; 1
		__ticks = 1;
	else if (__tmp > 65535)
	{
		//	__ticks = requested delay in 1/10 ms
		__ticks = (uint16_t) (__ms * 10.0);
		while(__ticks)
    25e6:	d9 f7       	brne	.-10     	; 0x25de <LCD_voidInitialization+0xc>
	/* Wait for the LCD to power up */
	_delay_ms(35);

	/* Return the cursor to the home position */
	LCD_voidSendCommand(LCD_HOME);
    25e8:	82 e0       	ldi	r24, 0x02	; 2
    25ea:	0e 94 c1 12 	call	0x2582	; 0x2582 <LCD_voidSendCommand>
    25ee:	00 ed       	ldi	r16, 0xD0	; 208
    25f0:	17 e0       	ldi	r17, 0x07	; 7
    25f2:	c8 01       	movw	r24, r16
    25f4:	01 97       	sbiw	r24, 0x01	; 1
    25f6:	f1 f7       	brne	.-4      	; 0x25f4 <LCD_voidInitialization+0x22>
	_delay_ms(1);

	/* Configure the LCD in 8-bit mode */
	LCD_voidSendCommand(LCD_FUNCTION_SET_8BIT);
    25f8:	88 e3       	ldi	r24, 0x38	; 56
    25fa:	0e 94 c1 12 	call	0x2582	; 0x2582 <LCD_voidSendCommand>
    25fe:	c8 01       	movw	r24, r16
    2600:	01 97       	sbiw	r24, 0x01	; 1
    2602:	f1 f7       	brne	.-4      	; 0x2600 <LCD_voidInitialization+0x2e>
	_delay_ms(1);

	/* Turn the LCD display on */
	LCD_voidSendCommand(LCD_DISPLAY_ON);
    2604:	8c e0       	ldi	r24, 0x0C	; 12
    2606:	0e 94 c1 12 	call	0x2582	; 0x2582 <LCD_voidSendCommand>
    260a:	c8 01       	movw	r24, r16
    260c:	01 97       	sbiw	r24, 0x01	; 1
    260e:	f1 f7       	brne	.-4      	; 0x260c <LCD_voidInitialization+0x3a>
	_delay_ms(1);

	/* Clear the LCD display */
	LCD_voidSendCommand(LCD_CLEAR);
    2610:	81 e0       	ldi	r24, 0x01	; 1
    2612:	0e 94 c1 12 	call	0x2582	; 0x2582 <LCD_voidSendCommand>
    2616:	80 ea       	ldi	r24, 0xA0	; 160
    2618:	9f e0       	ldi	r25, 0x0F	; 15
    261a:	01 97       	sbiw	r24, 0x01	; 1
    261c:	f1 f7       	brne	.-4      	; 0x261a <LCD_voidInitialization+0x48>
	_delay_ms(2);

	/* Configure the LCD entry mode */
	LCD_voidSendCommand(LCD_ENTRY_MODE);
    261e:	86 e0       	ldi	r24, 0x06	; 6
    2620:	0e 94 c1 12 	call	0x2582	; 0x2582 <LCD_voidSendCommand>
    2624:	c8 01       	movw	r24, r16
    2626:	01 97       	sbiw	r24, 0x01	; 1
    2628:	f1 f7       	brne	.-4      	; 0x2626 <LCD_voidInitialization+0x54>
	_delay_ms(1);
}
    262a:	1f 91       	pop	r17
    262c:	0f 91       	pop	r16
    262e:	08 95       	ret

00002630 <KEYPAD_u8GetPressedKey>:
/*========================================================
 * Function: KEYPAD_u8GetPressedKey
 * Purpose : Scan the keypad and return the pressed key
 *========================================================*/
u8 KEYPAD_u8GetPressedKey(void)
{
    2630:	4f 92       	push	r4
    2632:	5f 92       	push	r5
    2634:	6f 92       	push	r6
    2636:	7f 92       	push	r7
    2638:	8f 92       	push	r8
    263a:	9f 92       	push	r9
    263c:	af 92       	push	r10
    263e:	bf 92       	push	r11
    2640:	cf 92       	push	r12
    2642:	df 92       	push	r13
    2644:	ef 92       	push	r14
    2646:	ff 92       	push	r15
    2648:	0f 93       	push	r16
    264a:	1f 93       	push	r17
    264c:	cf 93       	push	r28
    264e:	df 93       	push	r29
    2650:	cc ef       	ldi	r28, 0xFC	; 252
    2652:	d1 e0       	ldi	r29, 0x01	; 1
    2654:	ee 24       	eor	r14, r14
    2656:	ff 24       	eor	r15, r15

		/* Check each row in the current column */
		for(Local_u8Row = 0; Local_u8Row < KEYPAD_ROWS_NUM; Local_u8Row++)
		{
			/* Check if the current key is pressed */
			if(DIO_u8GetPinValue(KEYPAD_ROWS[Local_u8Row][0],
    2658:	40 90 e8 01 	lds	r4, 0x01E8
    265c:	50 90 e9 01 	lds	r5, 0x01E9
    2660:	60 90 ea 01 	lds	r6, 0x01EA
    2664:	70 90 eb 01 	lds	r7, 0x01EB
    2668:	80 90 ec 01 	lds	r8, 0x01EC
    266c:	90 90 ed 01 	lds	r9, 0x01ED
    2670:	a0 90 ee 01 	lds	r10, 0x01EE
    2674:	b0 90 ef 01 	lds	r11, 0x01EF
 * Purpose : Activate the selected keypad column
 *========================================================*/
static void KEYPAD_voidActivateColumn(u8 Col)
{
    /* Activate the column by setting it Low */
    DIO_voidSetPinValue(KEYPAD_COLS[Col][0],
    2678:	d8 80       	ld	r13, Y
    267a:	c9 80       	ldd	r12, Y+1	; 0x01
    267c:	8d 2d       	mov	r24, r13
    267e:	6c 2d       	mov	r22, r12
    2680:	40 e0       	ldi	r20, 0x00	; 0
    2682:	0e 94 b5 0f 	call	0x1f6a	; 0x1f6a <DIO_voidSetPinValue>

		/* Check each row in the current column */
		for(Local_u8Row = 0; Local_u8Row < KEYPAD_ROWS_NUM; Local_u8Row++)
		{
			/* Check if the current key is pressed */
			if(DIO_u8GetPinValue(KEYPAD_ROWS[Local_u8Row][0],
    2686:	82 01       	movw	r16, r4
    2688:	84 2d       	mov	r24, r4
    268a:	61 2f       	mov	r22, r17
    268c:	0e 94 7a 10 	call	0x20f4	; 0x20f4 <DIO_u8GetPinValue>
    2690:	88 23       	and	r24, r24
    2692:	19 f4       	brne	.+6      	; 0x269a <KEYPAD_u8GetPressedKey+0x6a>
    2694:	c0 e0       	ldi	r28, 0x00	; 0
    2696:	d0 e0       	ldi	r29, 0x00	; 0
    2698:	1d c0       	rjmp	.+58     	; 0x26d4 <KEYPAD_u8GetPressedKey+0xa4>
    269a:	83 01       	movw	r16, r6
    269c:	86 2d       	mov	r24, r6
    269e:	61 2f       	mov	r22, r17
    26a0:	0e 94 7a 10 	call	0x20f4	; 0x20f4 <DIO_u8GetPinValue>
    26a4:	88 23       	and	r24, r24
    26a6:	19 f4       	brne	.+6      	; 0x26ae <KEYPAD_u8GetPressedKey+0x7e>
    26a8:	c1 e0       	ldi	r28, 0x01	; 1
    26aa:	d0 e0       	ldi	r29, 0x00	; 0
    26ac:	13 c0       	rjmp	.+38     	; 0x26d4 <KEYPAD_u8GetPressedKey+0xa4>
    26ae:	84 01       	movw	r16, r8
    26b0:	88 2d       	mov	r24, r8
    26b2:	61 2f       	mov	r22, r17
    26b4:	0e 94 7a 10 	call	0x20f4	; 0x20f4 <DIO_u8GetPinValue>
    26b8:	88 23       	and	r24, r24
    26ba:	19 f4       	brne	.+6      	; 0x26c2 <KEYPAD_u8GetPressedKey+0x92>
    26bc:	c2 e0       	ldi	r28, 0x02	; 2
    26be:	d0 e0       	ldi	r29, 0x00	; 0
    26c0:	09 c0       	rjmp	.+18     	; 0x26d4 <KEYPAD_u8GetPressedKey+0xa4>
    26c2:	85 01       	movw	r16, r10
    26c4:	8a 2d       	mov	r24, r10
    26c6:	61 2f       	mov	r22, r17
    26c8:	0e 94 7a 10 	call	0x20f4	; 0x20f4 <DIO_u8GetPinValue>
    26cc:	88 23       	and	r24, r24
    26ce:	c1 f4       	brne	.+48     	; 0x2700 <KEYPAD_u8GetPressedKey+0xd0>
    26d0:	c3 e0       	ldi	r28, 0x03	; 3
    26d2:	d0 e0       	ldi	r29, 0x00	; 0
			                     KEYPAD_ROWS[Local_u8Row][1]) == DIO_LOW)
			{
				/* Wait until the key is released */
				while(DIO_u8GetPinValue(KEYPAD_ROWS[Local_u8Row][0],
    26d4:	80 2f       	mov	r24, r16
    26d6:	61 2f       	mov	r22, r17
    26d8:	0e 94 7a 10 	call	0x20f4	; 0x20f4 <DIO_u8GetPinValue>
    26dc:	88 23       	and	r24, r24
    26de:	d1 f3       	breq	.-12     	; 0x26d4 <KEYPAD_u8GetPressedKey+0xa4>
 * Purpose : Deactivate the selected keypad column
 *========================================================*/
static void KEYPAD_voidDeactivateColumn(u8 Col)
{
    /* Deactivate the column by setting it High */
    DIO_voidSetPinValue(KEYPAD_COLS[Col][0],
    26e0:	8d 2d       	mov	r24, r13
    26e2:	6c 2d       	mov	r22, r12
    26e4:	41 e0       	ldi	r20, 0x01	; 1
    26e6:	0e 94 b5 0f 	call	0x1f6a	; 0x1f6a <DIO_voidSetPinValue>

				/* Restore the current column */
				KEYPAD_voidDeactivateColumn(Local_u8Col);

				/* Return the character of the pressed key */
				return KEYPAD_KEYS[Local_u8Row][Local_u8Col];
    26ea:	fe 01       	movw	r30, r28
    26ec:	ee 0f       	add	r30, r30
    26ee:	ff 1f       	adc	r31, r31
    26f0:	ec 0f       	add	r30, r28
    26f2:	fd 1f       	adc	r31, r29
    26f4:	ee 0d       	add	r30, r14
    26f6:	ff 1d       	adc	r31, r15
    26f8:	e0 51       	subi	r30, 0x10	; 16
    26fa:	fe 4f       	sbci	r31, 0xFE	; 254
    26fc:	80 81       	ld	r24, Z
    26fe:	0f c0       	rjmp	.+30     	; 0x271e <KEYPAD_u8GetPressedKey+0xee>
 * Purpose : Deactivate the selected keypad column
 *========================================================*/
static void KEYPAD_voidDeactivateColumn(u8 Col)
{
    /* Deactivate the column by setting it High */
    DIO_voidSetPinValue(KEYPAD_COLS[Col][0],
    2700:	8d 2d       	mov	r24, r13
    2702:	6c 2d       	mov	r22, r12
    2704:	41 e0       	ldi	r20, 0x01	; 1
    2706:	0e 94 b5 0f 	call	0x1f6a	; 0x1f6a <DIO_voidSetPinValue>
    270a:	08 94       	sec
    270c:	e1 1c       	adc	r14, r1
    270e:	f1 1c       	adc	r15, r1
    2710:	22 96       	adiw	r28, 0x02	; 2
{
	u8 Local_u8Row;
	u8 Local_u8Col;

	/* Scan each keypad column */
	for(Local_u8Col = 0; Local_u8Col < KEYPAD_COLS_NUM; Local_u8Col++)
    2712:	83 e0       	ldi	r24, 0x03	; 3
    2714:	e8 16       	cp	r14, r24
    2716:	f1 04       	cpc	r15, r1
    2718:	09 f0       	breq	.+2      	; 0x271c <KEYPAD_u8GetPressedKey+0xec>
    271a:	ae cf       	rjmp	.-164    	; 0x2678 <KEYPAD_u8GetPressedKey+0x48>
    271c:	8f ef       	ldi	r24, 0xFF	; 255
		KEYPAD_voidDeactivateColumn(Local_u8Col);
	}

	/* No key is currently pressed */
	return 0xFF;
}
    271e:	df 91       	pop	r29
    2720:	cf 91       	pop	r28
    2722:	1f 91       	pop	r17
    2724:	0f 91       	pop	r16
    2726:	ff 90       	pop	r15
    2728:	ef 90       	pop	r14
    272a:	df 90       	pop	r13
    272c:	cf 90       	pop	r12
    272e:	bf 90       	pop	r11
    2730:	af 90       	pop	r10
    2732:	9f 90       	pop	r9
    2734:	8f 90       	pop	r8
    2736:	7f 90       	pop	r7
    2738:	6f 90       	pop	r6
    273a:	5f 90       	pop	r5
    273c:	4f 90       	pop	r4
    273e:	08 95       	ret

00002740 <KEYPAD_voidInitialization>:
void KEYPAD_voidInitialization(void)
{
    for(u8 Local_u8Iterator = 0; Local_u8Iterator < KEYPAD_ROWS_NUM; Local_u8Iterator++)
    {
        /* Set the current row to High */
        DIO_voidSetPinValue(KEYPAD_ROWS[Local_u8Iterator][0],
    2740:	80 91 e8 01 	lds	r24, 0x01E8
    2744:	60 91 e9 01 	lds	r22, 0x01E9
    2748:	41 e0       	ldi	r20, 0x01	; 1
    274a:	0e 94 b5 0f 	call	0x1f6a	; 0x1f6a <DIO_voidSetPinValue>
    274e:	80 91 ea 01 	lds	r24, 0x01EA
    2752:	60 91 eb 01 	lds	r22, 0x01EB
    2756:	41 e0       	ldi	r20, 0x01	; 1
    2758:	0e 94 b5 0f 	call	0x1f6a	; 0x1f6a <DIO_voidSetPinValue>
    275c:	80 91 ec 01 	lds	r24, 0x01EC
    2760:	60 91 ed 01 	lds	r22, 0x01ED
    2764:	41 e0       	ldi	r20, 0x01	; 1
    2766:	0e 94 b5 0f 	call	0x1f6a	; 0x1f6a <DIO_voidSetPinValue>
    276a:	80 91 ee 01 	lds	r24, 0x01EE
    276e:	60 91 ef 01 	lds	r22, 0x01EF
    2772:	41 e0       	ldi	r20, 0x01	; 1
    2774:	0e 94 b5 0f 	call	0x1f6a	; 0x1f6a <DIO_voidSetPinValue>
    }

    for(u8 Local_u8Iterator = 0; Local_u8Iterator < KEYPAD_COLS_NUM; Local_u8Iterator++)
    {
        /* Set the current column to High */
        DIO_voidSetPinValue(KEYPAD_COLS[Local_u8Iterator][0],
    2778:	80 91 fc 01 	lds	r24, 0x01FC
    277c:	60 91 fd 01 	lds	r22, 0x01FD
    2780:	41 e0       	ldi	r20, 0x01	; 1
    2782:	0e 94 b5 0f 	call	0x1f6a	; 0x1f6a <DIO_voidSetPinValue>
    2786:	80 91 fe 01 	lds	r24, 0x01FE
    278a:	60 91 ff 01 	lds	r22, 0x01FF
    278e:	41 e0       	ldi	r20, 0x01	; 1
    2790:	0e 94 b5 0f 	call	0x1f6a	; 0x1f6a <DIO_voidSetPinValue>
    2794:	80 91 00 02 	lds	r24, 0x0200
    2798:	60 91 01 02 	lds	r22, 0x0201
    279c:	41 e0       	ldi	r20, 0x01	; 1
    279e:	0e 94 b5 0f 	call	0x1f6a	; 0x1f6a <DIO_voidSetPinValue>
                            KEYPAD_COLS[Local_u8Iterator][1],
                            DIO_HIGH);
    }
}
    27a2:	08 95       	ret

000027a4 <DCMOTOR_voidStop>:
 * Purpose : Stop the DC Motor and stop the Elevator
 *========================================================*/
void DCMOTOR_voidStop(void)
{
	/* IN1 = LOW , IN2 = LOW -> STOP */
	DIO_voidSetPinValue(DCMOTOR_IN1, DIO_LOW);
    27a4:	81 e0       	ldi	r24, 0x01	; 1
    27a6:	65 e0       	ldi	r22, 0x05	; 5
    27a8:	40 e0       	ldi	r20, 0x00	; 0
    27aa:	0e 94 b5 0f 	call	0x1f6a	; 0x1f6a <DIO_voidSetPinValue>
	DIO_voidSetPinValue(DCMOTOR_IN2, DIO_LOW);
    27ae:	81 e0       	ldi	r24, 0x01	; 1
    27b0:	64 e0       	ldi	r22, 0x04	; 4
    27b2:	40 e0       	ldi	r20, 0x00	; 0
    27b4:	0e 94 b5 0f 	call	0x1f6a	; 0x1f6a <DIO_voidSetPinValue>
}
    27b8:	08 95       	ret

000027ba <DCMOTOR_voidMoveDown>:
 *           to move the Elevator DOWN
 *========================================================*/
void DCMOTOR_voidMoveDown(void)
{
	/* IN1 = LOW , IN2 = HIGH -> Move DOWN */
	DIO_voidSetPinValue(DCMOTOR_IN1, DIO_LOW);
    27ba:	81 e0       	ldi	r24, 0x01	; 1
    27bc:	65 e0       	ldi	r22, 0x05	; 5
    27be:	40 e0       	ldi	r20, 0x00	; 0
    27c0:	0e 94 b5 0f 	call	0x1f6a	; 0x1f6a <DIO_voidSetPinValue>
	DIO_voidSetPinValue(DCMOTOR_IN2, DIO_HIGH);
    27c4:	81 e0       	ldi	r24, 0x01	; 1
    27c6:	64 e0       	ldi	r22, 0x04	; 4
    27c8:	41 e0       	ldi	r20, 0x01	; 1
    27ca:	0e 94 b5 0f 	call	0x1f6a	; 0x1f6a <DIO_voidSetPinValue>
}
    27ce:	08 95       	ret

000027d0 <DCMOTOR_voidMoveUp>:
 *           to move the Elevator UP
 *========================================================*/
void DCMOTOR_voidMoveUp(void)
{
	/* IN1 = HIGH , IN2 = LOW -> Move UP */
	DIO_voidSetPinValue(DCMOTOR_IN1, DIO_HIGH);
    27d0:	81 e0       	ldi	r24, 0x01	; 1
    27d2:	65 e0       	ldi	r22, 0x05	; 5
    27d4:	41 e0       	ldi	r20, 0x01	; 1
    27d6:	0e 94 b5 0f 	call	0x1f6a	; 0x1f6a <DIO_voidSetPinValue>
	DIO_voidSetPinValue(DCMOTOR_IN2, DIO_LOW);
    27da:	81 e0       	ldi	r24, 0x01	; 1
    27dc:	64 e0       	ldi	r22, 0x04	; 4
    27de:	40 e0       	ldi	r20, 0x00	; 0
    27e0:	0e 94 b5 0f 	call	0x1f6a	; 0x1f6a <DIO_voidSetPinValue>
}
    27e4:	08 95       	ret

000027e6 <DCMOTOR_voidInitialization>:
 *           start the Motor in the STOP state
 *========================================================*/
void DCMOTOR_voidInitialization(void)
{
	/* Configure the DC Motor control pins as OUTPUT */
	DIO_voidSetPinDirection(DCMOTOR_IN1, DIO_OUTPUT);
    27e6:	81 e0       	ldi	r24, 0x01	; 1
    27e8:	65 e0       	ldi	r22, 0x05	; 5
    27ea:	41 e0       	ldi	r20, 0x01	; 1
    27ec:	0e 94 29 0f 	call	0x1e52	; 0x1e52 <DIO_voidSetPinDirection>
	DIO_voidSetPinDirection(DCMOTOR_IN2, DIO_OUTPUT);
    27f0:	81 e0       	ldi	r24, 0x01	; 1
    27f2:	64 e0       	ldi	r22, 0x04	; 4
    27f4:	41 e0       	ldi	r20, 0x01	; 1
    27f6:	0e 94 29 0f 	call	0x1e52	; 0x1e52 <DIO_voidSetPinDirection>
	DIO_voidSetPinDirection(DCMOTOR_EN, DIO_OUTPUT);
    27fa:	81 e0       	ldi	r24, 0x01	; 1
    27fc:	63 e0       	ldi	r22, 0x03	; 3
    27fe:	41 e0       	ldi	r20, 0x01	; 1
    2800:	0e 94 29 0f 	call	0x1e52	; 0x1e52 <DIO_voidSetPinDirection>

	/* Start the DC Motor in the STOP state */
	DIO_voidSetPinValue(DCMOTOR_IN1, DIO_LOW);
    2804:	81 e0       	ldi	r24, 0x01	; 1
    2806:	65 e0       	ldi	r22, 0x05	; 5
    2808:	40 e0       	ldi	r20, 0x00	; 0
    280a:	0e 94 b5 0f 	call	0x1f6a	; 0x1f6a <DIO_voidSetPinValue>
	DIO_voidSetPinValue(DCMOTOR_IN2, DIO_LOW);
    280e:	81 e0       	ldi	r24, 0x01	; 1
    2810:	64 e0       	ldi	r22, 0x04	; 4
    2812:	40 e0       	ldi	r20, 0x00	; 0
    2814:	0e 94 b5 0f 	call	0x1f6a	; 0x1f6a <DIO_voidSetPinValue>

	/* Keep the DC Motor Enable pin HIGH */
	DIO_voidSetPinValue(DCMOTOR_EN, DIO_HIGH);
    2818:	81 e0       	ldi	r24, 0x01	; 1
    281a:	63 e0       	ldi	r22, 0x03	; 3
    281c:	41 e0       	ldi	r20, 0x01	; 1
    281e:	0e 94 b5 0f 	call	0x1f6a	; 0x1f6a <DIO_voidSetPinValue>
}
    2822:	08 95       	ret

00002824 <BUZZER_voidTurnOff>:
 * Function: BUZZER_voidTurnOff
 * Purpose : Turn the buzzer OFF
 *========================================================*/
void BUZZER_voidTurnOff(void)
{
	DIO_voidSetPinValue(BUZZER_PORT_PIN, DIO_LOW);
    2824:	83 e0       	ldi	r24, 0x03	; 3
    2826:	63 e0       	ldi	r22, 0x03	; 3
    2828:	40 e0       	ldi	r20, 0x00	; 0
    282a:	0e 94 b5 0f 	call	0x1f6a	; 0x1f6a <DIO_voidSetPinValue>
}
    282e:	08 95       	ret

00002830 <BUZZER_voidTurnOn>:
 * Function: BUZZER_voidTurnOn
 * Purpose : Turn the buzzer ON
 *========================================================*/
void BUZZER_voidTurnOn(void)
{
	DIO_voidSetPinValue(BUZZER_PORT_PIN, DIO_HIGH);
    2830:	83 e0       	ldi	r24, 0x03	; 3
    2832:	63 e0       	ldi	r22, 0x03	; 3
    2834:	41 e0       	ldi	r20, 0x01	; 1
    2836:	0e 94 b5 0f 	call	0x1f6a	; 0x1f6a <DIO_voidSetPinValue>
}
    283a:	08 95       	ret

0000283c <BUZZER_voidInitialization>:
 * Function: BUZZER_voidInitialization
 * Purpose : Initialize the buzzer by turning it OFF
 *========================================================*/
void BUZZER_voidInitialization(void)
{
	DIO_voidSetPinValue(BUZZER_PORT_PIN, DIO_LOW);
    283c:	83 e0       	ldi	r24, 0x03	; 3
    283e:	63 e0       	ldi	r22, 0x03	; 3
    2840:	40 e0       	ldi	r20, 0x00	; 0
    2842:	0e 94 b5 0f 	call	0x1f6a	; 0x1f6a <DIO_voidSetPinValue>
}
    2846:	08 95       	ret

00002848 <MAIN_voidOpenDoor>:
 * Purpose : Open the Elevator door and keep it open for
 *           a period of time before it is closed again
 *========================================================*/
void MAIN_voidOpenDoor(void)
{
	ElevatorState = ELEVATOR_DOOR_OPEN;
    2848:	83 e0       	ldi	r24, 0x03	; 3
    284a:	80 93 10 02 	sts	0x0210, r24

	SERVO_voidSetAngle(DOOR_OPEN_ANGLE);
    284e:	8a e5       	ldi	r24, 0x5A	; 90
    2850:	0e 94 25 11 	call	0x224a	; 0x224a <SERVO_voidSetAngle>

	LCD_voidClear();
    2854:	0e 94 d2 12 	call	0x25a4	; 0x25a4 <LCD_voidClear>

	LCD_voidWriteString((u8*)"Door Opening..");
    2858:	80 e6       	ldi	r24, 0x60	; 96
    285a:	90 e0       	ldi	r25, 0x00	; 0
    285c:	0e 94 b4 12 	call	0x2568	; 0x2568 <LCD_voidWriteString>
    2860:	80 e1       	ldi	r24, 0x10	; 16
    2862:	97 e2       	ldi	r25, 0x27	; 39
    2864:	28 ec       	ldi	r18, 0xC8	; 200
    2866:	30 e0       	ldi	r19, 0x00	; 0
    2868:	f9 01       	movw	r30, r18
    286a:	31 97       	sbiw	r30, 0x01	; 1
    286c:	f1 f7       	brne	.-4      	; 0x286a <MAIN_voidOpenDoor+0x22>
		{
			// wait 1/10 ms
			_delay_loop_2(((F_CPU) / 4e3) / 10);
			__ticks --;
    286e:	01 97       	sbiw	r24, 0x01	; 1
		__ticks = 1;
	else if (__tmp > 65535)
	{
		//	__ticks = requested delay in 1/10 ms
		__ticks = (uint16_t) (__ms * 10.0);
		while(__ticks)
    2870:	d9 f7       	brne	.-10     	; 0x2868 <MAIN_voidOpenDoor+0x20>

	_delay_ms(1000);

	LCD_voidGoToXY(0, 2);
    2872:	80 e0       	ldi	r24, 0x00	; 0
    2874:	62 e0       	ldi	r22, 0x02	; 2
    2876:	0e 94 da 12 	call	0x25b4	; 0x25b4 <LCD_voidGoToXY>

	LCD_voidWriteString((u8*)"Door OPEN");
    287a:	8f e6       	ldi	r24, 0x6F	; 111
    287c:	90 e0       	ldi	r25, 0x00	; 0
    287e:	0e 94 b4 12 	call	0x2568	; 0x2568 <LCD_voidWriteString>
    2882:	80 e3       	ldi	r24, 0x30	; 48
    2884:	95 e7       	ldi	r25, 0x75	; 117
    2886:	28 ec       	ldi	r18, 0xC8	; 200
    2888:	30 e0       	ldi	r19, 0x00	; 0
    288a:	f9 01       	movw	r30, r18
    288c:	31 97       	sbiw	r30, 0x01	; 1
    288e:	f1 f7       	brne	.-4      	; 0x288c <MAIN_voidOpenDoor+0x44>
		{
			// wait 1/10 ms
			_delay_loop_2(((F_CPU) / 4e3) / 10);
			__ticks --;
    2890:	01 97       	sbiw	r24, 0x01	; 1
		__ticks = 1;
	else if (__tmp > 65535)
	{
		//	__ticks = requested delay in 1/10 ms
		__ticks = (uint16_t) (__ms * 10.0);
		while(__ticks)
    2892:	d9 f7       	brne	.-10     	; 0x288a <MAIN_voidOpenDoor+0x42>

	/* Keep the door open for a period of time */
	_delay_ms(3000);
}
    2894:	08 95       	ret

00002896 <MAIN_voidCloseDoor>:
 * Purpose : Close the Elevator door and go back to the
 *           Idle state, ready for the next request
 *========================================================*/
void MAIN_voidCloseDoor(void)
{
	SERVO_voidSetAngle(DOOR_CLOSED_ANGLE);
    2896:	80 e0       	ldi	r24, 0x00	; 0
    2898:	0e 94 25 11 	call	0x224a	; 0x224a <SERVO_voidSetAngle>

	LCD_voidClear();
    289c:	0e 94 d2 12 	call	0x25a4	; 0x25a4 <LCD_voidClear>

	LCD_voidWriteString((u8*)"Door Closing..");
    28a0:	89 e7       	ldi	r24, 0x79	; 121
    28a2:	90 e0       	ldi	r25, 0x00	; 0
    28a4:	0e 94 b4 12 	call	0x2568	; 0x2568 <LCD_voidWriteString>
    28a8:	80 e1       	ldi	r24, 0x10	; 16
    28aa:	97 e2       	ldi	r25, 0x27	; 39
    28ac:	28 ec       	ldi	r18, 0xC8	; 200
    28ae:	30 e0       	ldi	r19, 0x00	; 0
    28b0:	f9 01       	movw	r30, r18
    28b2:	31 97       	sbiw	r30, 0x01	; 1
    28b4:	f1 f7       	brne	.-4      	; 0x28b2 <MAIN_voidCloseDoor+0x1c>
		{
			// wait 1/10 ms
			_delay_loop_2(((F_CPU) / 4e3) / 10);
			__ticks --;
    28b6:	01 97       	sbiw	r24, 0x01	; 1
		__ticks = 1;
	else if (__tmp > 65535)
	{
		//	__ticks = requested delay in 1/10 ms
		__ticks = (uint16_t) (__ms * 10.0);
		while(__ticks)
    28b8:	d9 f7       	brne	.-10     	; 0x28b0 <MAIN_voidCloseDoor+0x1a>

	_delay_ms(1000);

	ElevatorState = ELEVATOR_IDLE;
    28ba:	10 92 10 02 	sts	0x0210, r1

	LCD_voidClear();
    28be:	0e 94 d2 12 	call	0x25a4	; 0x25a4 <LCD_voidClear>

	LCD_voidWriteString((u8*)"SMART ELEVATOR");
    28c2:	88 e8       	ldi	r24, 0x88	; 136
    28c4:	90 e0       	ldi	r25, 0x00	; 0
    28c6:	0e 94 b4 12 	call	0x2568	; 0x2568 <LCD_voidWriteString>

	LCD_voidGoToXY(0, 2);
    28ca:	80 e0       	ldi	r24, 0x00	; 0
    28cc:	62 e0       	ldi	r22, 0x02	; 2
    28ce:	0e 94 da 12 	call	0x25b4	; 0x25b4 <LCD_voidGoToXY>

	LCD_voidWriteString((u8*)"Floor: ");
    28d2:	87 e9       	ldi	r24, 0x97	; 151
    28d4:	90 e0       	ldi	r25, 0x00	; 0
    28d6:	0e 94 b4 12 	call	0x2568	; 0x2568 <LCD_voidWriteString>

	LCD_voidWriteNumber(CurrentFloor);
    28da:	20 91 e6 01 	lds	r18, 0x01E6
    28de:	30 e0       	ldi	r19, 0x00	; 0
    28e0:	40 e0       	ldi	r20, 0x00	; 0
    28e2:	50 e0       	ldi	r21, 0x00	; 0
    28e4:	60 e0       	ldi	r22, 0x00	; 0
    28e6:	70 e0       	ldi	r23, 0x00	; 0
    28e8:	80 e0       	ldi	r24, 0x00	; 0
    28ea:	90 e0       	ldi	r25, 0x00	; 0
    28ec:	0e 94 f9 11 	call	0x23f2	; 0x23f2 <LCD_voidWriteNumber>
}
    28f0:	08 95       	ret

000028f2 <MAIN_voidMoveElevator>:
 * Function: MAIN_voidMoveElevator
 * Purpose : Move the Elevator cabin floor by floor from
 *           the Current Floor to the Target Floor
 *========================================================*/
void MAIN_voidMoveElevator(void)
{
    28f2:	cf 93       	push	r28
    28f4:	df 93       	push	r29
	if(TargetFloor > CurrentFloor)
    28f6:	90 91 e7 01 	lds	r25, 0x01E7
    28fa:	80 91 e6 01 	lds	r24, 0x01E6
    28fe:	89 17       	cp	r24, r25
    2900:	10 f4       	brcc	.+4      	; 0x2906 <MAIN_voidMoveElevator+0x14>
	{
		ElevatorState = ELEVATOR_MOVING_UP;
    2902:	81 e0       	ldi	r24, 0x01	; 1
    2904:	03 c0       	rjmp	.+6      	; 0x290c <MAIN_voidMoveElevator+0x1a>
	}
	else if(TargetFloor < CurrentFloor)
    2906:	98 17       	cp	r25, r24
    2908:	d0 f5       	brcc	.+116    	; 0x297e <MAIN_voidMoveElevator+0x8c>
	{
		ElevatorState = ELEVATOR_MOVING_DOWN;
    290a:	82 e0       	ldi	r24, 0x02	; 2
    290c:	80 93 10 02 	sts	0x0210, r24
    2910:	36 c0       	rjmp	.+108    	; 0x297e <MAIN_voidMoveElevator+0x8c>
	}
	else{ /* Already at the Target Floor */ }

	while(CurrentFloor != TargetFloor && EmergencyFlag == 0)
	{
		LCD_voidClear();
    2912:	0e 94 d2 12 	call	0x25a4	; 0x25a4 <LCD_voidClear>

		if(ElevatorState == ELEVATOR_MOVING_UP)
    2916:	80 91 10 02 	lds	r24, 0x0210
    291a:	81 30       	cpi	r24, 0x01	; 1
    291c:	51 f4       	brne	.+20     	; 0x2932 <MAIN_voidMoveElevator+0x40>
		{
			LCD_voidWriteString((u8*)"Moving UP...");
    291e:	8f e9       	ldi	r24, 0x9F	; 159
    2920:	90 e0       	ldi	r25, 0x00	; 0
    2922:	0e 94 b4 12 	call	0x2568	; 0x2568 <LCD_voidWriteString>

			DCMOTOR_voidMoveUp();
    2926:	0e 94 e8 13 	call	0x27d0	; 0x27d0 <DCMOTOR_voidMoveUp>

			CurrentFloor++;
    292a:	80 91 e6 01 	lds	r24, 0x01E6
    292e:	8f 5f       	subi	r24, 0xFF	; 255
    2930:	09 c0       	rjmp	.+18     	; 0x2944 <MAIN_voidMoveElevator+0x52>
		}
		else
		{
			LCD_voidWriteString((u8*)"Moving DOWN...");
    2932:	8c ea       	ldi	r24, 0xAC	; 172
    2934:	90 e0       	ldi	r25, 0x00	; 0
    2936:	0e 94 b4 12 	call	0x2568	; 0x2568 <LCD_voidWriteString>

			DCMOTOR_voidMoveDown();
    293a:	0e 94 dd 13 	call	0x27ba	; 0x27ba <DCMOTOR_voidMoveDown>

			CurrentFloor--;
    293e:	80 91 e6 01 	lds	r24, 0x01E6
    2942:	81 50       	subi	r24, 0x01	; 1
    2944:	80 93 e6 01 	sts	0x01E6, r24
		}

		LCD_voidGoToXY(0, 2);
    2948:	80 e0       	ldi	r24, 0x00	; 0
    294a:	62 e0       	ldi	r22, 0x02	; 2
    294c:	0e 94 da 12 	call	0x25b4	; 0x25b4 <LCD_voidGoToXY>

		LCD_voidWriteString((u8*)"Floor: ");
    2950:	87 e9       	ldi	r24, 0x97	; 151
    2952:	90 e0       	ldi	r25, 0x00	; 0
    2954:	0e 94 b4 12 	call	0x2568	; 0x2568 <LCD_voidWriteString>

		LCD_voidWriteNumber(CurrentFloor);
    2958:	20 91 e6 01 	lds	r18, 0x01E6
    295c:	30 e0       	ldi	r19, 0x00	; 0
    295e:	40 e0       	ldi	r20, 0x00	; 0
    2960:	50 e0       	ldi	r21, 0x00	; 0
    2962:	60 e0       	ldi	r22, 0x00	; 0
    2964:	70 e0       	ldi	r23, 0x00	; 0
    2966:	80 e0       	ldi	r24, 0x00	; 0
    2968:	90 e0       	ldi	r25, 0x00	; 0
    296a:	0e 94 f9 11 	call	0x23f2	; 0x23f2 <LCD_voidWriteNumber>
    296e:	80 e1       	ldi	r24, 0x10	; 16
    2970:	97 e2       	ldi	r25, 0x27	; 39
    2972:	fe 01       	movw	r30, r28
    2974:	31 97       	sbiw	r30, 0x01	; 1
    2976:	f1 f7       	brne	.-4      	; 0x2974 <MAIN_voidMoveElevator+0x82>
		{
			// wait 1/10 ms
			_delay_loop_2(((F_CPU) / 4e3) / 10);
			__ticks --;
    2978:	01 97       	sbiw	r24, 0x01	; 1
		__ticks = 1;
	else if (__tmp > 65535)
	{
		//	__ticks = requested delay in 1/10 ms
		__ticks = (uint16_t) (__ms * 10.0);
		while(__ticks)
    297a:	d9 f7       	brne	.-10     	; 0x2972 <MAIN_voidMoveElevator+0x80>
    297c:	02 c0       	rjmp	.+4      	; 0x2982 <MAIN_voidMoveElevator+0x90>
    297e:	c8 ec       	ldi	r28, 0xC8	; 200
    2980:	d0 e0       	ldi	r29, 0x00	; 0
	{
		ElevatorState = ELEVATOR_MOVING_DOWN;
	}
	else{ /* Already at the Target Floor */ }

	while(CurrentFloor != TargetFloor && EmergencyFlag == 0)
    2982:	90 91 e6 01 	lds	r25, 0x01E6
    2986:	80 91 e7 01 	lds	r24, 0x01E7
    298a:	98 17       	cp	r25, r24
    298c:	29 f0       	breq	.+10     	; 0x2998 <MAIN_voidMoveElevator+0xa6>
    298e:	80 91 0f 02 	lds	r24, 0x020F
    2992:	88 23       	and	r24, r24
    2994:	09 f4       	brne	.+2      	; 0x2998 <MAIN_voidMoveElevator+0xa6>
    2996:	bd cf       	rjmp	.-134    	; 0x2912 <MAIN_voidMoveElevator+0x20>

		/* Time taken to travel one floor */
		_delay_ms(1000);
	}

	DCMOTOR_voidStop();
    2998:	0e 94 d2 13 	call	0x27a4	; 0x27a4 <DCMOTOR_voidStop>
}
    299c:	df 91       	pop	r29
    299e:	cf 91       	pop	r28
    29a0:	08 95       	ret

000029a2 <MAIN_voidEmergencyHandler>:
 * Purpose : Called from the EXTI ISR when the Emergency
 *           button is pressed, stops the Motor immediately
 *========================================================*/
void MAIN_voidEmergencyHandler(void)
{
	EmergencyFlag = 1;
    29a2:	81 e0       	ldi	r24, 0x01	; 1
    29a4:	80 93 0f 02 	sts	0x020F, r24

	DCMOTOR_voidStop();
    29a8:	0e 94 d2 13 	call	0x27a4	; 0x27a4 <DCMOTOR_voidStop>
}
    29ac:	08 95       	ret

000029ae <MAIN_voidHandleEmergency>:
 * Purpose : Handle the Emergency state, sound the alarm,
 *           and wait until the user acknowledges it
 *========================================================*/
void MAIN_voidHandleEmergency(void)
{
	ElevatorState = ELEVATOR_EMERGENCY;
    29ae:	84 e0       	ldi	r24, 0x04	; 4
    29b0:	80 93 10 02 	sts	0x0210, r24

	LED_voidTurnOff(LED0);
    29b4:	80 e0       	ldi	r24, 0x00	; 0
    29b6:	0e 94 71 11 	call	0x22e2	; 0x22e2 <LED_voidTurnOff>

	LED_voidTurnOn(LED1);
    29ba:	81 e0       	ldi	r24, 0x01	; 1
    29bc:	0e 94 82 11 	call	0x2304	; 0x2304 <LED_voidTurnOn>

	BUZZER_voidTurnOn();
    29c0:	0e 94 18 14 	call	0x2830	; 0x2830 <BUZZER_voidTurnOn>

	LCD_voidClear();
    29c4:	0e 94 d2 12 	call	0x25a4	; 0x25a4 <LCD_voidClear>

	LCD_voidWriteString((u8*)"EMERGENCY STOP!");
    29c8:	8b eb       	ldi	r24, 0xBB	; 187
    29ca:	90 e0       	ldi	r25, 0x00	; 0
    29cc:	0e 94 b4 12 	call	0x2568	; 0x2568 <LCD_voidWriteString>

	LCD_voidGoToXY(0, 2);
    29d0:	80 e0       	ldi	r24, 0x00	; 0
    29d2:	62 e0       	ldi	r22, 0x02	; 2
    29d4:	0e 94 da 12 	call	0x25b4	; 0x25b4 <LCD_voidGoToXY>

	LCD_voidWriteString((u8*)"Press # to reset");
    29d8:	8b ec       	ldi	r24, 0xCB	; 203
    29da:	90 e0       	ldi	r25, 0x00	; 0
    29dc:	0e 94 b4 12 	call	0x2568	; 0x2568 <LCD_voidWriteString>

	/* Wait until the user presses # to clear the Emergency */
	while(KEYPAD_u8GetPressedKey() != '#');
    29e0:	0e 94 18 13 	call	0x2630	; 0x2630 <KEYPAD_u8GetPressedKey>
    29e4:	83 32       	cpi	r24, 0x23	; 35
    29e6:	e1 f7       	brne	.-8      	; 0x29e0 <MAIN_voidHandleEmergency+0x32>

	BUZZER_voidTurnOff();
    29e8:	0e 94 12 14 	call	0x2824	; 0x2824 <BUZZER_voidTurnOff>

	LED_voidTurnOff(LED1);
    29ec:	81 e0       	ldi	r24, 0x01	; 1
    29ee:	0e 94 71 11 	call	0x22e2	; 0x22e2 <LED_voidTurnOff>

	LED_voidTurnOn(LED0);
    29f2:	80 e0       	ldi	r24, 0x00	; 0
    29f4:	0e 94 82 11 	call	0x2304	; 0x2304 <LED_voidTurnOn>

	EmergencyFlag = 0;
    29f8:	10 92 0f 02 	sts	0x020F, r1

	ElevatorState = ELEVATOR_IDLE;
    29fc:	10 92 10 02 	sts	0x0210, r1

	LCD_voidClear();
    2a00:	0e 94 d2 12 	call	0x25a4	; 0x25a4 <LCD_voidClear>

	LCD_voidWriteString((u8*)"SMART ELEVATOR");
    2a04:	88 e8       	ldi	r24, 0x88	; 136
    2a06:	90 e0       	ldi	r25, 0x00	; 0
    2a08:	0e 94 b4 12 	call	0x2568	; 0x2568 <LCD_voidWriteString>

	LCD_voidGoToXY(0, 2);
    2a0c:	80 e0       	ldi	r24, 0x00	; 0
    2a0e:	62 e0       	ldi	r22, 0x02	; 2
    2a10:	0e 94 da 12 	call	0x25b4	; 0x25b4 <LCD_voidGoToXY>

	LCD_voidWriteString((u8*)"Floor: ");
    2a14:	87 e9       	ldi	r24, 0x97	; 151
    2a16:	90 e0       	ldi	r25, 0x00	; 0
    2a18:	0e 94 b4 12 	call	0x2568	; 0x2568 <LCD_voidWriteString>

	LCD_voidWriteNumber(CurrentFloor);
    2a1c:	20 91 e6 01 	lds	r18, 0x01E6
    2a20:	30 e0       	ldi	r19, 0x00	; 0
    2a22:	40 e0       	ldi	r20, 0x00	; 0
    2a24:	50 e0       	ldi	r21, 0x00	; 0
    2a26:	60 e0       	ldi	r22, 0x00	; 0
    2a28:	70 e0       	ldi	r23, 0x00	; 0
    2a2a:	80 e0       	ldi	r24, 0x00	; 0
    2a2c:	90 e0       	ldi	r25, 0x00	; 0
    2a2e:	0e 94 f9 11 	call	0x23f2	; 0x23f2 <LCD_voidWriteNumber>
}
    2a32:	08 95       	ret

00002a34 <MAIN_voidInitialization>:
 * Function: MAIN_voidInitialization
 * Purpose : Initialize all the drivers used in the project
 *========================================================*/
void MAIN_voidInitialization(void)
{
	DIO_voidInitialization();
    2a34:	0e 94 21 0f 	call	0x1e42	; 0x1e42 <DIO_voidInitialization>

	LCD_voidInitialization();
    2a38:	0e 94 e9 12 	call	0x25d2	; 0x25d2 <LCD_voidInitialization>

	KEYPAD_voidInitialization();
    2a3c:	0e 94 a0 13 	call	0x2740	; 0x2740 <KEYPAD_voidInitialization>

	DCMOTOR_voidInitialization();
    2a40:	0e 94 f3 13 	call	0x27e6	; 0x27e6 <DCMOTOR_voidInitialization>

	TIM0_voidInitialization();
    2a44:	0e 94 56 0d 	call	0x1aac	; 0x1aac <TIM0_voidInitialization>

	SERVO_voidInitialization();
    2a48:	0e 94 4e 11 	call	0x229c	; 0x229c <SERVO_voidInitialization>

	BUZZER_voidInitialization();
    2a4c:	0e 94 1e 14 	call	0x283c	; 0x283c <BUZZER_voidInitialization>

	EXTI_voidInitialization();
    2a50:	0e 94 78 0e 	call	0x1cf0	; 0x1cf0 <EXTI_voidInitialization>

	DIO_voidSetPinValue(DIO_PORTD, DIO_PIN2, DIO_HIGH); // enable internal pull-up on PD2/INT0
    2a54:	83 e0       	ldi	r24, 0x03	; 3
    2a56:	62 e0       	ldi	r22, 0x02	; 2
    2a58:	41 e0       	ldi	r20, 0x01	; 1
    2a5a:	0e 94 b5 0f 	call	0x1f6a	; 0x1f6a <DIO_voidSetPinValue>

	EXTI_voidSetCallBack(EXTI_INT0, MAIN_voidEmergencyHandler);
    2a5e:	80 e0       	ldi	r24, 0x00	; 0
    2a60:	61 ed       	ldi	r22, 0xD1	; 209
    2a62:	74 e1       	ldi	r23, 0x14	; 20
    2a64:	0e 94 90 0e 	call	0x1d20	; 0x1d20 <EXTI_voidSetCallBack>

	EXTI_voidInterruptEnable(EXTI_INT0);
    2a68:	80 e0       	ldi	r24, 0x00	; 0
    2a6a:	0e 94 54 0e 	call	0x1ca8	; 0x1ca8 <EXTI_voidInterruptEnable>

	GIE_voidEnable();
    2a6e:	0e 94 00 0e 	call	0x1c00	; 0x1c00 <GIE_voidEnable>

	/* LED0 is ON while the system is ready */
	LED_voidTurnOn(LED0);
    2a72:	80 e0       	ldi	r24, 0x00	; 0
    2a74:	0e 94 82 11 	call	0x2304	; 0x2304 <LED_voidTurnOn>

	LCD_voidWriteString((u8*)"SMART ELEVATOR");
    2a78:	88 e8       	ldi	r24, 0x88	; 136
    2a7a:	90 e0       	ldi	r25, 0x00	; 0
    2a7c:	0e 94 b4 12 	call	0x2568	; 0x2568 <LCD_voidWriteString>

	LCD_voidGoToXY(0, 2);
    2a80:	80 e0       	ldi	r24, 0x00	; 0
    2a82:	62 e0       	ldi	r22, 0x02	; 2
    2a84:	0e 94 da 12 	call	0x25b4	; 0x25b4 <LCD_voidGoToXY>

	LCD_voidWriteString((u8*)"Floor: 1");
    2a88:	8c ed       	ldi	r24, 0xDC	; 220
    2a8a:	90 e0       	ldi	r25, 0x00	; 0
    2a8c:	0e 94 b4 12 	call	0x2568	; 0x2568 <LCD_voidWriteString>
}
    2a90:	08 95       	ret

00002a92 <main>:
int main(void)
{
	u8 Key;

	/* Initialization */
	MAIN_voidInitialization();
    2a92:	0e 94 1a 15 	call	0x2a34	; 0x2a34 <MAIN_voidInitialization>

	while(1)
	{
		if(EmergencyFlag)
    2a96:	80 91 0f 02 	lds	r24, 0x020F
    2a9a:	88 23       	and	r24, r24
    2a9c:	19 f0       	breq	.+6      	; 0x2aa4 <main+0x12>
		{
			MAIN_voidHandleEmergency();
    2a9e:	0e 94 d7 14 	call	0x29ae	; 0x29ae <MAIN_voidHandleEmergency>
    2aa2:	f9 cf       	rjmp	.-14     	; 0x2a96 <main+0x4>
			continue;
		}

		/* Read the requested Floor from the Keypad */
		Key = KEYPAD_u8GetPressedKey();
    2aa4:	0e 94 18 13 	call	0x2630	; 0x2630 <KEYPAD_u8GetPressedKey>
    2aa8:	98 2f       	mov	r25, r24

		if(Key >= '1' && Key <= '9')
    2aaa:	81 53       	subi	r24, 0x31	; 49
    2aac:	89 30       	cpi	r24, 0x09	; 9
    2aae:	98 f7       	brcc	.-26     	; 0x2a96 <main+0x4>
		{
			TargetFloor = Key - '0';
    2ab0:	90 53       	subi	r25, 0x30	; 48
    2ab2:	90 93 e7 01 	sts	0x01E7, r25

			MAIN_voidMoveElevator();
    2ab6:	0e 94 79 14 	call	0x28f2	; 0x28f2 <MAIN_voidMoveElevator>

			if(EmergencyFlag)
    2aba:	80 91 0f 02 	lds	r24, 0x020F
    2abe:	88 23       	and	r24, r24
    2ac0:	51 f7       	brne	.-44     	; 0x2a96 <main+0x4>
			{
				continue;
			}

			MAIN_voidOpenDoor();
    2ac2:	0e 94 24 14 	call	0x2848	; 0x2848 <MAIN_voidOpenDoor>

			if(EmergencyFlag)
    2ac6:	80 91 0f 02 	lds	r24, 0x020F
    2aca:	88 23       	and	r24, r24
    2acc:	21 f7       	brne	.-56     	; 0x2a96 <main+0x4>
			{
				continue;
			}

			MAIN_voidCloseDoor();
    2ace:	0e 94 4b 14 	call	0x2896	; 0x2896 <MAIN_voidCloseDoor>
    2ad2:	e1 cf       	rjmp	.-62     	; 0x2a96 <main+0x4>

00002ad4 <__udivmodhi4>:
    2ad4:	aa 1b       	sub	r26, r26
    2ad6:	bb 1b       	sub	r27, r27
    2ad8:	51 e1       	ldi	r21, 0x11	; 17
    2ada:	07 c0       	rjmp	.+14     	; 0x2aea <__udivmodhi4_ep>

00002adc <__udivmodhi4_loop>:
    2adc:	aa 1f       	adc	r26, r26
    2ade:	bb 1f       	adc	r27, r27
    2ae0:	a6 17       	cp	r26, r22
    2ae2:	b7 07       	cpc	r27, r23
    2ae4:	10 f0       	brcs	.+4      	; 0x2aea <__udivmodhi4_ep>
    2ae6:	a6 1b       	sub	r26, r22
    2ae8:	b7 0b       	sbc	r27, r23

00002aea <__udivmodhi4_ep>:
    2aea:	88 1f       	adc	r24, r24
    2aec:	99 1f       	adc	r25, r25
    2aee:	5a 95       	dec	r21
    2af0:	a9 f7       	brne	.-22     	; 0x2adc <__udivmodhi4_loop>
    2af2:	80 95       	com	r24
    2af4:	90 95       	com	r25
    2af6:	bc 01       	movw	r22, r24
    2af8:	cd 01       	movw	r24, r26
    2afa:	08 95       	ret

00002afc <__mulsi3>:
    2afc:	62 9f       	mul	r22, r18
    2afe:	d0 01       	movw	r26, r0
    2b00:	73 9f       	mul	r23, r19
    2b02:	f0 01       	movw	r30, r0
    2b04:	82 9f       	mul	r24, r18
    2b06:	e0 0d       	add	r30, r0
    2b08:	f1 1d       	adc	r31, r1
    2b0a:	64 9f       	mul	r22, r20
    2b0c:	e0 0d       	add	r30, r0
    2b0e:	f1 1d       	adc	r31, r1
    2b10:	92 9f       	mul	r25, r18
    2b12:	f0 0d       	add	r31, r0
    2b14:	83 9f       	mul	r24, r19
    2b16:	f0 0d       	add	r31, r0
    2b18:	74 9f       	mul	r23, r20
    2b1a:	f0 0d       	add	r31, r0
    2b1c:	65 9f       	mul	r22, r21
    2b1e:	f0 0d       	add	r31, r0
    2b20:	99 27       	eor	r25, r25
    2b22:	72 9f       	mul	r23, r18
    2b24:	b0 0d       	add	r27, r0
    2b26:	e1 1d       	adc	r30, r1
    2b28:	f9 1f       	adc	r31, r25
    2b2a:	63 9f       	mul	r22, r19
    2b2c:	b0 0d       	add	r27, r0
    2b2e:	e1 1d       	adc	r30, r1
    2b30:	f9 1f       	adc	r31, r25
    2b32:	bd 01       	movw	r22, r26
    2b34:	cf 01       	movw	r24, r30
    2b36:	11 24       	eor	r1, r1
    2b38:	08 95       	ret

00002b3a <__udivmodsi4>:
    2b3a:	a1 e2       	ldi	r26, 0x21	; 33
    2b3c:	1a 2e       	mov	r1, r26
    2b3e:	aa 1b       	sub	r26, r26
    2b40:	bb 1b       	sub	r27, r27
    2b42:	fd 01       	movw	r30, r26
    2b44:	0d c0       	rjmp	.+26     	; 0x2b60 <__udivmodsi4_ep>

00002b46 <__udivmodsi4_loop>:
    2b46:	aa 1f       	adc	r26, r26
    2b48:	bb 1f       	adc	r27, r27
    2b4a:	ee 1f       	adc	r30, r30
    2b4c:	ff 1f       	adc	r31, r31
    2b4e:	a2 17       	cp	r26, r18
    2b50:	b3 07       	cpc	r27, r19
    2b52:	e4 07       	cpc	r30, r20
    2b54:	f5 07       	cpc	r31, r21
    2b56:	20 f0       	brcs	.+8      	; 0x2b60 <__udivmodsi4_ep>
    2b58:	a2 1b       	sub	r26, r18
    2b5a:	b3 0b       	sbc	r27, r19
    2b5c:	e4 0b       	sbc	r30, r20
    2b5e:	f5 0b       	sbc	r31, r21

00002b60 <__udivmodsi4_ep>:
    2b60:	66 1f       	adc	r22, r22
    2b62:	77 1f       	adc	r23, r23
    2b64:	88 1f       	adc	r24, r24
    2b66:	99 1f       	adc	r25, r25
    2b68:	1a 94       	dec	r1
    2b6a:	69 f7       	brne	.-38     	; 0x2b46 <__udivmodsi4_loop>
    2b6c:	60 95       	com	r22
    2b6e:	70 95       	com	r23
    2b70:	80 95       	com	r24
    2b72:	90 95       	com	r25
    2b74:	9b 01       	movw	r18, r22
    2b76:	ac 01       	movw	r20, r24
    2b78:	bd 01       	movw	r22, r26
    2b7a:	cf 01       	movw	r24, r30
    2b7c:	08 95       	ret

00002b7e <__prologue_saves__>:
    2b7e:	2f 92       	push	r2
    2b80:	3f 92       	push	r3
    2b82:	4f 92       	push	r4
    2b84:	5f 92       	push	r5
    2b86:	6f 92       	push	r6
    2b88:	7f 92       	push	r7
    2b8a:	8f 92       	push	r8
    2b8c:	9f 92       	push	r9
    2b8e:	af 92       	push	r10
    2b90:	bf 92       	push	r11
    2b92:	cf 92       	push	r12
    2b94:	df 92       	push	r13
    2b96:	ef 92       	push	r14
    2b98:	ff 92       	push	r15
    2b9a:	0f 93       	push	r16
    2b9c:	1f 93       	push	r17
    2b9e:	cf 93       	push	r28
    2ba0:	df 93       	push	r29
    2ba2:	cd b7       	in	r28, 0x3d	; 61
    2ba4:	de b7       	in	r29, 0x3e	; 62
    2ba6:	ca 1b       	sub	r28, r26
    2ba8:	db 0b       	sbc	r29, r27
    2baa:	0f b6       	in	r0, 0x3f	; 63
    2bac:	f8 94       	cli
    2bae:	de bf       	out	0x3e, r29	; 62
    2bb0:	0f be       	out	0x3f, r0	; 63
    2bb2:	cd bf       	out	0x3d, r28	; 61
    2bb4:	09 94       	ijmp

00002bb6 <__epilogue_restores__>:
    2bb6:	2a 88       	ldd	r2, Y+18	; 0x12
    2bb8:	39 88       	ldd	r3, Y+17	; 0x11
    2bba:	48 88       	ldd	r4, Y+16	; 0x10
    2bbc:	5f 84       	ldd	r5, Y+15	; 0x0f
    2bbe:	6e 84       	ldd	r6, Y+14	; 0x0e
    2bc0:	7d 84       	ldd	r7, Y+13	; 0x0d
    2bc2:	8c 84       	ldd	r8, Y+12	; 0x0c
    2bc4:	9b 84       	ldd	r9, Y+11	; 0x0b
    2bc6:	aa 84       	ldd	r10, Y+10	; 0x0a
    2bc8:	b9 84       	ldd	r11, Y+9	; 0x09
    2bca:	c8 84       	ldd	r12, Y+8	; 0x08
    2bcc:	df 80       	ldd	r13, Y+7	; 0x07
    2bce:	ee 80       	ldd	r14, Y+6	; 0x06
    2bd0:	fd 80       	ldd	r15, Y+5	; 0x05
    2bd2:	0c 81       	ldd	r16, Y+4	; 0x04
    2bd4:	1b 81       	ldd	r17, Y+3	; 0x03
    2bd6:	aa 81       	ldd	r26, Y+2	; 0x02
    2bd8:	b9 81       	ldd	r27, Y+1	; 0x01
    2bda:	ce 0f       	add	r28, r30
    2bdc:	d1 1d       	adc	r29, r1
    2bde:	0f b6       	in	r0, 0x3f	; 63
    2be0:	f8 94       	cli
    2be2:	de bf       	out	0x3e, r29	; 62
    2be4:	0f be       	out	0x3f, r0	; 63
    2be6:	cd bf       	out	0x3d, r28	; 61
    2be8:	ed 01       	movw	r28, r26
    2bea:	08 95       	ret

00002bec <_exit>:
    2bec:	f8 94       	cli

00002bee <__stop_program>:
    2bee:	ff cf       	rjmp	.-2      	; 0x2bee <__stop_program>
