
General.elf:     file format elf32-avr

Sections:
Idx Name          Size      VMA       LMA       File off  Algn
  0 .text         000022ae  00000000  00000000  00000074  2**1
                  CONTENTS, ALLOC, LOAD, READONLY, CODE
  1 .data         00000120  00800060  000022ae  00002322  2**0
                  CONTENTS, ALLOC, LOAD, DATA
  2 .stab         000012e4  00000000  00000000  00002444  2**2
                  CONTENTS, READONLY, DEBUGGING
  3 .stabstr      00000b8c  00000000  00000000  00003728  2**0
                  CONTENTS, READONLY, DEBUGGING
  4 .debug_aranges 00000040  00000000  00000000  000042b4  2**0
                  CONTENTS, READONLY, DEBUGGING
  5 .debug_pubnames 00000060  00000000  00000000  000042f4  2**0
                  CONTENTS, READONLY, DEBUGGING
  6 .debug_info   00000f1e  00000000  00000000  00004354  2**0
                  CONTENTS, READONLY, DEBUGGING
  7 .debug_abbrev 0000037b  00000000  00000000  00005272  2**0
                  CONTENTS, READONLY, DEBUGGING
  8 .debug_line   00000484  00000000  00000000  000055ed  2**0
                  CONTENTS, READONLY, DEBUGGING
  9 .debug_frame  00000040  00000000  00000000  00005a74  2**2
                  CONTENTS, READONLY, DEBUGGING
 10 .debug_str    00000147  00000000  00000000  00005ab4  2**0
                  CONTENTS, READONLY, DEBUGGING
 11 .debug_loc    00001926  00000000  00000000  00005bfb  2**0
                  CONTENTS, READONLY, DEBUGGING
 12 .debug_ranges 00000030  00000000  00000000  00007521  2**0
                  CONTENTS, READONLY, DEBUGGING

Disassembly of section .text:

00000000 <__vectors>:
       0:	0c 94 2a 00 	jmp	0x54	; 0x54 <__ctors_end>
       4:	0c 94 3f 00 	jmp	0x7e	; 0x7e <__bad_interrupt>
       8:	0c 94 3f 00 	jmp	0x7e	; 0x7e <__bad_interrupt>
       c:	0c 94 3f 00 	jmp	0x7e	; 0x7e <__bad_interrupt>
      10:	0c 94 3f 00 	jmp	0x7e	; 0x7e <__bad_interrupt>
      14:	0c 94 3f 00 	jmp	0x7e	; 0x7e <__bad_interrupt>
      18:	0c 94 3f 00 	jmp	0x7e	; 0x7e <__bad_interrupt>
      1c:	0c 94 3f 00 	jmp	0x7e	; 0x7e <__bad_interrupt>
      20:	0c 94 3f 00 	jmp	0x7e	; 0x7e <__bad_interrupt>
      24:	0c 94 3f 00 	jmp	0x7e	; 0x7e <__bad_interrupt>
      28:	0c 94 3f 00 	jmp	0x7e	; 0x7e <__bad_interrupt>
      2c:	0c 94 3f 00 	jmp	0x7e	; 0x7e <__bad_interrupt>
      30:	0c 94 3f 00 	jmp	0x7e	; 0x7e <__bad_interrupt>
      34:	0c 94 3f 00 	jmp	0x7e	; 0x7e <__bad_interrupt>
      38:	0c 94 3f 00 	jmp	0x7e	; 0x7e <__bad_interrupt>
      3c:	0c 94 3f 00 	jmp	0x7e	; 0x7e <__bad_interrupt>
      40:	0c 94 3f 00 	jmp	0x7e	; 0x7e <__bad_interrupt>
      44:	0c 94 3f 00 	jmp	0x7e	; 0x7e <__bad_interrupt>
      48:	0c 94 3f 00 	jmp	0x7e	; 0x7e <__bad_interrupt>
      4c:	0c 94 3f 00 	jmp	0x7e	; 0x7e <__bad_interrupt>
      50:	0c 94 3f 00 	jmp	0x7e	; 0x7e <__bad_interrupt>

00000054 <__ctors_end>:
      54:	11 24       	eor	r1, r1
      56:	1f be       	out	0x3f, r1	; 63
      58:	cf e5       	ldi	r28, 0x5F	; 95
      5a:	d8 e0       	ldi	r29, 0x08	; 8
      5c:	de bf       	out	0x3e, r29	; 62
      5e:	cd bf       	out	0x3d, r28	; 61

00000060 <__do_copy_data>:
      60:	11 e0       	ldi	r17, 0x01	; 1
      62:	a0 e6       	ldi	r26, 0x60	; 96
      64:	b0 e0       	ldi	r27, 0x00	; 0
      66:	ee ea       	ldi	r30, 0xAE	; 174
      68:	f2 e2       	ldi	r31, 0x22	; 34
      6a:	02 c0       	rjmp	.+4      	; 0x70 <.do_copy_data_start>

0000006c <.do_copy_data_loop>:
      6c:	05 90       	lpm	r0, Z+
      6e:	0d 92       	st	X+, r0

00000070 <.do_copy_data_start>:
      70:	a0 38       	cpi	r26, 0x80	; 128
      72:	b1 07       	cpc	r27, r17
      74:	d9 f7       	brne	.-10     	; 0x6c <.do_copy_data_loop>
      76:	0e 94 d0 10 	call	0x21a0	; 0x21a0 <main>
      7a:	0c 94 55 11 	jmp	0x22aa	; 0x22aa <_exit>

0000007e <__bad_interrupt>:
      7e:	0c 94 00 00 	jmp	0	; 0x0 <__vectors>

00000082 <__udivdi3>:
      82:	ae e5       	ldi	r26, 0x5E	; 94
      84:	b0 e0       	ldi	r27, 0x00	; 0
      86:	e7 e4       	ldi	r30, 0x47	; 71
      88:	f0 e0       	ldi	r31, 0x00	; 0
      8a:	0c 94 1e 11 	jmp	0x223c	; 0x223c <__prologue_saves__>
      8e:	a8 e0       	ldi	r26, 0x08	; 8
      90:	4e 01       	movw	r8, r28
      92:	08 94       	sec
      94:	81 1c       	adc	r8, r1
      96:	91 1c       	adc	r9, r1
      98:	f4 01       	movw	r30, r8
      9a:	6a 2e       	mov	r6, r26
      9c:	11 92       	st	Z+, r1
      9e:	6a 94       	dec	r6
      a0:	e9 f7       	brne	.-6      	; 0x9c <__udivdi3+0x1a>
      a2:	29 83       	std	Y+1, r18	; 0x01
      a4:	3a 83       	std	Y+2, r19	; 0x02
      a6:	4b 83       	std	Y+3, r20	; 0x03
      a8:	5c 83       	std	Y+4, r21	; 0x04
      aa:	6d 83       	std	Y+5, r22	; 0x05
      ac:	7e 83       	std	Y+6, r23	; 0x06
      ae:	8f 83       	std	Y+7, r24	; 0x07
      b0:	98 87       	std	Y+8, r25	; 0x08
      b2:	ce 01       	movw	r24, r28
      b4:	09 96       	adiw	r24, 0x09	; 9
      b6:	fc 01       	movw	r30, r24
      b8:	11 92       	st	Z+, r1
      ba:	aa 95       	dec	r26
      bc:	e9 f7       	brne	.-6      	; 0xb8 <__udivdi3+0x36>
      be:	a9 86       	std	Y+9, r10	; 0x09
      c0:	ba 86       	std	Y+10, r11	; 0x0a
      c2:	cb 86       	std	Y+11, r12	; 0x0b
      c4:	dc 86       	std	Y+12, r13	; 0x0c
      c6:	ed 86       	std	Y+13, r14	; 0x0d
      c8:	fe 86       	std	Y+14, r15	; 0x0e
      ca:	0f 87       	std	Y+15, r16	; 0x0f
      cc:	18 8b       	std	Y+16, r17	; 0x10
      ce:	29 84       	ldd	r2, Y+9	; 0x09
      d0:	3a 84       	ldd	r3, Y+10	; 0x0a
      d2:	4b 84       	ldd	r4, Y+11	; 0x0b
      d4:	5c 84       	ldd	r5, Y+12	; 0x0c
      d6:	ed 84       	ldd	r14, Y+13	; 0x0d
      d8:	fe 84       	ldd	r15, Y+14	; 0x0e
      da:	0f 85       	ldd	r16, Y+15	; 0x0f
      dc:	18 89       	ldd	r17, Y+16	; 0x10
      de:	69 80       	ldd	r6, Y+1	; 0x01
      e0:	7a 80       	ldd	r7, Y+2	; 0x02
      e2:	8b 80       	ldd	r8, Y+3	; 0x03
      e4:	9c 80       	ldd	r9, Y+4	; 0x04
      e6:	6d a6       	std	Y+45, r6	; 0x2d
      e8:	7e a6       	std	Y+46, r7	; 0x2e
      ea:	8f a6       	std	Y+47, r8	; 0x2f
      ec:	98 aa       	std	Y+48, r9	; 0x30
      ee:	6d 80       	ldd	r6, Y+5	; 0x05
      f0:	7e 80       	ldd	r7, Y+6	; 0x06
      f2:	8f 80       	ldd	r8, Y+7	; 0x07
      f4:	98 84       	ldd	r9, Y+8	; 0x08
      f6:	e1 14       	cp	r14, r1
      f8:	f1 04       	cpc	r15, r1
      fa:	01 05       	cpc	r16, r1
      fc:	11 05       	cpc	r17, r1
      fe:	09 f0       	breq	.+2      	; 0x102 <__udivdi3+0x80>
     100:	b3 c3       	rjmp	.+1894   	; 0x868 <__stack+0x9>
     102:	62 14       	cp	r6, r2
     104:	73 04       	cpc	r7, r3
     106:	84 04       	cpc	r8, r4
     108:	95 04       	cpc	r9, r5
     10a:	08 f0       	brcs	.+2      	; 0x10e <__udivdi3+0x8c>
     10c:	3d c1       	rjmp	.+634    	; 0x388 <__udivdi3+0x306>
     10e:	00 e0       	ldi	r16, 0x00	; 0
     110:	20 16       	cp	r2, r16
     112:	00 e0       	ldi	r16, 0x00	; 0
     114:	30 06       	cpc	r3, r16
     116:	01 e0       	ldi	r16, 0x01	; 1
     118:	40 06       	cpc	r4, r16
     11a:	00 e0       	ldi	r16, 0x00	; 0
     11c:	50 06       	cpc	r5, r16
     11e:	88 f4       	brcc	.+34     	; 0x142 <__udivdi3+0xc0>
     120:	1f ef       	ldi	r17, 0xFF	; 255
     122:	21 16       	cp	r2, r17
     124:	31 04       	cpc	r3, r1
     126:	41 04       	cpc	r4, r1
     128:	51 04       	cpc	r5, r1
     12a:	39 f0       	breq	.+14     	; 0x13a <__udivdi3+0xb8>
     12c:	30 f0       	brcs	.+12     	; 0x13a <__udivdi3+0xb8>
     12e:	48 e0       	ldi	r20, 0x08	; 8
     130:	e4 2e       	mov	r14, r20
     132:	f1 2c       	mov	r15, r1
     134:	01 2d       	mov	r16, r1
     136:	11 2d       	mov	r17, r1
     138:	18 c0       	rjmp	.+48     	; 0x16a <__udivdi3+0xe8>
     13a:	ee 24       	eor	r14, r14
     13c:	ff 24       	eor	r15, r15
     13e:	87 01       	movw	r16, r14
     140:	14 c0       	rjmp	.+40     	; 0x16a <__udivdi3+0xe8>
     142:	20 e0       	ldi	r18, 0x00	; 0
     144:	22 16       	cp	r2, r18
     146:	20 e0       	ldi	r18, 0x00	; 0
     148:	32 06       	cpc	r3, r18
     14a:	20 e0       	ldi	r18, 0x00	; 0
     14c:	42 06       	cpc	r4, r18
     14e:	21 e0       	ldi	r18, 0x01	; 1
     150:	52 06       	cpc	r5, r18
     152:	30 f0       	brcs	.+12     	; 0x160 <__udivdi3+0xde>
     154:	38 e1       	ldi	r19, 0x18	; 24
     156:	e3 2e       	mov	r14, r19
     158:	f1 2c       	mov	r15, r1
     15a:	01 2d       	mov	r16, r1
     15c:	11 2d       	mov	r17, r1
     15e:	05 c0       	rjmp	.+10     	; 0x16a <__udivdi3+0xe8>
     160:	20 e1       	ldi	r18, 0x10	; 16
     162:	e2 2e       	mov	r14, r18
     164:	f1 2c       	mov	r15, r1
     166:	01 2d       	mov	r16, r1
     168:	11 2d       	mov	r17, r1
     16a:	d2 01       	movw	r26, r4
     16c:	c1 01       	movw	r24, r2
     16e:	0e 2c       	mov	r0, r14
     170:	04 c0       	rjmp	.+8      	; 0x17a <__udivdi3+0xf8>
     172:	b6 95       	lsr	r27
     174:	a7 95       	ror	r26
     176:	97 95       	ror	r25
     178:	87 95       	ror	r24
     17a:	0a 94       	dec	r0
     17c:	d2 f7       	brpl	.-12     	; 0x172 <__udivdi3+0xf0>
     17e:	80 5a       	subi	r24, 0xA0	; 160
     180:	9f 4f       	sbci	r25, 0xFF	; 255
     182:	dc 01       	movw	r26, r24
     184:	2c 91       	ld	r18, X
     186:	80 e2       	ldi	r24, 0x20	; 32
     188:	90 e0       	ldi	r25, 0x00	; 0
     18a:	a0 e0       	ldi	r26, 0x00	; 0
     18c:	b0 e0       	ldi	r27, 0x00	; 0
     18e:	8e 19       	sub	r24, r14
     190:	9f 09       	sbc	r25, r15
     192:	a0 0b       	sbc	r26, r16
     194:	b1 0b       	sbc	r27, r17
     196:	7c 01       	movw	r14, r24
     198:	8d 01       	movw	r16, r26
     19a:	e2 1a       	sub	r14, r18
     19c:	f1 08       	sbc	r15, r1
     19e:	01 09       	sbc	r16, r1
     1a0:	11 09       	sbc	r17, r1
     1a2:	e1 14       	cp	r14, r1
     1a4:	f1 04       	cpc	r15, r1
     1a6:	01 05       	cpc	r16, r1
     1a8:	11 05       	cpc	r17, r1
     1aa:	a1 f1       	breq	.+104    	; 0x214 <__udivdi3+0x192>
     1ac:	0e 2c       	mov	r0, r14
     1ae:	04 c0       	rjmp	.+8      	; 0x1b8 <__udivdi3+0x136>
     1b0:	22 0c       	add	r2, r2
     1b2:	33 1c       	adc	r3, r3
     1b4:	44 1c       	adc	r4, r4
     1b6:	55 1c       	adc	r5, r5
     1b8:	0a 94       	dec	r0
     1ba:	d2 f7       	brpl	.-12     	; 0x1b0 <__udivdi3+0x12e>
     1bc:	a4 01       	movw	r20, r8
     1be:	93 01       	movw	r18, r6
     1c0:	0e 2c       	mov	r0, r14
     1c2:	04 c0       	rjmp	.+8      	; 0x1cc <__udivdi3+0x14a>
     1c4:	22 0f       	add	r18, r18
     1c6:	33 1f       	adc	r19, r19
     1c8:	44 1f       	adc	r20, r20
     1ca:	55 1f       	adc	r21, r21
     1cc:	0a 94       	dec	r0
     1ce:	d2 f7       	brpl	.-12     	; 0x1c4 <__udivdi3+0x142>
     1d0:	80 e2       	ldi	r24, 0x20	; 32
     1d2:	90 e0       	ldi	r25, 0x00	; 0
     1d4:	8e 19       	sub	r24, r14
     1d6:	9f 09       	sbc	r25, r15
     1d8:	6d a4       	ldd	r6, Y+45	; 0x2d
     1da:	7e a4       	ldd	r7, Y+46	; 0x2e
     1dc:	8f a4       	ldd	r8, Y+47	; 0x2f
     1de:	98 a8       	ldd	r9, Y+48	; 0x30
     1e0:	04 c0       	rjmp	.+8      	; 0x1ea <__udivdi3+0x168>
     1e2:	96 94       	lsr	r9
     1e4:	87 94       	ror	r8
     1e6:	77 94       	ror	r7
     1e8:	67 94       	ror	r6
     1ea:	8a 95       	dec	r24
     1ec:	d2 f7       	brpl	.-12     	; 0x1e2 <__udivdi3+0x160>
     1ee:	62 2a       	or	r6, r18
     1f0:	73 2a       	or	r7, r19
     1f2:	84 2a       	or	r8, r20
     1f4:	95 2a       	or	r9, r21
     1f6:	ad a4       	ldd	r10, Y+45	; 0x2d
     1f8:	be a4       	ldd	r11, Y+46	; 0x2e
     1fa:	cf a4       	ldd	r12, Y+47	; 0x2f
     1fc:	d8 a8       	ldd	r13, Y+48	; 0x30
     1fe:	04 c0       	rjmp	.+8      	; 0x208 <__udivdi3+0x186>
     200:	aa 0c       	add	r10, r10
     202:	bb 1c       	adc	r11, r11
     204:	cc 1c       	adc	r12, r12
     206:	dd 1c       	adc	r13, r13
     208:	ea 94       	dec	r14
     20a:	d2 f7       	brpl	.-12     	; 0x200 <__udivdi3+0x17e>
     20c:	ad a6       	std	Y+45, r10	; 0x2d
     20e:	be a6       	std	Y+46, r11	; 0x2e
     210:	cf a6       	std	Y+47, r12	; 0x2f
     212:	d8 aa       	std	Y+48, r13	; 0x30
     214:	62 01       	movw	r12, r4
     216:	ee 24       	eor	r14, r14
     218:	ff 24       	eor	r15, r15
     21a:	cd aa       	std	Y+53, r12	; 0x35
     21c:	de aa       	std	Y+54, r13	; 0x36
     21e:	ef aa       	std	Y+55, r14	; 0x37
     220:	f8 ae       	std	Y+56, r15	; 0x38
     222:	92 01       	movw	r18, r4
     224:	81 01       	movw	r16, r2
     226:	20 70       	andi	r18, 0x00	; 0
     228:	30 70       	andi	r19, 0x00	; 0
     22a:	09 af       	std	Y+57, r16	; 0x39
     22c:	1a af       	std	Y+58, r17	; 0x3a
     22e:	2b af       	std	Y+59, r18	; 0x3b
     230:	3c af       	std	Y+60, r19	; 0x3c
     232:	c4 01       	movw	r24, r8
     234:	b3 01       	movw	r22, r6
     236:	a7 01       	movw	r20, r14
     238:	96 01       	movw	r18, r12
     23a:	0e 94 fc 10 	call	0x21f8	; 0x21f8 <__udivmodsi4>
     23e:	7b 01       	movw	r14, r22
     240:	8c 01       	movw	r16, r24
     242:	c4 01       	movw	r24, r8
     244:	b3 01       	movw	r22, r6
     246:	2d a9       	ldd	r18, Y+53	; 0x35
     248:	3e a9       	ldd	r19, Y+54	; 0x36
     24a:	4f a9       	ldd	r20, Y+55	; 0x37
     24c:	58 ad       	ldd	r21, Y+56	; 0x38
     24e:	0e 94 fc 10 	call	0x21f8	; 0x21f8 <__udivmodsi4>
     252:	c9 01       	movw	r24, r18
     254:	da 01       	movw	r26, r20
     256:	3c 01       	movw	r6, r24
     258:	4d 01       	movw	r8, r26
     25a:	c4 01       	movw	r24, r8
     25c:	b3 01       	movw	r22, r6
     25e:	29 ad       	ldd	r18, Y+57	; 0x39
     260:	3a ad       	ldd	r19, Y+58	; 0x3a
     262:	4b ad       	ldd	r20, Y+59	; 0x3b
     264:	5c ad       	ldd	r21, Y+60	; 0x3c
     266:	0e 94 dd 10 	call	0x21ba	; 0x21ba <__mulsi3>
     26a:	9b 01       	movw	r18, r22
     26c:	ac 01       	movw	r20, r24
     26e:	87 01       	movw	r16, r14
     270:	ff 24       	eor	r15, r15
     272:	ee 24       	eor	r14, r14
     274:	ad a4       	ldd	r10, Y+45	; 0x2d
     276:	be a4       	ldd	r11, Y+46	; 0x2e
     278:	cf a4       	ldd	r12, Y+47	; 0x2f
     27a:	d8 a8       	ldd	r13, Y+48	; 0x30
     27c:	c6 01       	movw	r24, r12
     27e:	aa 27       	eor	r26, r26
     280:	bb 27       	eor	r27, r27
     282:	57 01       	movw	r10, r14
     284:	68 01       	movw	r12, r16
     286:	a8 2a       	or	r10, r24
     288:	b9 2a       	or	r11, r25
     28a:	ca 2a       	or	r12, r26
     28c:	db 2a       	or	r13, r27
     28e:	a2 16       	cp	r10, r18
     290:	b3 06       	cpc	r11, r19
     292:	c4 06       	cpc	r12, r20
     294:	d5 06       	cpc	r13, r21
     296:	e0 f4       	brcc	.+56     	; 0x2d0 <__udivdi3+0x24e>
     298:	08 94       	sec
     29a:	61 08       	sbc	r6, r1
     29c:	71 08       	sbc	r7, r1
     29e:	81 08       	sbc	r8, r1
     2a0:	91 08       	sbc	r9, r1
     2a2:	a2 0c       	add	r10, r2
     2a4:	b3 1c       	adc	r11, r3
     2a6:	c4 1c       	adc	r12, r4
     2a8:	d5 1c       	adc	r13, r5
     2aa:	a2 14       	cp	r10, r2
     2ac:	b3 04       	cpc	r11, r3
     2ae:	c4 04       	cpc	r12, r4
     2b0:	d5 04       	cpc	r13, r5
     2b2:	70 f0       	brcs	.+28     	; 0x2d0 <__udivdi3+0x24e>
     2b4:	a2 16       	cp	r10, r18
     2b6:	b3 06       	cpc	r11, r19
     2b8:	c4 06       	cpc	r12, r20
     2ba:	d5 06       	cpc	r13, r21
     2bc:	48 f4       	brcc	.+18     	; 0x2d0 <__udivdi3+0x24e>
     2be:	08 94       	sec
     2c0:	61 08       	sbc	r6, r1
     2c2:	71 08       	sbc	r7, r1
     2c4:	81 08       	sbc	r8, r1
     2c6:	91 08       	sbc	r9, r1
     2c8:	a2 0c       	add	r10, r2
     2ca:	b3 1c       	adc	r11, r3
     2cc:	c4 1c       	adc	r12, r4
     2ce:	d5 1c       	adc	r13, r5
     2d0:	a2 1a       	sub	r10, r18
     2d2:	b3 0a       	sbc	r11, r19
     2d4:	c4 0a       	sbc	r12, r20
     2d6:	d5 0a       	sbc	r13, r21
     2d8:	c6 01       	movw	r24, r12
     2da:	b5 01       	movw	r22, r10
     2dc:	2d a9       	ldd	r18, Y+53	; 0x35
     2de:	3e a9       	ldd	r19, Y+54	; 0x36
     2e0:	4f a9       	ldd	r20, Y+55	; 0x37
     2e2:	58 ad       	ldd	r21, Y+56	; 0x38
     2e4:	0e 94 fc 10 	call	0x21f8	; 0x21f8 <__udivmodsi4>
     2e8:	7b 01       	movw	r14, r22
     2ea:	8c 01       	movw	r16, r24
     2ec:	c6 01       	movw	r24, r12
     2ee:	b5 01       	movw	r22, r10
     2f0:	2d a9       	ldd	r18, Y+53	; 0x35
     2f2:	3e a9       	ldd	r19, Y+54	; 0x36
     2f4:	4f a9       	ldd	r20, Y+55	; 0x37
     2f6:	58 ad       	ldd	r21, Y+56	; 0x38
     2f8:	0e 94 fc 10 	call	0x21f8	; 0x21f8 <__udivmodsi4>
     2fc:	c9 01       	movw	r24, r18
     2fe:	da 01       	movw	r26, r20
     300:	5c 01       	movw	r10, r24
     302:	6d 01       	movw	r12, r26
     304:	c6 01       	movw	r24, r12
     306:	b5 01       	movw	r22, r10
     308:	29 ad       	ldd	r18, Y+57	; 0x39
     30a:	3a ad       	ldd	r19, Y+58	; 0x3a
     30c:	4b ad       	ldd	r20, Y+59	; 0x3b
     30e:	5c ad       	ldd	r21, Y+60	; 0x3c
     310:	0e 94 dd 10 	call	0x21ba	; 0x21ba <__mulsi3>
     314:	9b 01       	movw	r18, r22
     316:	ac 01       	movw	r20, r24
     318:	87 01       	movw	r16, r14
     31a:	ff 24       	eor	r15, r15
     31c:	ee 24       	eor	r14, r14
     31e:	8d a5       	ldd	r24, Y+45	; 0x2d
     320:	9e a5       	ldd	r25, Y+46	; 0x2e
     322:	af a5       	ldd	r26, Y+47	; 0x2f
     324:	b8 a9       	ldd	r27, Y+48	; 0x30
     326:	a0 70       	andi	r26, 0x00	; 0
     328:	b0 70       	andi	r27, 0x00	; 0
     32a:	e8 2a       	or	r14, r24
     32c:	f9 2a       	or	r15, r25
     32e:	0a 2b       	or	r16, r26
     330:	1b 2b       	or	r17, r27
     332:	e2 16       	cp	r14, r18
     334:	f3 06       	cpc	r15, r19
     336:	04 07       	cpc	r16, r20
     338:	15 07       	cpc	r17, r21
     33a:	c0 f4       	brcc	.+48     	; 0x36c <__udivdi3+0x2ea>
     33c:	08 94       	sec
     33e:	a1 08       	sbc	r10, r1
     340:	b1 08       	sbc	r11, r1
     342:	c1 08       	sbc	r12, r1
     344:	d1 08       	sbc	r13, r1
     346:	e2 0c       	add	r14, r2
     348:	f3 1c       	adc	r15, r3
     34a:	04 1d       	adc	r16, r4
     34c:	15 1d       	adc	r17, r5
     34e:	e2 14       	cp	r14, r2
     350:	f3 04       	cpc	r15, r3
     352:	04 05       	cpc	r16, r4
     354:	15 05       	cpc	r17, r5
     356:	50 f0       	brcs	.+20     	; 0x36c <__udivdi3+0x2ea>
     358:	e2 16       	cp	r14, r18
     35a:	f3 06       	cpc	r15, r19
     35c:	04 07       	cpc	r16, r20
     35e:	15 07       	cpc	r17, r21
     360:	28 f4       	brcc	.+10     	; 0x36c <__udivdi3+0x2ea>
     362:	08 94       	sec
     364:	a1 08       	sbc	r10, r1
     366:	b1 08       	sbc	r11, r1
     368:	c1 08       	sbc	r12, r1
     36a:	d1 08       	sbc	r13, r1
     36c:	d3 01       	movw	r26, r6
     36e:	99 27       	eor	r25, r25
     370:	88 27       	eor	r24, r24
     372:	86 01       	movw	r16, r12
     374:	75 01       	movw	r14, r10
     376:	e8 2a       	or	r14, r24
     378:	f9 2a       	or	r15, r25
     37a:	0a 2b       	or	r16, r26
     37c:	1b 2b       	or	r17, r27
     37e:	e9 aa       	std	Y+49, r14	; 0x31
     380:	fa aa       	std	Y+50, r15	; 0x32
     382:	0b ab       	std	Y+51, r16	; 0x33
     384:	1c ab       	std	Y+52, r17	; 0x34
     386:	cf c4       	rjmp	.+2462   	; 0xd26 <__stack+0x4c7>
     388:	21 14       	cp	r2, r1
     38a:	31 04       	cpc	r3, r1
     38c:	41 04       	cpc	r4, r1
     38e:	51 04       	cpc	r5, r1
     390:	71 f4       	brne	.+28     	; 0x3ae <__udivdi3+0x32c>
     392:	61 e0       	ldi	r22, 0x01	; 1
     394:	70 e0       	ldi	r23, 0x00	; 0
     396:	80 e0       	ldi	r24, 0x00	; 0
     398:	90 e0       	ldi	r25, 0x00	; 0
     39a:	20 e0       	ldi	r18, 0x00	; 0
     39c:	30 e0       	ldi	r19, 0x00	; 0
     39e:	40 e0       	ldi	r20, 0x00	; 0
     3a0:	50 e0       	ldi	r21, 0x00	; 0
     3a2:	0e 94 fc 10 	call	0x21f8	; 0x21f8 <__udivmodsi4>
     3a6:	c9 01       	movw	r24, r18
     3a8:	da 01       	movw	r26, r20
     3aa:	1c 01       	movw	r2, r24
     3ac:	2d 01       	movw	r4, r26
     3ae:	00 e0       	ldi	r16, 0x00	; 0
     3b0:	20 16       	cp	r2, r16
     3b2:	00 e0       	ldi	r16, 0x00	; 0
     3b4:	30 06       	cpc	r3, r16
     3b6:	01 e0       	ldi	r16, 0x01	; 1
     3b8:	40 06       	cpc	r4, r16
     3ba:	00 e0       	ldi	r16, 0x00	; 0
     3bc:	50 06       	cpc	r5, r16
     3be:	88 f4       	brcc	.+34     	; 0x3e2 <__udivdi3+0x360>
     3c0:	1f ef       	ldi	r17, 0xFF	; 255
     3c2:	21 16       	cp	r2, r17
     3c4:	31 04       	cpc	r3, r1
     3c6:	41 04       	cpc	r4, r1
     3c8:	51 04       	cpc	r5, r1
     3ca:	31 f0       	breq	.+12     	; 0x3d8 <__udivdi3+0x356>
     3cc:	28 f0       	brcs	.+10     	; 0x3d8 <__udivdi3+0x356>
     3ce:	48 e0       	ldi	r20, 0x08	; 8
     3d0:	50 e0       	ldi	r21, 0x00	; 0
     3d2:	60 e0       	ldi	r22, 0x00	; 0
     3d4:	70 e0       	ldi	r23, 0x00	; 0
     3d6:	17 c0       	rjmp	.+46     	; 0x406 <__udivdi3+0x384>
     3d8:	40 e0       	ldi	r20, 0x00	; 0
     3da:	50 e0       	ldi	r21, 0x00	; 0
     3dc:	60 e0       	ldi	r22, 0x00	; 0
     3de:	70 e0       	ldi	r23, 0x00	; 0
     3e0:	12 c0       	rjmp	.+36     	; 0x406 <__udivdi3+0x384>
     3e2:	20 e0       	ldi	r18, 0x00	; 0
     3e4:	22 16       	cp	r2, r18
     3e6:	20 e0       	ldi	r18, 0x00	; 0
     3e8:	32 06       	cpc	r3, r18
     3ea:	20 e0       	ldi	r18, 0x00	; 0
     3ec:	42 06       	cpc	r4, r18
     3ee:	21 e0       	ldi	r18, 0x01	; 1
     3f0:	52 06       	cpc	r5, r18
     3f2:	28 f0       	brcs	.+10     	; 0x3fe <__udivdi3+0x37c>
     3f4:	48 e1       	ldi	r20, 0x18	; 24
     3f6:	50 e0       	ldi	r21, 0x00	; 0
     3f8:	60 e0       	ldi	r22, 0x00	; 0
     3fa:	70 e0       	ldi	r23, 0x00	; 0
     3fc:	04 c0       	rjmp	.+8      	; 0x406 <__udivdi3+0x384>
     3fe:	40 e1       	ldi	r20, 0x10	; 16
     400:	50 e0       	ldi	r21, 0x00	; 0
     402:	60 e0       	ldi	r22, 0x00	; 0
     404:	70 e0       	ldi	r23, 0x00	; 0
     406:	d2 01       	movw	r26, r4
     408:	c1 01       	movw	r24, r2
     40a:	04 2e       	mov	r0, r20
     40c:	04 c0       	rjmp	.+8      	; 0x416 <__udivdi3+0x394>
     40e:	b6 95       	lsr	r27
     410:	a7 95       	ror	r26
     412:	97 95       	ror	r25
     414:	87 95       	ror	r24
     416:	0a 94       	dec	r0
     418:	d2 f7       	brpl	.-12     	; 0x40e <__udivdi3+0x38c>
     41a:	80 5a       	subi	r24, 0xA0	; 160
     41c:	9f 4f       	sbci	r25, 0xFF	; 255
     41e:	dc 01       	movw	r26, r24
     420:	2c 91       	ld	r18, X
     422:	e0 e2       	ldi	r30, 0x20	; 32
     424:	ee 2e       	mov	r14, r30
     426:	f1 2c       	mov	r15, r1
     428:	01 2d       	mov	r16, r1
     42a:	11 2d       	mov	r17, r1
     42c:	d8 01       	movw	r26, r16
     42e:	c7 01       	movw	r24, r14
     430:	84 1b       	sub	r24, r20
     432:	95 0b       	sbc	r25, r21
     434:	a6 0b       	sbc	r26, r22
     436:	b7 0b       	sbc	r27, r23
     438:	82 1b       	sub	r24, r18
     43a:	91 09       	sbc	r25, r1
     43c:	a1 09       	sbc	r26, r1
     43e:	b1 09       	sbc	r27, r1
     440:	00 97       	sbiw	r24, 0x00	; 0
     442:	a1 05       	cpc	r26, r1
     444:	b1 05       	cpc	r27, r1
     446:	61 f4       	brne	.+24     	; 0x460 <__udivdi3+0x3de>
     448:	64 01       	movw	r12, r8
     44a:	53 01       	movw	r10, r6
     44c:	a2 18       	sub	r10, r2
     44e:	b3 08       	sbc	r11, r3
     450:	c4 08       	sbc	r12, r4
     452:	d5 08       	sbc	r13, r5
     454:	31 e0       	ldi	r19, 0x01	; 1
     456:	63 2e       	mov	r6, r19
     458:	71 2c       	mov	r7, r1
     45a:	81 2c       	mov	r8, r1
     45c:	91 2c       	mov	r9, r1
     45e:	1e c1       	rjmp	.+572    	; 0x69c <__udivdi3+0x61a>
     460:	6f 96       	adiw	r28, 0x1f	; 31
     462:	8f af       	std	Y+63, r24	; 0x3f
     464:	6f 97       	sbiw	r28, 0x1f	; 31
     466:	08 2e       	mov	r0, r24
     468:	04 c0       	rjmp	.+8      	; 0x472 <__udivdi3+0x3f0>
     46a:	22 0c       	add	r2, r2
     46c:	33 1c       	adc	r3, r3
     46e:	44 1c       	adc	r4, r4
     470:	55 1c       	adc	r5, r5
     472:	0a 94       	dec	r0
     474:	d2 f7       	brpl	.-12     	; 0x46a <__udivdi3+0x3e8>
     476:	ee 2d       	mov	r30, r14
     478:	e8 1b       	sub	r30, r24
     47a:	64 01       	movw	r12, r8
     47c:	53 01       	movw	r10, r6
     47e:	0e 2e       	mov	r0, r30
     480:	04 c0       	rjmp	.+8      	; 0x48a <__udivdi3+0x408>
     482:	d6 94       	lsr	r13
     484:	c7 94       	ror	r12
     486:	b7 94       	ror	r11
     488:	a7 94       	ror	r10
     48a:	0a 94       	dec	r0
     48c:	d2 f7       	brpl	.-12     	; 0x482 <__udivdi3+0x400>
     48e:	a4 01       	movw	r20, r8
     490:	93 01       	movw	r18, r6
     492:	6f 96       	adiw	r28, 0x1f	; 31
     494:	0f ac       	ldd	r0, Y+63	; 0x3f
     496:	6f 97       	sbiw	r28, 0x1f	; 31
     498:	04 c0       	rjmp	.+8      	; 0x4a2 <__udivdi3+0x420>
     49a:	22 0f       	add	r18, r18
     49c:	33 1f       	adc	r19, r19
     49e:	44 1f       	adc	r20, r20
     4a0:	55 1f       	adc	r21, r21
     4a2:	0a 94       	dec	r0
     4a4:	d2 f7       	brpl	.-12     	; 0x49a <__udivdi3+0x418>
     4a6:	6d a4       	ldd	r6, Y+45	; 0x2d
     4a8:	7e a4       	ldd	r7, Y+46	; 0x2e
     4aa:	8f a4       	ldd	r8, Y+47	; 0x2f
     4ac:	98 a8       	ldd	r9, Y+48	; 0x30
     4ae:	0e 2e       	mov	r0, r30
     4b0:	04 c0       	rjmp	.+8      	; 0x4ba <__udivdi3+0x438>
     4b2:	96 94       	lsr	r9
     4b4:	87 94       	ror	r8
     4b6:	77 94       	ror	r7
     4b8:	67 94       	ror	r6
     4ba:	0a 94       	dec	r0
     4bc:	d2 f7       	brpl	.-12     	; 0x4b2 <__udivdi3+0x430>
     4be:	84 01       	movw	r16, r8
     4c0:	73 01       	movw	r14, r6
     4c2:	e2 2a       	or	r14, r18
     4c4:	f3 2a       	or	r15, r19
     4c6:	04 2b       	or	r16, r20
     4c8:	15 2b       	or	r17, r21
     4ca:	e9 a6       	std	Y+41, r14	; 0x29
     4cc:	fa a6       	std	Y+42, r15	; 0x2a
     4ce:	0b a7       	std	Y+43, r16	; 0x2b
     4d0:	1c a7       	std	Y+44, r17	; 0x2c
     4d2:	32 01       	movw	r6, r4
     4d4:	88 24       	eor	r8, r8
     4d6:	99 24       	eor	r9, r9
     4d8:	92 01       	movw	r18, r4
     4da:	81 01       	movw	r16, r2
     4dc:	20 70       	andi	r18, 0x00	; 0
     4de:	30 70       	andi	r19, 0x00	; 0
     4e0:	21 96       	adiw	r28, 0x01	; 1
     4e2:	0c af       	std	Y+60, r16	; 0x3c
     4e4:	1d af       	std	Y+61, r17	; 0x3d
     4e6:	2e af       	std	Y+62, r18	; 0x3e
     4e8:	3f af       	std	Y+63, r19	; 0x3f
     4ea:	21 97       	sbiw	r28, 0x01	; 1
     4ec:	c6 01       	movw	r24, r12
     4ee:	b5 01       	movw	r22, r10
     4f0:	a4 01       	movw	r20, r8
     4f2:	93 01       	movw	r18, r6
     4f4:	0e 94 fc 10 	call	0x21f8	; 0x21f8 <__udivmodsi4>
     4f8:	7b 01       	movw	r14, r22
     4fa:	8c 01       	movw	r16, r24
     4fc:	c6 01       	movw	r24, r12
     4fe:	b5 01       	movw	r22, r10
     500:	a4 01       	movw	r20, r8
     502:	93 01       	movw	r18, r6
     504:	0e 94 fc 10 	call	0x21f8	; 0x21f8 <__udivmodsi4>
     508:	c9 01       	movw	r24, r18
     50a:	da 01       	movw	r26, r20
     50c:	25 96       	adiw	r28, 0x05	; 5
     50e:	8c af       	std	Y+60, r24	; 0x3c
     510:	9d af       	std	Y+61, r25	; 0x3d
     512:	ae af       	std	Y+62, r26	; 0x3e
     514:	bf af       	std	Y+63, r27	; 0x3f
     516:	25 97       	sbiw	r28, 0x05	; 5
     518:	bc 01       	movw	r22, r24
     51a:	cd 01       	movw	r24, r26
     51c:	21 96       	adiw	r28, 0x01	; 1
     51e:	2c ad       	ldd	r18, Y+60	; 0x3c
     520:	3d ad       	ldd	r19, Y+61	; 0x3d
     522:	4e ad       	ldd	r20, Y+62	; 0x3e
     524:	5f ad       	ldd	r21, Y+63	; 0x3f
     526:	21 97       	sbiw	r28, 0x01	; 1
     528:	0e 94 dd 10 	call	0x21ba	; 0x21ba <__mulsi3>
     52c:	9b 01       	movw	r18, r22
     52e:	ac 01       	movw	r20, r24
     530:	87 01       	movw	r16, r14
     532:	ff 24       	eor	r15, r15
     534:	ee 24       	eor	r14, r14
     536:	a9 a4       	ldd	r10, Y+41	; 0x29
     538:	ba a4       	ldd	r11, Y+42	; 0x2a
     53a:	cb a4       	ldd	r12, Y+43	; 0x2b
     53c:	dc a4       	ldd	r13, Y+44	; 0x2c
     53e:	c6 01       	movw	r24, r12
     540:	aa 27       	eor	r26, r26
     542:	bb 27       	eor	r27, r27
     544:	5c 01       	movw	r10, r24
     546:	6d 01       	movw	r12, r26
     548:	ae 28       	or	r10, r14
     54a:	bf 28       	or	r11, r15
     54c:	c0 2a       	or	r12, r16
     54e:	d1 2a       	or	r13, r17
     550:	a2 16       	cp	r10, r18
     552:	b3 06       	cpc	r11, r19
     554:	c4 06       	cpc	r12, r20
     556:	d5 06       	cpc	r13, r21
     558:	60 f5       	brcc	.+88     	; 0x5b2 <__udivdi3+0x530>
     55a:	25 96       	adiw	r28, 0x05	; 5
     55c:	6c ad       	ldd	r22, Y+60	; 0x3c
     55e:	7d ad       	ldd	r23, Y+61	; 0x3d
     560:	8e ad       	ldd	r24, Y+62	; 0x3e
     562:	9f ad       	ldd	r25, Y+63	; 0x3f
     564:	25 97       	sbiw	r28, 0x05	; 5
     566:	61 50       	subi	r22, 0x01	; 1
     568:	70 40       	sbci	r23, 0x00	; 0
     56a:	80 40       	sbci	r24, 0x00	; 0
     56c:	90 40       	sbci	r25, 0x00	; 0
     56e:	25 96       	adiw	r28, 0x05	; 5
     570:	6c af       	std	Y+60, r22	; 0x3c
     572:	7d af       	std	Y+61, r23	; 0x3d
     574:	8e af       	std	Y+62, r24	; 0x3e
     576:	9f af       	std	Y+63, r25	; 0x3f
     578:	25 97       	sbiw	r28, 0x05	; 5
     57a:	a2 0c       	add	r10, r2
     57c:	b3 1c       	adc	r11, r3
     57e:	c4 1c       	adc	r12, r4
     580:	d5 1c       	adc	r13, r5
     582:	a2 14       	cp	r10, r2
     584:	b3 04       	cpc	r11, r3
     586:	c4 04       	cpc	r12, r4
     588:	d5 04       	cpc	r13, r5
     58a:	98 f0       	brcs	.+38     	; 0x5b2 <__udivdi3+0x530>
     58c:	a2 16       	cp	r10, r18
     58e:	b3 06       	cpc	r11, r19
     590:	c4 06       	cpc	r12, r20
     592:	d5 06       	cpc	r13, r21
     594:	70 f4       	brcc	.+28     	; 0x5b2 <__udivdi3+0x530>
     596:	61 50       	subi	r22, 0x01	; 1
     598:	70 40       	sbci	r23, 0x00	; 0
     59a:	80 40       	sbci	r24, 0x00	; 0
     59c:	90 40       	sbci	r25, 0x00	; 0
     59e:	25 96       	adiw	r28, 0x05	; 5
     5a0:	6c af       	std	Y+60, r22	; 0x3c
     5a2:	7d af       	std	Y+61, r23	; 0x3d
     5a4:	8e af       	std	Y+62, r24	; 0x3e
     5a6:	9f af       	std	Y+63, r25	; 0x3f
     5a8:	25 97       	sbiw	r28, 0x05	; 5
     5aa:	a2 0c       	add	r10, r2
     5ac:	b3 1c       	adc	r11, r3
     5ae:	c4 1c       	adc	r12, r4
     5b0:	d5 1c       	adc	r13, r5
     5b2:	a2 1a       	sub	r10, r18
     5b4:	b3 0a       	sbc	r11, r19
     5b6:	c4 0a       	sbc	r12, r20
     5b8:	d5 0a       	sbc	r13, r21
     5ba:	c6 01       	movw	r24, r12
     5bc:	b5 01       	movw	r22, r10
     5be:	a4 01       	movw	r20, r8
     5c0:	93 01       	movw	r18, r6
     5c2:	0e 94 fc 10 	call	0x21f8	; 0x21f8 <__udivmodsi4>
     5c6:	7b 01       	movw	r14, r22
     5c8:	8c 01       	movw	r16, r24
     5ca:	c6 01       	movw	r24, r12
     5cc:	b5 01       	movw	r22, r10
     5ce:	a4 01       	movw	r20, r8
     5d0:	93 01       	movw	r18, r6
     5d2:	0e 94 fc 10 	call	0x21f8	; 0x21f8 <__udivmodsi4>
     5d6:	c9 01       	movw	r24, r18
     5d8:	da 01       	movw	r26, r20
     5da:	3c 01       	movw	r6, r24
     5dc:	4d 01       	movw	r8, r26
     5de:	c4 01       	movw	r24, r8
     5e0:	b3 01       	movw	r22, r6
     5e2:	21 96       	adiw	r28, 0x01	; 1
     5e4:	2c ad       	ldd	r18, Y+60	; 0x3c
     5e6:	3d ad       	ldd	r19, Y+61	; 0x3d
     5e8:	4e ad       	ldd	r20, Y+62	; 0x3e
     5ea:	5f ad       	ldd	r21, Y+63	; 0x3f
     5ec:	21 97       	sbiw	r28, 0x01	; 1
     5ee:	0e 94 dd 10 	call	0x21ba	; 0x21ba <__mulsi3>
     5f2:	9b 01       	movw	r18, r22
     5f4:	ac 01       	movw	r20, r24
     5f6:	87 01       	movw	r16, r14
     5f8:	ff 24       	eor	r15, r15
     5fa:	ee 24       	eor	r14, r14
     5fc:	89 a5       	ldd	r24, Y+41	; 0x29
     5fe:	9a a5       	ldd	r25, Y+42	; 0x2a
     600:	ab a5       	ldd	r26, Y+43	; 0x2b
     602:	bc a5       	ldd	r27, Y+44	; 0x2c
     604:	a0 70       	andi	r26, 0x00	; 0
     606:	b0 70       	andi	r27, 0x00	; 0
     608:	57 01       	movw	r10, r14
     60a:	68 01       	movw	r12, r16
     60c:	a8 2a       	or	r10, r24
     60e:	b9 2a       	or	r11, r25
     610:	ca 2a       	or	r12, r26
     612:	db 2a       	or	r13, r27
     614:	a2 16       	cp	r10, r18
     616:	b3 06       	cpc	r11, r19
     618:	c4 06       	cpc	r12, r20
     61a:	d5 06       	cpc	r13, r21
     61c:	e0 f4       	brcc	.+56     	; 0x656 <__udivdi3+0x5d4>
     61e:	08 94       	sec
     620:	61 08       	sbc	r6, r1
     622:	71 08       	sbc	r7, r1
     624:	81 08       	sbc	r8, r1
     626:	91 08       	sbc	r9, r1
     628:	a2 0c       	add	r10, r2
     62a:	b3 1c       	adc	r11, r3
     62c:	c4 1c       	adc	r12, r4
     62e:	d5 1c       	adc	r13, r5
     630:	a2 14       	cp	r10, r2
     632:	b3 04       	cpc	r11, r3
     634:	c4 04       	cpc	r12, r4
     636:	d5 04       	cpc	r13, r5
     638:	70 f0       	brcs	.+28     	; 0x656 <__udivdi3+0x5d4>
     63a:	a2 16       	cp	r10, r18
     63c:	b3 06       	cpc	r11, r19
     63e:	c4 06       	cpc	r12, r20
     640:	d5 06       	cpc	r13, r21
     642:	48 f4       	brcc	.+18     	; 0x656 <__udivdi3+0x5d4>
     644:	08 94       	sec
     646:	61 08       	sbc	r6, r1
     648:	71 08       	sbc	r7, r1
     64a:	81 08       	sbc	r8, r1
     64c:	91 08       	sbc	r9, r1
     64e:	a2 0c       	add	r10, r2
     650:	b3 1c       	adc	r11, r3
     652:	c4 1c       	adc	r12, r4
     654:	d5 1c       	adc	r13, r5
     656:	8d a5       	ldd	r24, Y+45	; 0x2d
     658:	9e a5       	ldd	r25, Y+46	; 0x2e
     65a:	af a5       	ldd	r26, Y+47	; 0x2f
     65c:	b8 a9       	ldd	r27, Y+48	; 0x30
     65e:	6f 96       	adiw	r28, 0x1f	; 31
     660:	0f ac       	ldd	r0, Y+63	; 0x3f
     662:	6f 97       	sbiw	r28, 0x1f	; 31
     664:	04 c0       	rjmp	.+8      	; 0x66e <__udivdi3+0x5ec>
     666:	88 0f       	add	r24, r24
     668:	99 1f       	adc	r25, r25
     66a:	aa 1f       	adc	r26, r26
     66c:	bb 1f       	adc	r27, r27
     66e:	0a 94       	dec	r0
     670:	d2 f7       	brpl	.-12     	; 0x666 <__udivdi3+0x5e4>
     672:	8d a7       	std	Y+45, r24	; 0x2d
     674:	9e a7       	std	Y+46, r25	; 0x2e
     676:	af a7       	std	Y+47, r26	; 0x2f
     678:	b8 ab       	std	Y+48, r27	; 0x30
     67a:	a2 1a       	sub	r10, r18
     67c:	b3 0a       	sbc	r11, r19
     67e:	c4 0a       	sbc	r12, r20
     680:	d5 0a       	sbc	r13, r21
     682:	25 96       	adiw	r28, 0x05	; 5
     684:	ec ac       	ldd	r14, Y+60	; 0x3c
     686:	fd ac       	ldd	r15, Y+61	; 0x3d
     688:	0e ad       	ldd	r16, Y+62	; 0x3e
     68a:	1f ad       	ldd	r17, Y+63	; 0x3f
     68c:	25 97       	sbiw	r28, 0x05	; 5
     68e:	d7 01       	movw	r26, r14
     690:	99 27       	eor	r25, r25
     692:	88 27       	eor	r24, r24
     694:	68 2a       	or	r6, r24
     696:	79 2a       	or	r7, r25
     698:	8a 2a       	or	r8, r26
     69a:	9b 2a       	or	r9, r27
     69c:	82 01       	movw	r16, r4
     69e:	22 27       	eor	r18, r18
     6a0:	33 27       	eor	r19, r19
     6a2:	29 96       	adiw	r28, 0x09	; 9
     6a4:	0c af       	std	Y+60, r16	; 0x3c
     6a6:	1d af       	std	Y+61, r17	; 0x3d
     6a8:	2e af       	std	Y+62, r18	; 0x3e
     6aa:	3f af       	std	Y+63, r19	; 0x3f
     6ac:	29 97       	sbiw	r28, 0x09	; 9
     6ae:	a2 01       	movw	r20, r4
     6b0:	91 01       	movw	r18, r2
     6b2:	40 70       	andi	r20, 0x00	; 0
     6b4:	50 70       	andi	r21, 0x00	; 0
     6b6:	2d 96       	adiw	r28, 0x0d	; 13
     6b8:	2c af       	std	Y+60, r18	; 0x3c
     6ba:	3d af       	std	Y+61, r19	; 0x3d
     6bc:	4e af       	std	Y+62, r20	; 0x3e
     6be:	5f af       	std	Y+63, r21	; 0x3f
     6c0:	2d 97       	sbiw	r28, 0x0d	; 13
     6c2:	c6 01       	movw	r24, r12
     6c4:	b5 01       	movw	r22, r10
     6c6:	29 96       	adiw	r28, 0x09	; 9
     6c8:	2c ad       	ldd	r18, Y+60	; 0x3c
     6ca:	3d ad       	ldd	r19, Y+61	; 0x3d
     6cc:	4e ad       	ldd	r20, Y+62	; 0x3e
     6ce:	5f ad       	ldd	r21, Y+63	; 0x3f
     6d0:	29 97       	sbiw	r28, 0x09	; 9
     6d2:	0e 94 fc 10 	call	0x21f8	; 0x21f8 <__udivmodsi4>
     6d6:	7b 01       	movw	r14, r22
     6d8:	8c 01       	movw	r16, r24
     6da:	c6 01       	movw	r24, r12
     6dc:	b5 01       	movw	r22, r10
     6de:	29 96       	adiw	r28, 0x09	; 9
     6e0:	2c ad       	ldd	r18, Y+60	; 0x3c
     6e2:	3d ad       	ldd	r19, Y+61	; 0x3d
     6e4:	4e ad       	ldd	r20, Y+62	; 0x3e
     6e6:	5f ad       	ldd	r21, Y+63	; 0x3f
     6e8:	29 97       	sbiw	r28, 0x09	; 9
     6ea:	0e 94 fc 10 	call	0x21f8	; 0x21f8 <__udivmodsi4>
     6ee:	c9 01       	movw	r24, r18
     6f0:	da 01       	movw	r26, r20
     6f2:	61 96       	adiw	r28, 0x11	; 17
     6f4:	8c af       	std	Y+60, r24	; 0x3c
     6f6:	9d af       	std	Y+61, r25	; 0x3d
     6f8:	ae af       	std	Y+62, r26	; 0x3e
     6fa:	bf af       	std	Y+63, r27	; 0x3f
     6fc:	61 97       	sbiw	r28, 0x11	; 17
     6fe:	bc 01       	movw	r22, r24
     700:	cd 01       	movw	r24, r26
     702:	2d 96       	adiw	r28, 0x0d	; 13
     704:	2c ad       	ldd	r18, Y+60	; 0x3c
     706:	3d ad       	ldd	r19, Y+61	; 0x3d
     708:	4e ad       	ldd	r20, Y+62	; 0x3e
     70a:	5f ad       	ldd	r21, Y+63	; 0x3f
     70c:	2d 97       	sbiw	r28, 0x0d	; 13
     70e:	0e 94 dd 10 	call	0x21ba	; 0x21ba <__mulsi3>
     712:	9b 01       	movw	r18, r22
     714:	ac 01       	movw	r20, r24
     716:	87 01       	movw	r16, r14
     718:	ff 24       	eor	r15, r15
     71a:	ee 24       	eor	r14, r14
     71c:	ad a4       	ldd	r10, Y+45	; 0x2d
     71e:	be a4       	ldd	r11, Y+46	; 0x2e
     720:	cf a4       	ldd	r12, Y+47	; 0x2f
     722:	d8 a8       	ldd	r13, Y+48	; 0x30
     724:	c6 01       	movw	r24, r12
     726:	aa 27       	eor	r26, r26
     728:	bb 27       	eor	r27, r27
     72a:	57 01       	movw	r10, r14
     72c:	68 01       	movw	r12, r16
     72e:	a8 2a       	or	r10, r24
     730:	b9 2a       	or	r11, r25
     732:	ca 2a       	or	r12, r26
     734:	db 2a       	or	r13, r27
     736:	a2 16       	cp	r10, r18
     738:	b3 06       	cpc	r11, r19
     73a:	c4 06       	cpc	r12, r20
     73c:	d5 06       	cpc	r13, r21
     73e:	60 f5       	brcc	.+88     	; 0x798 <__udivdi3+0x716>
     740:	61 96       	adiw	r28, 0x11	; 17
     742:	6c ad       	ldd	r22, Y+60	; 0x3c
     744:	7d ad       	ldd	r23, Y+61	; 0x3d
     746:	8e ad       	ldd	r24, Y+62	; 0x3e
     748:	9f ad       	ldd	r25, Y+63	; 0x3f
     74a:	61 97       	sbiw	r28, 0x11	; 17
     74c:	61 50       	subi	r22, 0x01	; 1
     74e:	70 40       	sbci	r23, 0x00	; 0
     750:	80 40       	sbci	r24, 0x00	; 0
     752:	90 40       	sbci	r25, 0x00	; 0
     754:	61 96       	adiw	r28, 0x11	; 17
     756:	6c af       	std	Y+60, r22	; 0x3c
     758:	7d af       	std	Y+61, r23	; 0x3d
     75a:	8e af       	std	Y+62, r24	; 0x3e
     75c:	9f af       	std	Y+63, r25	; 0x3f
     75e:	61 97       	sbiw	r28, 0x11	; 17
     760:	a2 0c       	add	r10, r2
     762:	b3 1c       	adc	r11, r3
     764:	c4 1c       	adc	r12, r4
     766:	d5 1c       	adc	r13, r5
     768:	a2 14       	cp	r10, r2
     76a:	b3 04       	cpc	r11, r3
     76c:	c4 04       	cpc	r12, r4
     76e:	d5 04       	cpc	r13, r5
     770:	98 f0       	brcs	.+38     	; 0x798 <__udivdi3+0x716>
     772:	a2 16       	cp	r10, r18
     774:	b3 06       	cpc	r11, r19
     776:	c4 06       	cpc	r12, r20
     778:	d5 06       	cpc	r13, r21
     77a:	70 f4       	brcc	.+28     	; 0x798 <__udivdi3+0x716>
     77c:	61 50       	subi	r22, 0x01	; 1
     77e:	70 40       	sbci	r23, 0x00	; 0
     780:	80 40       	sbci	r24, 0x00	; 0
     782:	90 40       	sbci	r25, 0x00	; 0
     784:	61 96       	adiw	r28, 0x11	; 17
     786:	6c af       	std	Y+60, r22	; 0x3c
     788:	7d af       	std	Y+61, r23	; 0x3d
     78a:	8e af       	std	Y+62, r24	; 0x3e
     78c:	9f af       	std	Y+63, r25	; 0x3f
     78e:	61 97       	sbiw	r28, 0x11	; 17
     790:	a2 0c       	add	r10, r2
     792:	b3 1c       	adc	r11, r3
     794:	c4 1c       	adc	r12, r4
     796:	d5 1c       	adc	r13, r5
     798:	a2 1a       	sub	r10, r18
     79a:	b3 0a       	sbc	r11, r19
     79c:	c4 0a       	sbc	r12, r20
     79e:	d5 0a       	sbc	r13, r21
     7a0:	c6 01       	movw	r24, r12
     7a2:	b5 01       	movw	r22, r10
     7a4:	29 96       	adiw	r28, 0x09	; 9
     7a6:	2c ad       	ldd	r18, Y+60	; 0x3c
     7a8:	3d ad       	ldd	r19, Y+61	; 0x3d
     7aa:	4e ad       	ldd	r20, Y+62	; 0x3e
     7ac:	5f ad       	ldd	r21, Y+63	; 0x3f
     7ae:	29 97       	sbiw	r28, 0x09	; 9
     7b0:	0e 94 fc 10 	call	0x21f8	; 0x21f8 <__udivmodsi4>
     7b4:	7b 01       	movw	r14, r22
     7b6:	8c 01       	movw	r16, r24
     7b8:	c6 01       	movw	r24, r12
     7ba:	b5 01       	movw	r22, r10
     7bc:	29 96       	adiw	r28, 0x09	; 9
     7be:	2c ad       	ldd	r18, Y+60	; 0x3c
     7c0:	3d ad       	ldd	r19, Y+61	; 0x3d
     7c2:	4e ad       	ldd	r20, Y+62	; 0x3e
     7c4:	5f ad       	ldd	r21, Y+63	; 0x3f
     7c6:	29 97       	sbiw	r28, 0x09	; 9
     7c8:	0e 94 fc 10 	call	0x21f8	; 0x21f8 <__udivmodsi4>
     7cc:	c9 01       	movw	r24, r18
     7ce:	da 01       	movw	r26, r20
     7d0:	5c 01       	movw	r10, r24
     7d2:	6d 01       	movw	r12, r26
     7d4:	c6 01       	movw	r24, r12
     7d6:	b5 01       	movw	r22, r10
     7d8:	2d 96       	adiw	r28, 0x0d	; 13
     7da:	2c ad       	ldd	r18, Y+60	; 0x3c
     7dc:	3d ad       	ldd	r19, Y+61	; 0x3d
     7de:	4e ad       	ldd	r20, Y+62	; 0x3e
     7e0:	5f ad       	ldd	r21, Y+63	; 0x3f
     7e2:	2d 97       	sbiw	r28, 0x0d	; 13
     7e4:	0e 94 dd 10 	call	0x21ba	; 0x21ba <__mulsi3>
     7e8:	9b 01       	movw	r18, r22
     7ea:	ac 01       	movw	r20, r24
     7ec:	87 01       	movw	r16, r14
     7ee:	ff 24       	eor	r15, r15
     7f0:	ee 24       	eor	r14, r14
     7f2:	8d a5       	ldd	r24, Y+45	; 0x2d
     7f4:	9e a5       	ldd	r25, Y+46	; 0x2e
     7f6:	af a5       	ldd	r26, Y+47	; 0x2f
     7f8:	b8 a9       	ldd	r27, Y+48	; 0x30
     7fa:	a0 70       	andi	r26, 0x00	; 0
     7fc:	b0 70       	andi	r27, 0x00	; 0
     7fe:	e8 2a       	or	r14, r24
     800:	f9 2a       	or	r15, r25
     802:	0a 2b       	or	r16, r26
     804:	1b 2b       	or	r17, r27
     806:	e2 16       	cp	r14, r18
     808:	f3 06       	cpc	r15, r19
     80a:	04 07       	cpc	r16, r20
     80c:	15 07       	cpc	r17, r21
     80e:	c0 f4       	brcc	.+48     	; 0x840 <__udivdi3+0x7be>
     810:	08 94       	sec
     812:	a1 08       	sbc	r10, r1
     814:	b1 08       	sbc	r11, r1
     816:	c1 08       	sbc	r12, r1
     818:	d1 08       	sbc	r13, r1
     81a:	e2 0c       	add	r14, r2
     81c:	f3 1c       	adc	r15, r3
     81e:	04 1d       	adc	r16, r4
     820:	15 1d       	adc	r17, r5
     822:	e2 14       	cp	r14, r2
     824:	f3 04       	cpc	r15, r3
     826:	04 05       	cpc	r16, r4
     828:	15 05       	cpc	r17, r5
     82a:	50 f0       	brcs	.+20     	; 0x840 <__udivdi3+0x7be>
     82c:	e2 16       	cp	r14, r18
     82e:	f3 06       	cpc	r15, r19
     830:	04 07       	cpc	r16, r20
     832:	15 07       	cpc	r17, r21
     834:	28 f4       	brcc	.+10     	; 0x840 <__udivdi3+0x7be>
     836:	08 94       	sec
     838:	a1 08       	sbc	r10, r1
     83a:	b1 08       	sbc	r11, r1
     83c:	c1 08       	sbc	r12, r1
     83e:	d1 08       	sbc	r13, r1
     840:	61 96       	adiw	r28, 0x11	; 17
     842:	ec ac       	ldd	r14, Y+60	; 0x3c
     844:	fd ac       	ldd	r15, Y+61	; 0x3d
     846:	0e ad       	ldd	r16, Y+62	; 0x3e
     848:	1f ad       	ldd	r17, Y+63	; 0x3f
     84a:	61 97       	sbiw	r28, 0x11	; 17
     84c:	d7 01       	movw	r26, r14
     84e:	99 27       	eor	r25, r25
     850:	88 27       	eor	r24, r24
     852:	96 01       	movw	r18, r12
     854:	85 01       	movw	r16, r10
     856:	08 2b       	or	r16, r24
     858:	19 2b       	or	r17, r25
     85a:	2a 2b       	or	r18, r26
     85c:	3b 2b       	or	r19, r27
     85e:	09 ab       	std	Y+49, r16	; 0x31
     860:	1a ab       	std	Y+50, r17	; 0x32
     862:	2b ab       	std	Y+51, r18	; 0x33
     864:	3c ab       	std	Y+52, r19	; 0x34
     866:	62 c2       	rjmp	.+1220   	; 0xd2c <__stack+0x4cd>
     868:	6e 14       	cp	r6, r14
     86a:	7f 04       	cpc	r7, r15
     86c:	80 06       	cpc	r8, r16
     86e:	91 06       	cpc	r9, r17
     870:	08 f4       	brcc	.+2      	; 0x874 <__stack+0x15>
     872:	51 c2       	rjmp	.+1186   	; 0xd16 <__stack+0x4b7>
     874:	20 e0       	ldi	r18, 0x00	; 0
     876:	e2 16       	cp	r14, r18
     878:	20 e0       	ldi	r18, 0x00	; 0
     87a:	f2 06       	cpc	r15, r18
     87c:	21 e0       	ldi	r18, 0x01	; 1
     87e:	02 07       	cpc	r16, r18
     880:	20 e0       	ldi	r18, 0x00	; 0
     882:	12 07       	cpc	r17, r18
     884:	88 f4       	brcc	.+34     	; 0x8a8 <__stack+0x49>
     886:	3f ef       	ldi	r19, 0xFF	; 255
     888:	e3 16       	cp	r14, r19
     88a:	f1 04       	cpc	r15, r1
     88c:	01 05       	cpc	r16, r1
     88e:	11 05       	cpc	r17, r1
     890:	31 f0       	breq	.+12     	; 0x89e <__stack+0x3f>
     892:	28 f0       	brcs	.+10     	; 0x89e <__stack+0x3f>
     894:	48 e0       	ldi	r20, 0x08	; 8
     896:	50 e0       	ldi	r21, 0x00	; 0
     898:	60 e0       	ldi	r22, 0x00	; 0
     89a:	70 e0       	ldi	r23, 0x00	; 0
     89c:	17 c0       	rjmp	.+46     	; 0x8cc <__stack+0x6d>
     89e:	40 e0       	ldi	r20, 0x00	; 0
     8a0:	50 e0       	ldi	r21, 0x00	; 0
     8a2:	60 e0       	ldi	r22, 0x00	; 0
     8a4:	70 e0       	ldi	r23, 0x00	; 0
     8a6:	12 c0       	rjmp	.+36     	; 0x8cc <__stack+0x6d>
     8a8:	40 e0       	ldi	r20, 0x00	; 0
     8aa:	e4 16       	cp	r14, r20
     8ac:	40 e0       	ldi	r20, 0x00	; 0
     8ae:	f4 06       	cpc	r15, r20
     8b0:	40 e0       	ldi	r20, 0x00	; 0
     8b2:	04 07       	cpc	r16, r20
     8b4:	41 e0       	ldi	r20, 0x01	; 1
     8b6:	14 07       	cpc	r17, r20
     8b8:	28 f0       	brcs	.+10     	; 0x8c4 <__stack+0x65>
     8ba:	48 e1       	ldi	r20, 0x18	; 24
     8bc:	50 e0       	ldi	r21, 0x00	; 0
     8be:	60 e0       	ldi	r22, 0x00	; 0
     8c0:	70 e0       	ldi	r23, 0x00	; 0
     8c2:	04 c0       	rjmp	.+8      	; 0x8cc <__stack+0x6d>
     8c4:	40 e1       	ldi	r20, 0x10	; 16
     8c6:	50 e0       	ldi	r21, 0x00	; 0
     8c8:	60 e0       	ldi	r22, 0x00	; 0
     8ca:	70 e0       	ldi	r23, 0x00	; 0
     8cc:	d8 01       	movw	r26, r16
     8ce:	c7 01       	movw	r24, r14
     8d0:	04 2e       	mov	r0, r20
     8d2:	04 c0       	rjmp	.+8      	; 0x8dc <__stack+0x7d>
     8d4:	b6 95       	lsr	r27
     8d6:	a7 95       	ror	r26
     8d8:	97 95       	ror	r25
     8da:	87 95       	ror	r24
     8dc:	0a 94       	dec	r0
     8de:	d2 f7       	brpl	.-12     	; 0x8d4 <__stack+0x75>
     8e0:	80 5a       	subi	r24, 0xA0	; 160
     8e2:	9f 4f       	sbci	r25, 0xFF	; 255
     8e4:	dc 01       	movw	r26, r24
     8e6:	2c 91       	ld	r18, X
     8e8:	30 e2       	ldi	r19, 0x20	; 32
     8ea:	a3 2e       	mov	r10, r19
     8ec:	b1 2c       	mov	r11, r1
     8ee:	c1 2c       	mov	r12, r1
     8f0:	d1 2c       	mov	r13, r1
     8f2:	d6 01       	movw	r26, r12
     8f4:	c5 01       	movw	r24, r10
     8f6:	84 1b       	sub	r24, r20
     8f8:	95 0b       	sbc	r25, r21
     8fa:	a6 0b       	sbc	r26, r22
     8fc:	b7 0b       	sbc	r27, r23
     8fe:	82 1b       	sub	r24, r18
     900:	91 09       	sbc	r25, r1
     902:	a1 09       	sbc	r26, r1
     904:	b1 09       	sbc	r27, r1
     906:	00 97       	sbiw	r24, 0x00	; 0
     908:	a1 05       	cpc	r26, r1
     90a:	b1 05       	cpc	r27, r1
     90c:	89 f4       	brne	.+34     	; 0x930 <__stack+0xd1>
     90e:	e6 14       	cp	r14, r6
     910:	f7 04       	cpc	r15, r7
     912:	08 05       	cpc	r16, r8
     914:	19 05       	cpc	r17, r9
     916:	08 f4       	brcc	.+2      	; 0x91a <__stack+0xbb>
     918:	f2 c1       	rjmp	.+996    	; 0xcfe <__stack+0x49f>
     91a:	6d a4       	ldd	r6, Y+45	; 0x2d
     91c:	7e a4       	ldd	r7, Y+46	; 0x2e
     91e:	8f a4       	ldd	r8, Y+47	; 0x2f
     920:	98 a8       	ldd	r9, Y+48	; 0x30
     922:	62 14       	cp	r6, r2
     924:	73 04       	cpc	r7, r3
     926:	84 04       	cpc	r8, r4
     928:	95 04       	cpc	r9, r5
     92a:	08 f0       	brcs	.+2      	; 0x92e <__stack+0xcf>
     92c:	e8 c1       	rjmp	.+976    	; 0xcfe <__stack+0x49f>
     92e:	f3 c1       	rjmp	.+998    	; 0xd16 <__stack+0x4b7>
     930:	6e 96       	adiw	r28, 0x1e	; 30
     932:	8f af       	std	Y+63, r24	; 0x3f
     934:	6e 97       	sbiw	r28, 0x1e	; 30
     936:	08 2e       	mov	r0, r24
     938:	04 c0       	rjmp	.+8      	; 0x942 <__stack+0xe3>
     93a:	ee 0c       	add	r14, r14
     93c:	ff 1c       	adc	r15, r15
     93e:	00 1f       	adc	r16, r16
     940:	11 1f       	adc	r17, r17
     942:	0a 94       	dec	r0
     944:	d2 f7       	brpl	.-12     	; 0x93a <__stack+0xdb>
     946:	6a 2d       	mov	r22, r10
     948:	68 1b       	sub	r22, r24
     94a:	d2 01       	movw	r26, r4
     94c:	c1 01       	movw	r24, r2
     94e:	06 2e       	mov	r0, r22
     950:	04 c0       	rjmp	.+8      	; 0x95a <__stack+0xfb>
     952:	b6 95       	lsr	r27
     954:	a7 95       	ror	r26
     956:	97 95       	ror	r25
     958:	87 95       	ror	r24
     95a:	0a 94       	dec	r0
     95c:	d2 f7       	brpl	.-12     	; 0x952 <__stack+0xf3>
     95e:	5c 01       	movw	r10, r24
     960:	6d 01       	movw	r12, r26
     962:	ae 28       	or	r10, r14
     964:	bf 28       	or	r11, r15
     966:	c0 2a       	or	r12, r16
     968:	d1 2a       	or	r13, r17
     96a:	ad a2       	std	Y+37, r10	; 0x25
     96c:	be a2       	std	Y+38, r11	; 0x26
     96e:	cf a2       	std	Y+39, r12	; 0x27
     970:	d8 a6       	std	Y+40, r13	; 0x28
     972:	72 01       	movw	r14, r4
     974:	61 01       	movw	r12, r2
     976:	6e 96       	adiw	r28, 0x1e	; 30
     978:	0f ac       	ldd	r0, Y+63	; 0x3f
     97a:	6e 97       	sbiw	r28, 0x1e	; 30
     97c:	04 c0       	rjmp	.+8      	; 0x986 <__stack+0x127>
     97e:	cc 0c       	add	r12, r12
     980:	dd 1c       	adc	r13, r13
     982:	ee 1c       	adc	r14, r14
     984:	ff 1c       	adc	r15, r15
     986:	0a 94       	dec	r0
     988:	d2 f7       	brpl	.-12     	; 0x97e <__stack+0x11f>
     98a:	c9 a2       	std	Y+33, r12	; 0x21
     98c:	da a2       	std	Y+34, r13	; 0x22
     98e:	eb a2       	std	Y+35, r14	; 0x23
     990:	fc a2       	std	Y+36, r15	; 0x24
     992:	64 01       	movw	r12, r8
     994:	53 01       	movw	r10, r6
     996:	06 2e       	mov	r0, r22
     998:	04 c0       	rjmp	.+8      	; 0x9a2 <__stack+0x143>
     99a:	d6 94       	lsr	r13
     99c:	c7 94       	ror	r12
     99e:	b7 94       	ror	r11
     9a0:	a7 94       	ror	r10
     9a2:	0a 94       	dec	r0
     9a4:	d2 f7       	brpl	.-12     	; 0x99a <__stack+0x13b>
     9a6:	d4 01       	movw	r26, r8
     9a8:	c3 01       	movw	r24, r6
     9aa:	6e 96       	adiw	r28, 0x1e	; 30
     9ac:	0f ac       	ldd	r0, Y+63	; 0x3f
     9ae:	6e 97       	sbiw	r28, 0x1e	; 30
     9b0:	04 c0       	rjmp	.+8      	; 0x9ba <__stack+0x15b>
     9b2:	88 0f       	add	r24, r24
     9b4:	99 1f       	adc	r25, r25
     9b6:	aa 1f       	adc	r26, r26
     9b8:	bb 1f       	adc	r27, r27
     9ba:	0a 94       	dec	r0
     9bc:	d2 f7       	brpl	.-12     	; 0x9b2 <__stack+0x153>
     9be:	ed a4       	ldd	r14, Y+45	; 0x2d
     9c0:	fe a4       	ldd	r15, Y+46	; 0x2e
     9c2:	0f a5       	ldd	r16, Y+47	; 0x2f
     9c4:	18 a9       	ldd	r17, Y+48	; 0x30
     9c6:	04 c0       	rjmp	.+8      	; 0x9d0 <__stack+0x171>
     9c8:	16 95       	lsr	r17
     9ca:	07 95       	ror	r16
     9cc:	f7 94       	ror	r15
     9ce:	e7 94       	ror	r14
     9d0:	6a 95       	dec	r22
     9d2:	d2 f7       	brpl	.-12     	; 0x9c8 <__stack+0x169>
     9d4:	37 01       	movw	r6, r14
     9d6:	48 01       	movw	r8, r16
     9d8:	68 2a       	or	r6, r24
     9da:	79 2a       	or	r7, r25
     9dc:	8a 2a       	or	r8, r26
     9de:	9b 2a       	or	r9, r27
     9e0:	6d 8e       	std	Y+29, r6	; 0x1d
     9e2:	7e 8e       	std	Y+30, r7	; 0x1e
     9e4:	8f 8e       	std	Y+31, r8	; 0x1f
     9e6:	98 a2       	std	Y+32, r9	; 0x20
     9e8:	ed a0       	ldd	r14, Y+37	; 0x25
     9ea:	fe a0       	ldd	r15, Y+38	; 0x26
     9ec:	0f a1       	ldd	r16, Y+39	; 0x27
     9ee:	18 a5       	ldd	r17, Y+40	; 0x28
     9f0:	38 01       	movw	r6, r16
     9f2:	88 24       	eor	r8, r8
     9f4:	99 24       	eor	r9, r9
     9f6:	98 01       	movw	r18, r16
     9f8:	87 01       	movw	r16, r14
     9fa:	20 70       	andi	r18, 0x00	; 0
     9fc:	30 70       	andi	r19, 0x00	; 0
     9fe:	65 96       	adiw	r28, 0x15	; 21
     a00:	0c af       	std	Y+60, r16	; 0x3c
     a02:	1d af       	std	Y+61, r17	; 0x3d
     a04:	2e af       	std	Y+62, r18	; 0x3e
     a06:	3f af       	std	Y+63, r19	; 0x3f
     a08:	65 97       	sbiw	r28, 0x15	; 21
     a0a:	c6 01       	movw	r24, r12
     a0c:	b5 01       	movw	r22, r10
     a0e:	a4 01       	movw	r20, r8
     a10:	93 01       	movw	r18, r6
     a12:	0e 94 fc 10 	call	0x21f8	; 0x21f8 <__udivmodsi4>
     a16:	7b 01       	movw	r14, r22
     a18:	8c 01       	movw	r16, r24
     a1a:	c6 01       	movw	r24, r12
     a1c:	b5 01       	movw	r22, r10
     a1e:	a4 01       	movw	r20, r8
     a20:	93 01       	movw	r18, r6
     a22:	0e 94 fc 10 	call	0x21f8	; 0x21f8 <__udivmodsi4>
     a26:	c9 01       	movw	r24, r18
     a28:	da 01       	movw	r26, r20
     a2a:	1c 01       	movw	r2, r24
     a2c:	2d 01       	movw	r4, r26
     a2e:	c2 01       	movw	r24, r4
     a30:	b1 01       	movw	r22, r2
     a32:	65 96       	adiw	r28, 0x15	; 21
     a34:	2c ad       	ldd	r18, Y+60	; 0x3c
     a36:	3d ad       	ldd	r19, Y+61	; 0x3d
     a38:	4e ad       	ldd	r20, Y+62	; 0x3e
     a3a:	5f ad       	ldd	r21, Y+63	; 0x3f
     a3c:	65 97       	sbiw	r28, 0x15	; 21
     a3e:	0e 94 dd 10 	call	0x21ba	; 0x21ba <__mulsi3>
     a42:	9b 01       	movw	r18, r22
     a44:	ac 01       	movw	r20, r24
     a46:	87 01       	movw	r16, r14
     a48:	ff 24       	eor	r15, r15
     a4a:	ee 24       	eor	r14, r14
     a4c:	ad 8c       	ldd	r10, Y+29	; 0x1d
     a4e:	be 8c       	ldd	r11, Y+30	; 0x1e
     a50:	cf 8c       	ldd	r12, Y+31	; 0x1f
     a52:	d8 a0       	ldd	r13, Y+32	; 0x20
     a54:	c6 01       	movw	r24, r12
     a56:	aa 27       	eor	r26, r26
     a58:	bb 27       	eor	r27, r27
     a5a:	57 01       	movw	r10, r14
     a5c:	68 01       	movw	r12, r16
     a5e:	a8 2a       	or	r10, r24
     a60:	b9 2a       	or	r11, r25
     a62:	ca 2a       	or	r12, r26
     a64:	db 2a       	or	r13, r27
     a66:	a2 16       	cp	r10, r18
     a68:	b3 06       	cpc	r11, r19
     a6a:	c4 06       	cpc	r12, r20
     a6c:	d5 06       	cpc	r13, r21
     a6e:	00 f5       	brcc	.+64     	; 0xab0 <__stack+0x251>
     a70:	08 94       	sec
     a72:	21 08       	sbc	r2, r1
     a74:	31 08       	sbc	r3, r1
     a76:	41 08       	sbc	r4, r1
     a78:	51 08       	sbc	r5, r1
     a7a:	ed a0       	ldd	r14, Y+37	; 0x25
     a7c:	fe a0       	ldd	r15, Y+38	; 0x26
     a7e:	0f a1       	ldd	r16, Y+39	; 0x27
     a80:	18 a5       	ldd	r17, Y+40	; 0x28
     a82:	ae 0c       	add	r10, r14
     a84:	bf 1c       	adc	r11, r15
     a86:	c0 1e       	adc	r12, r16
     a88:	d1 1e       	adc	r13, r17
     a8a:	ae 14       	cp	r10, r14
     a8c:	bf 04       	cpc	r11, r15
     a8e:	c0 06       	cpc	r12, r16
     a90:	d1 06       	cpc	r13, r17
     a92:	70 f0       	brcs	.+28     	; 0xab0 <__stack+0x251>
     a94:	a2 16       	cp	r10, r18
     a96:	b3 06       	cpc	r11, r19
     a98:	c4 06       	cpc	r12, r20
     a9a:	d5 06       	cpc	r13, r21
     a9c:	48 f4       	brcc	.+18     	; 0xab0 <__stack+0x251>
     a9e:	08 94       	sec
     aa0:	21 08       	sbc	r2, r1
     aa2:	31 08       	sbc	r3, r1
     aa4:	41 08       	sbc	r4, r1
     aa6:	51 08       	sbc	r5, r1
     aa8:	ae 0c       	add	r10, r14
     aaa:	bf 1c       	adc	r11, r15
     aac:	c0 1e       	adc	r12, r16
     aae:	d1 1e       	adc	r13, r17
     ab0:	a2 1a       	sub	r10, r18
     ab2:	b3 0a       	sbc	r11, r19
     ab4:	c4 0a       	sbc	r12, r20
     ab6:	d5 0a       	sbc	r13, r21
     ab8:	c6 01       	movw	r24, r12
     aba:	b5 01       	movw	r22, r10
     abc:	a4 01       	movw	r20, r8
     abe:	93 01       	movw	r18, r6
     ac0:	0e 94 fc 10 	call	0x21f8	; 0x21f8 <__udivmodsi4>
     ac4:	7b 01       	movw	r14, r22
     ac6:	8c 01       	movw	r16, r24
     ac8:	c6 01       	movw	r24, r12
     aca:	b5 01       	movw	r22, r10
     acc:	a4 01       	movw	r20, r8
     ace:	93 01       	movw	r18, r6
     ad0:	0e 94 fc 10 	call	0x21f8	; 0x21f8 <__udivmodsi4>
     ad4:	c9 01       	movw	r24, r18
     ad6:	da 01       	movw	r26, r20
     ad8:	3c 01       	movw	r6, r24
     ada:	4d 01       	movw	r8, r26
     adc:	c4 01       	movw	r24, r8
     ade:	b3 01       	movw	r22, r6
     ae0:	65 96       	adiw	r28, 0x15	; 21
     ae2:	2c ad       	ldd	r18, Y+60	; 0x3c
     ae4:	3d ad       	ldd	r19, Y+61	; 0x3d
     ae6:	4e ad       	ldd	r20, Y+62	; 0x3e
     ae8:	5f ad       	ldd	r21, Y+63	; 0x3f
     aea:	65 97       	sbiw	r28, 0x15	; 21
     aec:	0e 94 dd 10 	call	0x21ba	; 0x21ba <__mulsi3>
     af0:	9b 01       	movw	r18, r22
     af2:	ac 01       	movw	r20, r24
     af4:	87 01       	movw	r16, r14
     af6:	ff 24       	eor	r15, r15
     af8:	ee 24       	eor	r14, r14
     afa:	8d 8d       	ldd	r24, Y+29	; 0x1d
     afc:	9e 8d       	ldd	r25, Y+30	; 0x1e
     afe:	af 8d       	ldd	r26, Y+31	; 0x1f
     b00:	b8 a1       	ldd	r27, Y+32	; 0x20
     b02:	a0 70       	andi	r26, 0x00	; 0
     b04:	b0 70       	andi	r27, 0x00	; 0
     b06:	57 01       	movw	r10, r14
     b08:	68 01       	movw	r12, r16
     b0a:	a8 2a       	or	r10, r24
     b0c:	b9 2a       	or	r11, r25
     b0e:	ca 2a       	or	r12, r26
     b10:	db 2a       	or	r13, r27
     b12:	a2 16       	cp	r10, r18
     b14:	b3 06       	cpc	r11, r19
     b16:	c4 06       	cpc	r12, r20
     b18:	d5 06       	cpc	r13, r21
     b1a:	00 f5       	brcc	.+64     	; 0xb5c <__stack+0x2fd>
     b1c:	08 94       	sec
     b1e:	61 08       	sbc	r6, r1
     b20:	71 08       	sbc	r7, r1
     b22:	81 08       	sbc	r8, r1
     b24:	91 08       	sbc	r9, r1
     b26:	6d a1       	ldd	r22, Y+37	; 0x25
     b28:	7e a1       	ldd	r23, Y+38	; 0x26
     b2a:	8f a1       	ldd	r24, Y+39	; 0x27
     b2c:	98 a5       	ldd	r25, Y+40	; 0x28
     b2e:	a6 0e       	add	r10, r22
     b30:	b7 1e       	adc	r11, r23
     b32:	c8 1e       	adc	r12, r24
     b34:	d9 1e       	adc	r13, r25
     b36:	a6 16       	cp	r10, r22
     b38:	b7 06       	cpc	r11, r23
     b3a:	c8 06       	cpc	r12, r24
     b3c:	d9 06       	cpc	r13, r25
     b3e:	70 f0       	brcs	.+28     	; 0xb5c <__stack+0x2fd>
     b40:	a2 16       	cp	r10, r18
     b42:	b3 06       	cpc	r11, r19
     b44:	c4 06       	cpc	r12, r20
     b46:	d5 06       	cpc	r13, r21
     b48:	48 f4       	brcc	.+18     	; 0xb5c <__stack+0x2fd>
     b4a:	08 94       	sec
     b4c:	61 08       	sbc	r6, r1
     b4e:	71 08       	sbc	r7, r1
     b50:	81 08       	sbc	r8, r1
     b52:	91 08       	sbc	r9, r1
     b54:	a6 0e       	add	r10, r22
     b56:	b7 1e       	adc	r11, r23
     b58:	c8 1e       	adc	r12, r24
     b5a:	d9 1e       	adc	r13, r25
     b5c:	d6 01       	movw	r26, r12
     b5e:	c5 01       	movw	r24, r10
     b60:	82 1b       	sub	r24, r18
     b62:	93 0b       	sbc	r25, r19
     b64:	a4 0b       	sbc	r26, r20
     b66:	b5 0b       	sbc	r27, r21
     b68:	89 8f       	std	Y+25, r24	; 0x19
     b6a:	9a 8f       	std	Y+26, r25	; 0x1a
     b6c:	ab 8f       	std	Y+27, r26	; 0x1b
     b6e:	bc 8f       	std	Y+28, r27	; 0x1c
     b70:	d1 01       	movw	r26, r2
     b72:	99 27       	eor	r25, r25
     b74:	88 27       	eor	r24, r24
     b76:	64 01       	movw	r12, r8
     b78:	53 01       	movw	r10, r6
     b7a:	a8 2a       	or	r10, r24
     b7c:	b9 2a       	or	r11, r25
     b7e:	ca 2a       	or	r12, r26
     b80:	db 2a       	or	r13, r27
     b82:	a9 aa       	std	Y+49, r10	; 0x31
     b84:	ba aa       	std	Y+50, r11	; 0x32
     b86:	cb aa       	std	Y+51, r12	; 0x33
     b88:	dc aa       	std	Y+52, r13	; 0x34
     b8a:	86 01       	movw	r16, r12
     b8c:	75 01       	movw	r14, r10
     b8e:	2f ef       	ldi	r18, 0xFF	; 255
     b90:	3f ef       	ldi	r19, 0xFF	; 255
     b92:	40 e0       	ldi	r20, 0x00	; 0
     b94:	50 e0       	ldi	r21, 0x00	; 0
     b96:	e2 22       	and	r14, r18
     b98:	f3 22       	and	r15, r19
     b9a:	04 23       	and	r16, r20
     b9c:	15 23       	and	r17, r21
     b9e:	a6 01       	movw	r20, r12
     ba0:	66 27       	eor	r22, r22
     ba2:	77 27       	eor	r23, r23
     ba4:	6d 96       	adiw	r28, 0x1d	; 29
     ba6:	4c af       	std	Y+60, r20	; 0x3c
     ba8:	5d af       	std	Y+61, r21	; 0x3d
     baa:	6e af       	std	Y+62, r22	; 0x3e
     bac:	7f af       	std	Y+63, r23	; 0x3f
     bae:	6d 97       	sbiw	r28, 0x1d	; 29
     bb0:	a9 a0       	ldd	r10, Y+33	; 0x21
     bb2:	ba a0       	ldd	r11, Y+34	; 0x22
     bb4:	cb a0       	ldd	r12, Y+35	; 0x23
     bb6:	dc a0       	ldd	r13, Y+36	; 0x24
     bb8:	6f ef       	ldi	r22, 0xFF	; 255
     bba:	7f ef       	ldi	r23, 0xFF	; 255
     bbc:	80 e0       	ldi	r24, 0x00	; 0
     bbe:	90 e0       	ldi	r25, 0x00	; 0
     bc0:	a6 22       	and	r10, r22
     bc2:	b7 22       	and	r11, r23
     bc4:	c8 22       	and	r12, r24
     bc6:	d9 22       	and	r13, r25
     bc8:	89 a1       	ldd	r24, Y+33	; 0x21
     bca:	9a a1       	ldd	r25, Y+34	; 0x22
     bcc:	ab a1       	ldd	r26, Y+35	; 0x23
     bce:	bc a1       	ldd	r27, Y+36	; 0x24
     bd0:	1d 01       	movw	r2, r26
     bd2:	44 24       	eor	r4, r4
     bd4:	55 24       	eor	r5, r5
     bd6:	c8 01       	movw	r24, r16
     bd8:	b7 01       	movw	r22, r14
     bda:	a6 01       	movw	r20, r12
     bdc:	95 01       	movw	r18, r10
     bde:	0e 94 dd 10 	call	0x21ba	; 0x21ba <__mulsi3>
     be2:	69 96       	adiw	r28, 0x19	; 25
     be4:	6c af       	std	Y+60, r22	; 0x3c
     be6:	7d af       	std	Y+61, r23	; 0x3d
     be8:	8e af       	std	Y+62, r24	; 0x3e
     bea:	9f af       	std	Y+63, r25	; 0x3f
     bec:	69 97       	sbiw	r28, 0x19	; 25
     bee:	c8 01       	movw	r24, r16
     bf0:	b7 01       	movw	r22, r14
     bf2:	a2 01       	movw	r20, r4
     bf4:	91 01       	movw	r18, r2
     bf6:	0e 94 dd 10 	call	0x21ba	; 0x21ba <__mulsi3>
     bfa:	3b 01       	movw	r6, r22
     bfc:	4c 01       	movw	r8, r24
     bfe:	6d 96       	adiw	r28, 0x1d	; 29
     c00:	6c ad       	ldd	r22, Y+60	; 0x3c
     c02:	7d ad       	ldd	r23, Y+61	; 0x3d
     c04:	8e ad       	ldd	r24, Y+62	; 0x3e
     c06:	9f ad       	ldd	r25, Y+63	; 0x3f
     c08:	6d 97       	sbiw	r28, 0x1d	; 29
     c0a:	a6 01       	movw	r20, r12
     c0c:	95 01       	movw	r18, r10
     c0e:	0e 94 dd 10 	call	0x21ba	; 0x21ba <__mulsi3>
     c12:	7b 01       	movw	r14, r22
     c14:	8c 01       	movw	r16, r24
     c16:	6d 96       	adiw	r28, 0x1d	; 29
     c18:	6c ad       	ldd	r22, Y+60	; 0x3c
     c1a:	7d ad       	ldd	r23, Y+61	; 0x3d
     c1c:	8e ad       	ldd	r24, Y+62	; 0x3e
     c1e:	9f ad       	ldd	r25, Y+63	; 0x3f
     c20:	6d 97       	sbiw	r28, 0x1d	; 29
     c22:	a2 01       	movw	r20, r4
     c24:	91 01       	movw	r18, r2
     c26:	0e 94 dd 10 	call	0x21ba	; 0x21ba <__mulsi3>
     c2a:	5b 01       	movw	r10, r22
     c2c:	6c 01       	movw	r12, r24
     c2e:	a8 01       	movw	r20, r16
     c30:	97 01       	movw	r18, r14
     c32:	26 0d       	add	r18, r6
     c34:	37 1d       	adc	r19, r7
     c36:	48 1d       	adc	r20, r8
     c38:	59 1d       	adc	r21, r9
     c3a:	69 96       	adiw	r28, 0x19	; 25
     c3c:	6c ac       	ldd	r6, Y+60	; 0x3c
     c3e:	7d ac       	ldd	r7, Y+61	; 0x3d
     c40:	8e ac       	ldd	r8, Y+62	; 0x3e
     c42:	9f ac       	ldd	r9, Y+63	; 0x3f
     c44:	69 97       	sbiw	r28, 0x19	; 25
     c46:	c4 01       	movw	r24, r8
     c48:	aa 27       	eor	r26, r26
     c4a:	bb 27       	eor	r27, r27
     c4c:	28 0f       	add	r18, r24
     c4e:	39 1f       	adc	r19, r25
     c50:	4a 1f       	adc	r20, r26
     c52:	5b 1f       	adc	r21, r27
     c54:	2e 15       	cp	r18, r14
     c56:	3f 05       	cpc	r19, r15
     c58:	40 07       	cpc	r20, r16
     c5a:	51 07       	cpc	r21, r17
     c5c:	48 f4       	brcc	.+18     	; 0xc70 <__stack+0x411>
     c5e:	e1 2c       	mov	r14, r1
     c60:	f1 2c       	mov	r15, r1
     c62:	61 e0       	ldi	r22, 0x01	; 1
     c64:	06 2f       	mov	r16, r22
     c66:	11 2d       	mov	r17, r1
     c68:	ae 0c       	add	r10, r14
     c6a:	bf 1c       	adc	r11, r15
     c6c:	c0 1e       	adc	r12, r16
     c6e:	d1 1e       	adc	r13, r17
     c70:	ca 01       	movw	r24, r20
     c72:	aa 27       	eor	r26, r26
     c74:	bb 27       	eor	r27, r27
     c76:	bc 01       	movw	r22, r24
     c78:	cd 01       	movw	r24, r26
     c7a:	6a 0d       	add	r22, r10
     c7c:	7b 1d       	adc	r23, r11
     c7e:	8c 1d       	adc	r24, r12
     c80:	9d 1d       	adc	r25, r13
     c82:	69 8c       	ldd	r6, Y+25	; 0x19
     c84:	7a 8c       	ldd	r7, Y+26	; 0x1a
     c86:	8b 8c       	ldd	r8, Y+27	; 0x1b
     c88:	9c 8c       	ldd	r9, Y+28	; 0x1c
     c8a:	66 16       	cp	r6, r22
     c8c:	77 06       	cpc	r7, r23
     c8e:	88 06       	cpc	r8, r24
     c90:	99 06       	cpc	r9, r25
     c92:	40 f1       	brcs	.+80     	; 0xce4 <__stack+0x485>
     c94:	66 15       	cp	r22, r6
     c96:	77 05       	cpc	r23, r7
     c98:	88 05       	cpc	r24, r8
     c9a:	99 05       	cpc	r25, r9
     c9c:	09 f0       	breq	.+2      	; 0xca0 <__stack+0x441>
     c9e:	43 c0       	rjmp	.+134    	; 0xd26 <__stack+0x4c7>
     ca0:	d9 01       	movw	r26, r18
     ca2:	99 27       	eor	r25, r25
     ca4:	88 27       	eor	r24, r24
     ca6:	69 96       	adiw	r28, 0x19	; 25
     ca8:	2c ad       	ldd	r18, Y+60	; 0x3c
     caa:	3d ad       	ldd	r19, Y+61	; 0x3d
     cac:	4e ad       	ldd	r20, Y+62	; 0x3e
     cae:	5f ad       	ldd	r21, Y+63	; 0x3f
     cb0:	69 97       	sbiw	r28, 0x19	; 25
     cb2:	40 70       	andi	r20, 0x00	; 0
     cb4:	50 70       	andi	r21, 0x00	; 0
     cb6:	82 0f       	add	r24, r18
     cb8:	93 1f       	adc	r25, r19
     cba:	a4 1f       	adc	r26, r20
     cbc:	b5 1f       	adc	r27, r21
     cbe:	2d a5       	ldd	r18, Y+45	; 0x2d
     cc0:	3e a5       	ldd	r19, Y+46	; 0x2e
     cc2:	4f a5       	ldd	r20, Y+47	; 0x2f
     cc4:	58 a9       	ldd	r21, Y+48	; 0x30
     cc6:	6e 96       	adiw	r28, 0x1e	; 30
     cc8:	0f ac       	ldd	r0, Y+63	; 0x3f
     cca:	6e 97       	sbiw	r28, 0x1e	; 30
     ccc:	04 c0       	rjmp	.+8      	; 0xcd6 <__stack+0x477>
     cce:	22 0f       	add	r18, r18
     cd0:	33 1f       	adc	r19, r19
     cd2:	44 1f       	adc	r20, r20
     cd4:	55 1f       	adc	r21, r21
     cd6:	0a 94       	dec	r0
     cd8:	d2 f7       	brpl	.-12     	; 0xcce <__stack+0x46f>
     cda:	28 17       	cp	r18, r24
     cdc:	39 07       	cpc	r19, r25
     cde:	4a 07       	cpc	r20, r26
     ce0:	5b 07       	cpc	r21, r27
     ce2:	08 f5       	brcc	.+66     	; 0xd26 <__stack+0x4c7>
     ce4:	09 a9       	ldd	r16, Y+49	; 0x31
     ce6:	1a a9       	ldd	r17, Y+50	; 0x32
     ce8:	2b a9       	ldd	r18, Y+51	; 0x33
     cea:	3c a9       	ldd	r19, Y+52	; 0x34
     cec:	01 50       	subi	r16, 0x01	; 1
     cee:	10 40       	sbci	r17, 0x00	; 0
     cf0:	20 40       	sbci	r18, 0x00	; 0
     cf2:	30 40       	sbci	r19, 0x00	; 0
     cf4:	09 ab       	std	Y+49, r16	; 0x31
     cf6:	1a ab       	std	Y+50, r17	; 0x32
     cf8:	2b ab       	std	Y+51, r18	; 0x33
     cfa:	3c ab       	std	Y+52, r19	; 0x34
     cfc:	14 c0       	rjmp	.+40     	; 0xd26 <__stack+0x4c7>
     cfe:	66 24       	eor	r6, r6
     d00:	77 24       	eor	r7, r7
     d02:	43 01       	movw	r8, r6
     d04:	21 e0       	ldi	r18, 0x01	; 1
     d06:	30 e0       	ldi	r19, 0x00	; 0
     d08:	40 e0       	ldi	r20, 0x00	; 0
     d0a:	50 e0       	ldi	r21, 0x00	; 0
     d0c:	29 ab       	std	Y+49, r18	; 0x31
     d0e:	3a ab       	std	Y+50, r19	; 0x32
     d10:	4b ab       	std	Y+51, r20	; 0x33
     d12:	5c ab       	std	Y+52, r21	; 0x34
     d14:	0b c0       	rjmp	.+22     	; 0xd2c <__stack+0x4cd>
     d16:	66 24       	eor	r6, r6
     d18:	77 24       	eor	r7, r7
     d1a:	43 01       	movw	r8, r6
     d1c:	19 aa       	std	Y+49, r1	; 0x31
     d1e:	1a aa       	std	Y+50, r1	; 0x32
     d20:	1b aa       	std	Y+51, r1	; 0x33
     d22:	1c aa       	std	Y+52, r1	; 0x34
     d24:	03 c0       	rjmp	.+6      	; 0xd2c <__stack+0x4cd>
     d26:	66 24       	eor	r6, r6
     d28:	77 24       	eor	r7, r7
     d2a:	43 01       	movw	r8, r6
     d2c:	fe 01       	movw	r30, r28
     d2e:	71 96       	adiw	r30, 0x11	; 17
     d30:	88 e0       	ldi	r24, 0x08	; 8
     d32:	df 01       	movw	r26, r30
     d34:	1d 92       	st	X+, r1
     d36:	8a 95       	dec	r24
     d38:	e9 f7       	brne	.-6      	; 0xd34 <__stack+0x4d5>
     d3a:	a9 a8       	ldd	r10, Y+49	; 0x31
     d3c:	ba a8       	ldd	r11, Y+50	; 0x32
     d3e:	cb a8       	ldd	r12, Y+51	; 0x33
     d40:	dc a8       	ldd	r13, Y+52	; 0x34
     d42:	a9 8a       	std	Y+17, r10	; 0x11
     d44:	ba 8a       	std	Y+18, r11	; 0x12
     d46:	cb 8a       	std	Y+19, r12	; 0x13
     d48:	dc 8a       	std	Y+20, r13	; 0x14
     d4a:	6d 8a       	std	Y+21, r6	; 0x15
     d4c:	7e 8a       	std	Y+22, r7	; 0x16
     d4e:	8f 8a       	std	Y+23, r8	; 0x17
     d50:	98 8e       	std	Y+24, r9	; 0x18
     d52:	29 a9       	ldd	r18, Y+49	; 0x31
     d54:	3a 89       	ldd	r19, Y+18	; 0x12
     d56:	4b 89       	ldd	r20, Y+19	; 0x13
     d58:	5c 89       	ldd	r21, Y+20	; 0x14
     d5a:	66 2d       	mov	r22, r6
     d5c:	7e 89       	ldd	r23, Y+22	; 0x16
     d5e:	8f 89       	ldd	r24, Y+23	; 0x17
     d60:	98 8d       	ldd	r25, Y+24	; 0x18
     d62:	c2 5a       	subi	r28, 0xA2	; 162
     d64:	df 4f       	sbci	r29, 0xFF	; 255
     d66:	e2 e1       	ldi	r30, 0x12	; 18
     d68:	0c 94 3a 11 	jmp	0x2274	; 0x2274 <__epilogue_restores__>

00000d6c <__umoddi3>:
     d6c:	ab e5       	ldi	r26, 0x5B	; 91
     d6e:	b0 e0       	ldi	r27, 0x00	; 0
     d70:	ec eb       	ldi	r30, 0xBC	; 188
     d72:	f6 e0       	ldi	r31, 0x06	; 6
     d74:	0c 94 1e 11 	jmp	0x223c	; 0x223c <__prologue_saves__>
     d78:	a8 e0       	ldi	r26, 0x08	; 8
     d7a:	4e 01       	movw	r8, r28
     d7c:	08 94       	sec
     d7e:	81 1c       	adc	r8, r1
     d80:	91 1c       	adc	r9, r1
     d82:	f4 01       	movw	r30, r8
     d84:	6a 2e       	mov	r6, r26
     d86:	11 92       	st	Z+, r1
     d88:	6a 94       	dec	r6
     d8a:	e9 f7       	brne	.-6      	; 0xd86 <__umoddi3+0x1a>
     d8c:	29 83       	std	Y+1, r18	; 0x01
     d8e:	3a 83       	std	Y+2, r19	; 0x02
     d90:	4b 83       	std	Y+3, r20	; 0x03
     d92:	5c 83       	std	Y+4, r21	; 0x04
     d94:	6d 83       	std	Y+5, r22	; 0x05
     d96:	7e 83       	std	Y+6, r23	; 0x06
     d98:	8f 83       	std	Y+7, r24	; 0x07
     d9a:	98 87       	std	Y+8, r25	; 0x08
     d9c:	ce 01       	movw	r24, r28
     d9e:	09 96       	adiw	r24, 0x09	; 9
     da0:	fc 01       	movw	r30, r24
     da2:	11 92       	st	Z+, r1
     da4:	aa 95       	dec	r26
     da6:	e9 f7       	brne	.-6      	; 0xda2 <__umoddi3+0x36>
     da8:	a9 86       	std	Y+9, r10	; 0x09
     daa:	ba 86       	std	Y+10, r11	; 0x0a
     dac:	cb 86       	std	Y+11, r12	; 0x0b
     dae:	dc 86       	std	Y+12, r13	; 0x0c
     db0:	ed 86       	std	Y+13, r14	; 0x0d
     db2:	fe 86       	std	Y+14, r15	; 0x0e
     db4:	0f 87       	std	Y+15, r16	; 0x0f
     db6:	18 8b       	std	Y+16, r17	; 0x10
     db8:	29 84       	ldd	r2, Y+9	; 0x09
     dba:	3a 84       	ldd	r3, Y+10	; 0x0a
     dbc:	4b 84       	ldd	r4, Y+11	; 0x0b
     dbe:	5c 84       	ldd	r5, Y+12	; 0x0c
     dc0:	ad 84       	ldd	r10, Y+13	; 0x0d
     dc2:	be 84       	ldd	r11, Y+14	; 0x0e
     dc4:	cf 84       	ldd	r12, Y+15	; 0x0f
     dc6:	d8 88       	ldd	r13, Y+16	; 0x10
     dc8:	29 81       	ldd	r18, Y+1	; 0x01
     dca:	3a 81       	ldd	r19, Y+2	; 0x02
     dcc:	4b 81       	ldd	r20, Y+3	; 0x03
     dce:	5c 81       	ldd	r21, Y+4	; 0x04
     dd0:	69 96       	adiw	r28, 0x19	; 25
     dd2:	2f af       	std	Y+63, r18	; 0x3f
     dd4:	69 97       	sbiw	r28, 0x19	; 25
     dd6:	6a 96       	adiw	r28, 0x1a	; 26
     dd8:	3f af       	std	Y+63, r19	; 0x3f
     dda:	6a 97       	sbiw	r28, 0x1a	; 26
     ddc:	6b 96       	adiw	r28, 0x1b	; 27
     dde:	4f af       	std	Y+63, r20	; 0x3f
     de0:	6b 97       	sbiw	r28, 0x1b	; 27
     de2:	6c 96       	adiw	r28, 0x1c	; 28
     de4:	5f af       	std	Y+63, r21	; 0x3f
     de6:	6c 97       	sbiw	r28, 0x1c	; 28
     de8:	6c 96       	adiw	r28, 0x1c	; 28
     dea:	6c ac       	ldd	r6, Y+60	; 0x3c
     dec:	7d ac       	ldd	r7, Y+61	; 0x3d
     dee:	8e ac       	ldd	r8, Y+62	; 0x3e
     df0:	9f ac       	ldd	r9, Y+63	; 0x3f
     df2:	6c 97       	sbiw	r28, 0x1c	; 28
     df4:	69 aa       	std	Y+49, r6	; 0x31
     df6:	7a aa       	std	Y+50, r7	; 0x32
     df8:	8b aa       	std	Y+51, r8	; 0x33
     dfa:	9c aa       	std	Y+52, r9	; 0x34
     dfc:	6d 81       	ldd	r22, Y+5	; 0x05
     dfe:	7e 81       	ldd	r23, Y+6	; 0x06
     e00:	8f 81       	ldd	r24, Y+7	; 0x07
     e02:	98 85       	ldd	r25, Y+8	; 0x08
     e04:	3b 01       	movw	r6, r22
     e06:	4c 01       	movw	r8, r24
     e08:	6d aa       	std	Y+53, r6	; 0x35
     e0a:	7e aa       	std	Y+54, r7	; 0x36
     e0c:	8f aa       	std	Y+55, r8	; 0x37
     e0e:	98 ae       	std	Y+56, r9	; 0x38
     e10:	a1 14       	cp	r10, r1
     e12:	b1 04       	cpc	r11, r1
     e14:	c1 04       	cpc	r12, r1
     e16:	d1 04       	cpc	r13, r1
     e18:	09 f0       	breq	.+2      	; 0xe1c <__umoddi3+0xb0>
     e1a:	04 c3       	rjmp	.+1544   	; 0x1424 <__umoddi3+0x6b8>
     e1c:	62 14       	cp	r6, r2
     e1e:	73 04       	cpc	r7, r3
     e20:	84 04       	cpc	r8, r4
     e22:	95 04       	cpc	r9, r5
     e24:	08 f0       	brcs	.+2      	; 0xe28 <__umoddi3+0xbc>
     e26:	00 c1       	rjmp	.+512    	; 0x1028 <__umoddi3+0x2bc>
     e28:	00 e0       	ldi	r16, 0x00	; 0
     e2a:	20 16       	cp	r2, r16
     e2c:	00 e0       	ldi	r16, 0x00	; 0
     e2e:	30 06       	cpc	r3, r16
     e30:	01 e0       	ldi	r16, 0x01	; 1
     e32:	40 06       	cpc	r4, r16
     e34:	00 e0       	ldi	r16, 0x00	; 0
     e36:	50 06       	cpc	r5, r16
     e38:	88 f4       	brcc	.+34     	; 0xe5c <__umoddi3+0xf0>
     e3a:	1f ef       	ldi	r17, 0xFF	; 255
     e3c:	21 16       	cp	r2, r17
     e3e:	31 04       	cpc	r3, r1
     e40:	41 04       	cpc	r4, r1
     e42:	51 04       	cpc	r5, r1
     e44:	39 f0       	breq	.+14     	; 0xe54 <__umoddi3+0xe8>
     e46:	30 f0       	brcs	.+12     	; 0xe54 <__umoddi3+0xe8>
     e48:	88 e0       	ldi	r24, 0x08	; 8
     e4a:	e8 2e       	mov	r14, r24
     e4c:	f1 2c       	mov	r15, r1
     e4e:	01 2d       	mov	r16, r1
     e50:	11 2d       	mov	r17, r1
     e52:	18 c0       	rjmp	.+48     	; 0xe84 <__umoddi3+0x118>
     e54:	ee 24       	eor	r14, r14
     e56:	ff 24       	eor	r15, r15
     e58:	87 01       	movw	r16, r14
     e5a:	14 c0       	rjmp	.+40     	; 0xe84 <__umoddi3+0x118>
     e5c:	40 e0       	ldi	r20, 0x00	; 0
     e5e:	24 16       	cp	r2, r20
     e60:	40 e0       	ldi	r20, 0x00	; 0
     e62:	34 06       	cpc	r3, r20
     e64:	40 e0       	ldi	r20, 0x00	; 0
     e66:	44 06       	cpc	r4, r20
     e68:	41 e0       	ldi	r20, 0x01	; 1
     e6a:	54 06       	cpc	r5, r20
     e6c:	30 f0       	brcs	.+12     	; 0xe7a <__umoddi3+0x10e>
     e6e:	b8 e1       	ldi	r27, 0x18	; 24
     e70:	eb 2e       	mov	r14, r27
     e72:	f1 2c       	mov	r15, r1
     e74:	01 2d       	mov	r16, r1
     e76:	11 2d       	mov	r17, r1
     e78:	05 c0       	rjmp	.+10     	; 0xe84 <__umoddi3+0x118>
     e7a:	a0 e1       	ldi	r26, 0x10	; 16
     e7c:	ea 2e       	mov	r14, r26
     e7e:	f1 2c       	mov	r15, r1
     e80:	01 2d       	mov	r16, r1
     e82:	11 2d       	mov	r17, r1
     e84:	d2 01       	movw	r26, r4
     e86:	c1 01       	movw	r24, r2
     e88:	0e 2c       	mov	r0, r14
     e8a:	04 c0       	rjmp	.+8      	; 0xe94 <__umoddi3+0x128>
     e8c:	b6 95       	lsr	r27
     e8e:	a7 95       	ror	r26
     e90:	97 95       	ror	r25
     e92:	87 95       	ror	r24
     e94:	0a 94       	dec	r0
     e96:	d2 f7       	brpl	.-12     	; 0xe8c <__umoddi3+0x120>
     e98:	80 5a       	subi	r24, 0xA0	; 160
     e9a:	9f 4f       	sbci	r25, 0xFF	; 255
     e9c:	dc 01       	movw	r26, r24
     e9e:	2c 91       	ld	r18, X
     ea0:	80 e2       	ldi	r24, 0x20	; 32
     ea2:	90 e0       	ldi	r25, 0x00	; 0
     ea4:	a0 e0       	ldi	r26, 0x00	; 0
     ea6:	b0 e0       	ldi	r27, 0x00	; 0
     ea8:	8e 19       	sub	r24, r14
     eaa:	9f 09       	sbc	r25, r15
     eac:	a0 0b       	sbc	r26, r16
     eae:	b1 0b       	sbc	r27, r17
     eb0:	5c 01       	movw	r10, r24
     eb2:	6d 01       	movw	r12, r26
     eb4:	a2 1a       	sub	r10, r18
     eb6:	b1 08       	sbc	r11, r1
     eb8:	c1 08       	sbc	r12, r1
     eba:	d1 08       	sbc	r13, r1
     ebc:	a9 ae       	std	Y+57, r10	; 0x39
     ebe:	ba ae       	std	Y+58, r11	; 0x3a
     ec0:	cb ae       	std	Y+59, r12	; 0x3b
     ec2:	dc ae       	std	Y+60, r13	; 0x3c
     ec4:	a1 14       	cp	r10, r1
     ec6:	b1 04       	cpc	r11, r1
     ec8:	c1 04       	cpc	r12, r1
     eca:	d1 04       	cpc	r13, r1
     ecc:	09 f4       	brne	.+2      	; 0xed0 <__umoddi3+0x164>
     ece:	3f c0       	rjmp	.+126    	; 0xf4e <__umoddi3+0x1e2>
     ed0:	69 ad       	ldd	r22, Y+57	; 0x39
     ed2:	06 2e       	mov	r0, r22
     ed4:	04 c0       	rjmp	.+8      	; 0xede <__umoddi3+0x172>
     ed6:	22 0c       	add	r2, r2
     ed8:	33 1c       	adc	r3, r3
     eda:	44 1c       	adc	r4, r4
     edc:	55 1c       	adc	r5, r5
     ede:	0a 94       	dec	r0
     ee0:	d2 f7       	brpl	.-12     	; 0xed6 <__umoddi3+0x16a>
     ee2:	a4 01       	movw	r20, r8
     ee4:	93 01       	movw	r18, r6
     ee6:	06 2e       	mov	r0, r22
     ee8:	04 c0       	rjmp	.+8      	; 0xef2 <__umoddi3+0x186>
     eea:	22 0f       	add	r18, r18
     eec:	33 1f       	adc	r19, r19
     eee:	44 1f       	adc	r20, r20
     ef0:	55 1f       	adc	r21, r21
     ef2:	0a 94       	dec	r0
     ef4:	d2 f7       	brpl	.-12     	; 0xeea <__umoddi3+0x17e>
     ef6:	80 e2       	ldi	r24, 0x20	; 32
     ef8:	90 e0       	ldi	r25, 0x00	; 0
     efa:	8a 19       	sub	r24, r10
     efc:	9b 09       	sbc	r25, r11
     efe:	6c 96       	adiw	r28, 0x1c	; 28
     f00:	cc ac       	ldd	r12, Y+60	; 0x3c
     f02:	dd ac       	ldd	r13, Y+61	; 0x3d
     f04:	ee ac       	ldd	r14, Y+62	; 0x3e
     f06:	ff ac       	ldd	r15, Y+63	; 0x3f
     f08:	6c 97       	sbiw	r28, 0x1c	; 28
     f0a:	04 c0       	rjmp	.+8      	; 0xf14 <__umoddi3+0x1a8>
     f0c:	f6 94       	lsr	r15
     f0e:	e7 94       	ror	r14
     f10:	d7 94       	ror	r13
     f12:	c7 94       	ror	r12
     f14:	8a 95       	dec	r24
     f16:	d2 f7       	brpl	.-12     	; 0xf0c <__umoddi3+0x1a0>
     f18:	87 01       	movw	r16, r14
     f1a:	76 01       	movw	r14, r12
     f1c:	e2 2a       	or	r14, r18
     f1e:	f3 2a       	or	r15, r19
     f20:	04 2b       	or	r16, r20
     f22:	15 2b       	or	r17, r21
     f24:	ed aa       	std	Y+53, r14	; 0x35
     f26:	fe aa       	std	Y+54, r15	; 0x36
     f28:	0f ab       	std	Y+55, r16	; 0x37
     f2a:	18 af       	std	Y+56, r17	; 0x38
     f2c:	6c 96       	adiw	r28, 0x1c	; 28
     f2e:	8c ad       	ldd	r24, Y+60	; 0x3c
     f30:	9d ad       	ldd	r25, Y+61	; 0x3d
     f32:	ae ad       	ldd	r26, Y+62	; 0x3e
     f34:	bf ad       	ldd	r27, Y+63	; 0x3f
     f36:	6c 97       	sbiw	r28, 0x1c	; 28
     f38:	04 c0       	rjmp	.+8      	; 0xf42 <__umoddi3+0x1d6>
     f3a:	88 0f       	add	r24, r24
     f3c:	99 1f       	adc	r25, r25
     f3e:	aa 1f       	adc	r26, r26
     f40:	bb 1f       	adc	r27, r27
     f42:	6a 95       	dec	r22
     f44:	d2 f7       	brpl	.-12     	; 0xf3a <__umoddi3+0x1ce>
     f46:	89 ab       	std	Y+49, r24	; 0x31
     f48:	9a ab       	std	Y+50, r25	; 0x32
     f4a:	ab ab       	std	Y+51, r26	; 0x33
     f4c:	bc ab       	std	Y+52, r27	; 0x34
     f4e:	32 01       	movw	r6, r4
     f50:	88 24       	eor	r8, r8
     f52:	99 24       	eor	r9, r9
     f54:	b2 01       	movw	r22, r4
     f56:	a1 01       	movw	r20, r2
     f58:	60 70       	andi	r22, 0x00	; 0
     f5a:	70 70       	andi	r23, 0x00	; 0
     f5c:	21 96       	adiw	r28, 0x01	; 1
     f5e:	4c af       	std	Y+60, r20	; 0x3c
     f60:	5d af       	std	Y+61, r21	; 0x3d
     f62:	6e af       	std	Y+62, r22	; 0x3e
     f64:	7f af       	std	Y+63, r23	; 0x3f
     f66:	21 97       	sbiw	r28, 0x01	; 1
     f68:	6d a9       	ldd	r22, Y+53	; 0x35
     f6a:	7e a9       	ldd	r23, Y+54	; 0x36
     f6c:	8f a9       	ldd	r24, Y+55	; 0x37
     f6e:	98 ad       	ldd	r25, Y+56	; 0x38
     f70:	a4 01       	movw	r20, r8
     f72:	93 01       	movw	r18, r6
     f74:	0e 94 fc 10 	call	0x21f8	; 0x21f8 <__udivmodsi4>
     f78:	7b 01       	movw	r14, r22
     f7a:	8c 01       	movw	r16, r24
     f7c:	6d a9       	ldd	r22, Y+53	; 0x35
     f7e:	7e a9       	ldd	r23, Y+54	; 0x36
     f80:	8f a9       	ldd	r24, Y+55	; 0x37
     f82:	98 ad       	ldd	r25, Y+56	; 0x38
     f84:	a4 01       	movw	r20, r8
     f86:	93 01       	movw	r18, r6
     f88:	0e 94 fc 10 	call	0x21f8	; 0x21f8 <__udivmodsi4>
     f8c:	ca 01       	movw	r24, r20
     f8e:	b9 01       	movw	r22, r18
     f90:	21 96       	adiw	r28, 0x01	; 1
     f92:	2c ad       	ldd	r18, Y+60	; 0x3c
     f94:	3d ad       	ldd	r19, Y+61	; 0x3d
     f96:	4e ad       	ldd	r20, Y+62	; 0x3e
     f98:	5f ad       	ldd	r21, Y+63	; 0x3f
     f9a:	21 97       	sbiw	r28, 0x01	; 1
     f9c:	0e 94 dd 10 	call	0x21ba	; 0x21ba <__mulsi3>
     fa0:	9b 01       	movw	r18, r22
     fa2:	ac 01       	movw	r20, r24
     fa4:	87 01       	movw	r16, r14
     fa6:	ff 24       	eor	r15, r15
     fa8:	ee 24       	eor	r14, r14
     faa:	a9 a8       	ldd	r10, Y+49	; 0x31
     fac:	ba a8       	ldd	r11, Y+50	; 0x32
     fae:	cb a8       	ldd	r12, Y+51	; 0x33
     fb0:	dc a8       	ldd	r13, Y+52	; 0x34
     fb2:	c6 01       	movw	r24, r12
     fb4:	aa 27       	eor	r26, r26
     fb6:	bb 27       	eor	r27, r27
     fb8:	57 01       	movw	r10, r14
     fba:	68 01       	movw	r12, r16
     fbc:	a8 2a       	or	r10, r24
     fbe:	b9 2a       	or	r11, r25
     fc0:	ca 2a       	or	r12, r26
     fc2:	db 2a       	or	r13, r27
     fc4:	a2 16       	cp	r10, r18
     fc6:	b3 06       	cpc	r11, r19
     fc8:	c4 06       	cpc	r12, r20
     fca:	d5 06       	cpc	r13, r21
     fcc:	90 f4       	brcc	.+36     	; 0xff2 <__umoddi3+0x286>
     fce:	a2 0c       	add	r10, r2
     fd0:	b3 1c       	adc	r11, r3
     fd2:	c4 1c       	adc	r12, r4
     fd4:	d5 1c       	adc	r13, r5
     fd6:	a2 14       	cp	r10, r2
     fd8:	b3 04       	cpc	r11, r3
     fda:	c4 04       	cpc	r12, r4
     fdc:	d5 04       	cpc	r13, r5
     fde:	48 f0       	brcs	.+18     	; 0xff2 <__umoddi3+0x286>
     fe0:	a2 16       	cp	r10, r18
     fe2:	b3 06       	cpc	r11, r19
     fe4:	c4 06       	cpc	r12, r20
     fe6:	d5 06       	cpc	r13, r21
     fe8:	20 f4       	brcc	.+8      	; 0xff2 <__umoddi3+0x286>
     fea:	a2 0c       	add	r10, r2
     fec:	b3 1c       	adc	r11, r3
     fee:	c4 1c       	adc	r12, r4
     ff0:	d5 1c       	adc	r13, r5
     ff2:	a2 1a       	sub	r10, r18
     ff4:	b3 0a       	sbc	r11, r19
     ff6:	c4 0a       	sbc	r12, r20
     ff8:	d5 0a       	sbc	r13, r21
     ffa:	c6 01       	movw	r24, r12
     ffc:	b5 01       	movw	r22, r10
     ffe:	a4 01       	movw	r20, r8
    1000:	93 01       	movw	r18, r6
    1002:	0e 94 fc 10 	call	0x21f8	; 0x21f8 <__udivmodsi4>
    1006:	7b 01       	movw	r14, r22
    1008:	8c 01       	movw	r16, r24
    100a:	c6 01       	movw	r24, r12
    100c:	b5 01       	movw	r22, r10
    100e:	a4 01       	movw	r20, r8
    1010:	93 01       	movw	r18, r6
    1012:	0e 94 fc 10 	call	0x21f8	; 0x21f8 <__udivmodsi4>
    1016:	ca 01       	movw	r24, r20
    1018:	b9 01       	movw	r22, r18
    101a:	21 96       	adiw	r28, 0x01	; 1
    101c:	2c ad       	ldd	r18, Y+60	; 0x3c
    101e:	3d ad       	ldd	r19, Y+61	; 0x3d
    1020:	4e ad       	ldd	r20, Y+62	; 0x3e
    1022:	5f ad       	ldd	r21, Y+63	; 0x3f
    1024:	21 97       	sbiw	r28, 0x01	; 1
    1026:	ba c1       	rjmp	.+884    	; 0x139c <__umoddi3+0x630>
    1028:	21 14       	cp	r2, r1
    102a:	31 04       	cpc	r3, r1
    102c:	41 04       	cpc	r4, r1
    102e:	51 04       	cpc	r5, r1
    1030:	71 f4       	brne	.+28     	; 0x104e <__umoddi3+0x2e2>
    1032:	61 e0       	ldi	r22, 0x01	; 1
    1034:	70 e0       	ldi	r23, 0x00	; 0
    1036:	80 e0       	ldi	r24, 0x00	; 0
    1038:	90 e0       	ldi	r25, 0x00	; 0
    103a:	20 e0       	ldi	r18, 0x00	; 0
    103c:	30 e0       	ldi	r19, 0x00	; 0
    103e:	40 e0       	ldi	r20, 0x00	; 0
    1040:	50 e0       	ldi	r21, 0x00	; 0
    1042:	0e 94 fc 10 	call	0x21f8	; 0x21f8 <__udivmodsi4>
    1046:	c9 01       	movw	r24, r18
    1048:	da 01       	movw	r26, r20
    104a:	1c 01       	movw	r2, r24
    104c:	2d 01       	movw	r4, r26
    104e:	00 e0       	ldi	r16, 0x00	; 0
    1050:	20 16       	cp	r2, r16
    1052:	00 e0       	ldi	r16, 0x00	; 0
    1054:	30 06       	cpc	r3, r16
    1056:	01 e0       	ldi	r16, 0x01	; 1
    1058:	40 06       	cpc	r4, r16
    105a:	00 e0       	ldi	r16, 0x00	; 0
    105c:	50 06       	cpc	r5, r16
    105e:	88 f4       	brcc	.+34     	; 0x1082 <__umoddi3+0x316>
    1060:	1f ef       	ldi	r17, 0xFF	; 255
    1062:	21 16       	cp	r2, r17
    1064:	31 04       	cpc	r3, r1
    1066:	41 04       	cpc	r4, r1
    1068:	51 04       	cpc	r5, r1
    106a:	39 f0       	breq	.+14     	; 0x107a <__umoddi3+0x30e>
    106c:	30 f0       	brcs	.+12     	; 0x107a <__umoddi3+0x30e>
    106e:	68 e0       	ldi	r22, 0x08	; 8
    1070:	e6 2e       	mov	r14, r22
    1072:	f1 2c       	mov	r15, r1
    1074:	01 2d       	mov	r16, r1
    1076:	11 2d       	mov	r17, r1
    1078:	18 c0       	rjmp	.+48     	; 0x10aa <__umoddi3+0x33e>
    107a:	ee 24       	eor	r14, r14
    107c:	ff 24       	eor	r15, r15
    107e:	87 01       	movw	r16, r14
    1080:	14 c0       	rjmp	.+40     	; 0x10aa <__umoddi3+0x33e>
    1082:	40 e0       	ldi	r20, 0x00	; 0
    1084:	24 16       	cp	r2, r20
    1086:	40 e0       	ldi	r20, 0x00	; 0
    1088:	34 06       	cpc	r3, r20
    108a:	40 e0       	ldi	r20, 0x00	; 0
    108c:	44 06       	cpc	r4, r20
    108e:	41 e0       	ldi	r20, 0x01	; 1
    1090:	54 06       	cpc	r5, r20
    1092:	30 f0       	brcs	.+12     	; 0x10a0 <__umoddi3+0x334>
    1094:	58 e1       	ldi	r21, 0x18	; 24
    1096:	e5 2e       	mov	r14, r21
    1098:	f1 2c       	mov	r15, r1
    109a:	01 2d       	mov	r16, r1
    109c:	11 2d       	mov	r17, r1
    109e:	05 c0       	rjmp	.+10     	; 0x10aa <__umoddi3+0x33e>
    10a0:	40 e1       	ldi	r20, 0x10	; 16
    10a2:	e4 2e       	mov	r14, r20
    10a4:	f1 2c       	mov	r15, r1
    10a6:	01 2d       	mov	r16, r1
    10a8:	11 2d       	mov	r17, r1
    10aa:	d2 01       	movw	r26, r4
    10ac:	c1 01       	movw	r24, r2
    10ae:	0e 2c       	mov	r0, r14
    10b0:	04 c0       	rjmp	.+8      	; 0x10ba <__umoddi3+0x34e>
    10b2:	b6 95       	lsr	r27
    10b4:	a7 95       	ror	r26
    10b6:	97 95       	ror	r25
    10b8:	87 95       	ror	r24
    10ba:	0a 94       	dec	r0
    10bc:	d2 f7       	brpl	.-12     	; 0x10b2 <__umoddi3+0x346>
    10be:	80 5a       	subi	r24, 0xA0	; 160
    10c0:	9f 4f       	sbci	r25, 0xFF	; 255
    10c2:	dc 01       	movw	r26, r24
    10c4:	2c 91       	ld	r18, X
    10c6:	30 e2       	ldi	r19, 0x20	; 32
    10c8:	a3 2e       	mov	r10, r19
    10ca:	b1 2c       	mov	r11, r1
    10cc:	c1 2c       	mov	r12, r1
    10ce:	d1 2c       	mov	r13, r1
    10d0:	d6 01       	movw	r26, r12
    10d2:	c5 01       	movw	r24, r10
    10d4:	8e 19       	sub	r24, r14
    10d6:	9f 09       	sbc	r25, r15
    10d8:	a0 0b       	sbc	r26, r16
    10da:	b1 0b       	sbc	r27, r17
    10dc:	7c 01       	movw	r14, r24
    10de:	8d 01       	movw	r16, r26
    10e0:	e2 1a       	sub	r14, r18
    10e2:	f1 08       	sbc	r15, r1
    10e4:	01 09       	sbc	r16, r1
    10e6:	11 09       	sbc	r17, r1
    10e8:	e9 ae       	std	Y+57, r14	; 0x39
    10ea:	fa ae       	std	Y+58, r15	; 0x3a
    10ec:	0b af       	std	Y+59, r16	; 0x3b
    10ee:	1c af       	std	Y+60, r17	; 0x3c
    10f0:	e1 14       	cp	r14, r1
    10f2:	f1 04       	cpc	r15, r1
    10f4:	01 05       	cpc	r16, r1
    10f6:	11 05       	cpc	r17, r1
    10f8:	39 f4       	brne	.+14     	; 0x1108 <__umoddi3+0x39c>
    10fa:	64 01       	movw	r12, r8
    10fc:	53 01       	movw	r10, r6
    10fe:	a2 18       	sub	r10, r2
    1100:	b3 08       	sbc	r11, r3
    1102:	c4 08       	sbc	r12, r4
    1104:	d5 08       	sbc	r13, r5
    1106:	e2 c0       	rjmp	.+452    	; 0x12cc <__umoddi3+0x560>
    1108:	f9 ac       	ldd	r15, Y+57	; 0x39
    110a:	68 96       	adiw	r28, 0x18	; 24
    110c:	ff ae       	std	Y+63, r15	; 0x3f
    110e:	68 97       	sbiw	r28, 0x18	; 24
    1110:	0f 2c       	mov	r0, r15
    1112:	04 c0       	rjmp	.+8      	; 0x111c <__umoddi3+0x3b0>
    1114:	22 0c       	add	r2, r2
    1116:	33 1c       	adc	r3, r3
    1118:	44 1c       	adc	r4, r4
    111a:	55 1c       	adc	r5, r5
    111c:	0a 94       	dec	r0
    111e:	d2 f7       	brpl	.-12     	; 0x1114 <__umoddi3+0x3a8>
    1120:	8a 2d       	mov	r24, r10
    1122:	8f 19       	sub	r24, r15
    1124:	64 01       	movw	r12, r8
    1126:	53 01       	movw	r10, r6
    1128:	08 2e       	mov	r0, r24
    112a:	04 c0       	rjmp	.+8      	; 0x1134 <__umoddi3+0x3c8>
    112c:	d6 94       	lsr	r13
    112e:	c7 94       	ror	r12
    1130:	b7 94       	ror	r11
    1132:	a7 94       	ror	r10
    1134:	0a 94       	dec	r0
    1136:	d2 f7       	brpl	.-12     	; 0x112c <__umoddi3+0x3c0>
    1138:	a4 01       	movw	r20, r8
    113a:	93 01       	movw	r18, r6
    113c:	04 c0       	rjmp	.+8      	; 0x1146 <__umoddi3+0x3da>
    113e:	22 0f       	add	r18, r18
    1140:	33 1f       	adc	r19, r19
    1142:	44 1f       	adc	r20, r20
    1144:	55 1f       	adc	r21, r21
    1146:	fa 94       	dec	r15
    1148:	d2 f7       	brpl	.-12     	; 0x113e <__umoddi3+0x3d2>
    114a:	6c 96       	adiw	r28, 0x1c	; 28
    114c:	6c ac       	ldd	r6, Y+60	; 0x3c
    114e:	7d ac       	ldd	r7, Y+61	; 0x3d
    1150:	8e ac       	ldd	r8, Y+62	; 0x3e
    1152:	9f ac       	ldd	r9, Y+63	; 0x3f
    1154:	6c 97       	sbiw	r28, 0x1c	; 28
    1156:	04 c0       	rjmp	.+8      	; 0x1160 <__umoddi3+0x3f4>
    1158:	96 94       	lsr	r9
    115a:	87 94       	ror	r8
    115c:	77 94       	ror	r7
    115e:	67 94       	ror	r6
    1160:	8a 95       	dec	r24
    1162:	d2 f7       	brpl	.-12     	; 0x1158 <__umoddi3+0x3ec>
    1164:	84 01       	movw	r16, r8
    1166:	73 01       	movw	r14, r6
    1168:	e2 2a       	or	r14, r18
    116a:	f3 2a       	or	r15, r19
    116c:	04 2b       	or	r16, r20
    116e:	15 2b       	or	r17, r21
    1170:	ed a6       	std	Y+45, r14	; 0x2d
    1172:	fe a6       	std	Y+46, r15	; 0x2e
    1174:	0f a7       	std	Y+47, r16	; 0x2f
    1176:	18 ab       	std	Y+48, r17	; 0x30
    1178:	32 01       	movw	r6, r4
    117a:	88 24       	eor	r8, r8
    117c:	99 24       	eor	r9, r9
    117e:	b2 01       	movw	r22, r4
    1180:	a1 01       	movw	r20, r2
    1182:	60 70       	andi	r22, 0x00	; 0
    1184:	70 70       	andi	r23, 0x00	; 0
    1186:	25 96       	adiw	r28, 0x05	; 5
    1188:	4c af       	std	Y+60, r20	; 0x3c
    118a:	5d af       	std	Y+61, r21	; 0x3d
    118c:	6e af       	std	Y+62, r22	; 0x3e
    118e:	7f af       	std	Y+63, r23	; 0x3f
    1190:	25 97       	sbiw	r28, 0x05	; 5
    1192:	c6 01       	movw	r24, r12
    1194:	b5 01       	movw	r22, r10
    1196:	a4 01       	movw	r20, r8
    1198:	93 01       	movw	r18, r6
    119a:	0e 94 fc 10 	call	0x21f8	; 0x21f8 <__udivmodsi4>
    119e:	7b 01       	movw	r14, r22
    11a0:	8c 01       	movw	r16, r24
    11a2:	c6 01       	movw	r24, r12
    11a4:	b5 01       	movw	r22, r10
    11a6:	a4 01       	movw	r20, r8
    11a8:	93 01       	movw	r18, r6
    11aa:	0e 94 fc 10 	call	0x21f8	; 0x21f8 <__udivmodsi4>
    11ae:	ca 01       	movw	r24, r20
    11b0:	b9 01       	movw	r22, r18
    11b2:	25 96       	adiw	r28, 0x05	; 5
    11b4:	2c ad       	ldd	r18, Y+60	; 0x3c
    11b6:	3d ad       	ldd	r19, Y+61	; 0x3d
    11b8:	4e ad       	ldd	r20, Y+62	; 0x3e
    11ba:	5f ad       	ldd	r21, Y+63	; 0x3f
    11bc:	25 97       	sbiw	r28, 0x05	; 5
    11be:	0e 94 dd 10 	call	0x21ba	; 0x21ba <__mulsi3>
    11c2:	9b 01       	movw	r18, r22
    11c4:	ac 01       	movw	r20, r24
    11c6:	87 01       	movw	r16, r14
    11c8:	ff 24       	eor	r15, r15
    11ca:	ee 24       	eor	r14, r14
    11cc:	ad a4       	ldd	r10, Y+45	; 0x2d
    11ce:	be a4       	ldd	r11, Y+46	; 0x2e
    11d0:	cf a4       	ldd	r12, Y+47	; 0x2f
    11d2:	d8 a8       	ldd	r13, Y+48	; 0x30
    11d4:	c6 01       	movw	r24, r12
    11d6:	aa 27       	eor	r26, r26
    11d8:	bb 27       	eor	r27, r27
    11da:	5c 01       	movw	r10, r24
    11dc:	6d 01       	movw	r12, r26
    11de:	ae 28       	or	r10, r14
    11e0:	bf 28       	or	r11, r15
    11e2:	c0 2a       	or	r12, r16
    11e4:	d1 2a       	or	r13, r17
    11e6:	a2 16       	cp	r10, r18
    11e8:	b3 06       	cpc	r11, r19
    11ea:	c4 06       	cpc	r12, r20
    11ec:	d5 06       	cpc	r13, r21
    11ee:	90 f4       	brcc	.+36     	; 0x1214 <__umoddi3+0x4a8>
    11f0:	a2 0c       	add	r10, r2
    11f2:	b3 1c       	adc	r11, r3
    11f4:	c4 1c       	adc	r12, r4
    11f6:	d5 1c       	adc	r13, r5
    11f8:	a2 14       	cp	r10, r2
    11fa:	b3 04       	cpc	r11, r3
    11fc:	c4 04       	cpc	r12, r4
    11fe:	d5 04       	cpc	r13, r5
    1200:	48 f0       	brcs	.+18     	; 0x1214 <__umoddi3+0x4a8>
    1202:	a2 16       	cp	r10, r18
    1204:	b3 06       	cpc	r11, r19
    1206:	c4 06       	cpc	r12, r20
    1208:	d5 06       	cpc	r13, r21
    120a:	20 f4       	brcc	.+8      	; 0x1214 <__umoddi3+0x4a8>
    120c:	a2 0c       	add	r10, r2
    120e:	b3 1c       	adc	r11, r3
    1210:	c4 1c       	adc	r12, r4
    1212:	d5 1c       	adc	r13, r5
    1214:	a2 1a       	sub	r10, r18
    1216:	b3 0a       	sbc	r11, r19
    1218:	c4 0a       	sbc	r12, r20
    121a:	d5 0a       	sbc	r13, r21
    121c:	c6 01       	movw	r24, r12
    121e:	b5 01       	movw	r22, r10
    1220:	a4 01       	movw	r20, r8
    1222:	93 01       	movw	r18, r6
    1224:	0e 94 fc 10 	call	0x21f8	; 0x21f8 <__udivmodsi4>
    1228:	7b 01       	movw	r14, r22
    122a:	8c 01       	movw	r16, r24
    122c:	c6 01       	movw	r24, r12
    122e:	b5 01       	movw	r22, r10
    1230:	a4 01       	movw	r20, r8
    1232:	93 01       	movw	r18, r6
    1234:	0e 94 fc 10 	call	0x21f8	; 0x21f8 <__udivmodsi4>
    1238:	ca 01       	movw	r24, r20
    123a:	b9 01       	movw	r22, r18
    123c:	25 96       	adiw	r28, 0x05	; 5
    123e:	2c ad       	ldd	r18, Y+60	; 0x3c
    1240:	3d ad       	ldd	r19, Y+61	; 0x3d
    1242:	4e ad       	ldd	r20, Y+62	; 0x3e
    1244:	5f ad       	ldd	r21, Y+63	; 0x3f
    1246:	25 97       	sbiw	r28, 0x05	; 5
    1248:	0e 94 dd 10 	call	0x21ba	; 0x21ba <__mulsi3>
    124c:	9b 01       	movw	r18, r22
    124e:	ac 01       	movw	r20, r24
    1250:	87 01       	movw	r16, r14
    1252:	ff 24       	eor	r15, r15
    1254:	ee 24       	eor	r14, r14
    1256:	8d a5       	ldd	r24, Y+45	; 0x2d
    1258:	9e a5       	ldd	r25, Y+46	; 0x2e
    125a:	af a5       	ldd	r26, Y+47	; 0x2f
    125c:	b8 a9       	ldd	r27, Y+48	; 0x30
    125e:	a0 70       	andi	r26, 0x00	; 0
    1260:	b0 70       	andi	r27, 0x00	; 0
    1262:	57 01       	movw	r10, r14
    1264:	68 01       	movw	r12, r16
    1266:	a8 2a       	or	r10, r24
    1268:	b9 2a       	or	r11, r25
    126a:	ca 2a       	or	r12, r26
    126c:	db 2a       	or	r13, r27
    126e:	a2 16       	cp	r10, r18
    1270:	b3 06       	cpc	r11, r19
    1272:	c4 06       	cpc	r12, r20
    1274:	d5 06       	cpc	r13, r21
    1276:	90 f4       	brcc	.+36     	; 0x129c <__umoddi3+0x530>
    1278:	a2 0c       	add	r10, r2
    127a:	b3 1c       	adc	r11, r3
    127c:	c4 1c       	adc	r12, r4
    127e:	d5 1c       	adc	r13, r5
    1280:	a2 14       	cp	r10, r2
    1282:	b3 04       	cpc	r11, r3
    1284:	c4 04       	cpc	r12, r4
    1286:	d5 04       	cpc	r13, r5
    1288:	48 f0       	brcs	.+18     	; 0x129c <__umoddi3+0x530>
    128a:	a2 16       	cp	r10, r18
    128c:	b3 06       	cpc	r11, r19
    128e:	c4 06       	cpc	r12, r20
    1290:	d5 06       	cpc	r13, r21
    1292:	20 f4       	brcc	.+8      	; 0x129c <__umoddi3+0x530>
    1294:	a2 0c       	add	r10, r2
    1296:	b3 1c       	adc	r11, r3
    1298:	c4 1c       	adc	r12, r4
    129a:	d5 1c       	adc	r13, r5
    129c:	6c 96       	adiw	r28, 0x1c	; 28
    129e:	ec ac       	ldd	r14, Y+60	; 0x3c
    12a0:	fd ac       	ldd	r15, Y+61	; 0x3d
    12a2:	0e ad       	ldd	r16, Y+62	; 0x3e
    12a4:	1f ad       	ldd	r17, Y+63	; 0x3f
    12a6:	6c 97       	sbiw	r28, 0x1c	; 28
    12a8:	68 96       	adiw	r28, 0x18	; 24
    12aa:	0f ac       	ldd	r0, Y+63	; 0x3f
    12ac:	68 97       	sbiw	r28, 0x18	; 24
    12ae:	04 c0       	rjmp	.+8      	; 0x12b8 <__umoddi3+0x54c>
    12b0:	ee 0c       	add	r14, r14
    12b2:	ff 1c       	adc	r15, r15
    12b4:	00 1f       	adc	r16, r16
    12b6:	11 1f       	adc	r17, r17
    12b8:	0a 94       	dec	r0
    12ba:	d2 f7       	brpl	.-12     	; 0x12b0 <__umoddi3+0x544>
    12bc:	e9 aa       	std	Y+49, r14	; 0x31
    12be:	fa aa       	std	Y+50, r15	; 0x32
    12c0:	0b ab       	std	Y+51, r16	; 0x33
    12c2:	1c ab       	std	Y+52, r17	; 0x34
    12c4:	a2 1a       	sub	r10, r18
    12c6:	b3 0a       	sbc	r11, r19
    12c8:	c4 0a       	sbc	r12, r20
    12ca:	d5 0a       	sbc	r13, r21
    12cc:	32 01       	movw	r6, r4
    12ce:	88 24       	eor	r8, r8
    12d0:	99 24       	eor	r9, r9
    12d2:	b2 01       	movw	r22, r4
    12d4:	a1 01       	movw	r20, r2
    12d6:	60 70       	andi	r22, 0x00	; 0
    12d8:	70 70       	andi	r23, 0x00	; 0
    12da:	29 96       	adiw	r28, 0x09	; 9
    12dc:	4c af       	std	Y+60, r20	; 0x3c
    12de:	5d af       	std	Y+61, r21	; 0x3d
    12e0:	6e af       	std	Y+62, r22	; 0x3e
    12e2:	7f af       	std	Y+63, r23	; 0x3f
    12e4:	29 97       	sbiw	r28, 0x09	; 9
    12e6:	c6 01       	movw	r24, r12
    12e8:	b5 01       	movw	r22, r10
    12ea:	a4 01       	movw	r20, r8
    12ec:	93 01       	movw	r18, r6
    12ee:	0e 94 fc 10 	call	0x21f8	; 0x21f8 <__udivmodsi4>
    12f2:	7b 01       	movw	r14, r22
    12f4:	8c 01       	movw	r16, r24
    12f6:	c6 01       	movw	r24, r12
    12f8:	b5 01       	movw	r22, r10
    12fa:	a4 01       	movw	r20, r8
    12fc:	93 01       	movw	r18, r6
    12fe:	0e 94 fc 10 	call	0x21f8	; 0x21f8 <__udivmodsi4>
    1302:	ca 01       	movw	r24, r20
    1304:	b9 01       	movw	r22, r18
    1306:	29 96       	adiw	r28, 0x09	; 9
    1308:	2c ad       	ldd	r18, Y+60	; 0x3c
    130a:	3d ad       	ldd	r19, Y+61	; 0x3d
    130c:	4e ad       	ldd	r20, Y+62	; 0x3e
    130e:	5f ad       	ldd	r21, Y+63	; 0x3f
    1310:	29 97       	sbiw	r28, 0x09	; 9
    1312:	0e 94 dd 10 	call	0x21ba	; 0x21ba <__mulsi3>
    1316:	9b 01       	movw	r18, r22
    1318:	ac 01       	movw	r20, r24
    131a:	87 01       	movw	r16, r14
    131c:	ff 24       	eor	r15, r15
    131e:	ee 24       	eor	r14, r14
    1320:	a9 a8       	ldd	r10, Y+49	; 0x31
    1322:	ba a8       	ldd	r11, Y+50	; 0x32
    1324:	cb a8       	ldd	r12, Y+51	; 0x33
    1326:	dc a8       	ldd	r13, Y+52	; 0x34
    1328:	c6 01       	movw	r24, r12
    132a:	aa 27       	eor	r26, r26
    132c:	bb 27       	eor	r27, r27
    132e:	57 01       	movw	r10, r14
    1330:	68 01       	movw	r12, r16
    1332:	a8 2a       	or	r10, r24
    1334:	b9 2a       	or	r11, r25
    1336:	ca 2a       	or	r12, r26
    1338:	db 2a       	or	r13, r27
    133a:	a2 16       	cp	r10, r18
    133c:	b3 06       	cpc	r11, r19
    133e:	c4 06       	cpc	r12, r20
    1340:	d5 06       	cpc	r13, r21
    1342:	90 f4       	brcc	.+36     	; 0x1368 <__umoddi3+0x5fc>
    1344:	a2 0c       	add	r10, r2
    1346:	b3 1c       	adc	r11, r3
    1348:	c4 1c       	adc	r12, r4
    134a:	d5 1c       	adc	r13, r5
    134c:	a2 14       	cp	r10, r2
    134e:	b3 04       	cpc	r11, r3
    1350:	c4 04       	cpc	r12, r4
    1352:	d5 04       	cpc	r13, r5
    1354:	48 f0       	brcs	.+18     	; 0x1368 <__umoddi3+0x5fc>
    1356:	a2 16       	cp	r10, r18
    1358:	b3 06       	cpc	r11, r19
    135a:	c4 06       	cpc	r12, r20
    135c:	d5 06       	cpc	r13, r21
    135e:	20 f4       	brcc	.+8      	; 0x1368 <__umoddi3+0x5fc>
    1360:	a2 0c       	add	r10, r2
    1362:	b3 1c       	adc	r11, r3
    1364:	c4 1c       	adc	r12, r4
    1366:	d5 1c       	adc	r13, r5
    1368:	a2 1a       	sub	r10, r18
    136a:	b3 0a       	sbc	r11, r19
    136c:	c4 0a       	sbc	r12, r20
    136e:	d5 0a       	sbc	r13, r21
    1370:	c6 01       	movw	r24, r12
    1372:	b5 01       	movw	r22, r10
    1374:	a4 01       	movw	r20, r8
    1376:	93 01       	movw	r18, r6
    1378:	0e 94 fc 10 	call	0x21f8	; 0x21f8 <__udivmodsi4>
    137c:	7b 01       	movw	r14, r22
    137e:	8c 01       	movw	r16, r24
    1380:	c6 01       	movw	r24, r12
    1382:	b5 01       	movw	r22, r10
    1384:	a4 01       	movw	r20, r8
    1386:	93 01       	movw	r18, r6
    1388:	0e 94 fc 10 	call	0x21f8	; 0x21f8 <__udivmodsi4>
    138c:	ca 01       	movw	r24, r20
    138e:	b9 01       	movw	r22, r18
    1390:	29 96       	adiw	r28, 0x09	; 9
    1392:	2c ad       	ldd	r18, Y+60	; 0x3c
    1394:	3d ad       	ldd	r19, Y+61	; 0x3d
    1396:	4e ad       	ldd	r20, Y+62	; 0x3e
    1398:	5f ad       	ldd	r21, Y+63	; 0x3f
    139a:	29 97       	sbiw	r28, 0x09	; 9
    139c:	0e 94 dd 10 	call	0x21ba	; 0x21ba <__mulsi3>
    13a0:	9b 01       	movw	r18, r22
    13a2:	ac 01       	movw	r20, r24
    13a4:	87 01       	movw	r16, r14
    13a6:	ff 24       	eor	r15, r15
    13a8:	ee 24       	eor	r14, r14
    13aa:	89 a9       	ldd	r24, Y+49	; 0x31
    13ac:	9a a9       	ldd	r25, Y+50	; 0x32
    13ae:	ab a9       	ldd	r26, Y+51	; 0x33
    13b0:	bc a9       	ldd	r27, Y+52	; 0x34
    13b2:	a0 70       	andi	r26, 0x00	; 0
    13b4:	b0 70       	andi	r27, 0x00	; 0
    13b6:	e8 2a       	or	r14, r24
    13b8:	f9 2a       	or	r15, r25
    13ba:	0a 2b       	or	r16, r26
    13bc:	1b 2b       	or	r17, r27
    13be:	e2 16       	cp	r14, r18
    13c0:	f3 06       	cpc	r15, r19
    13c2:	04 07       	cpc	r16, r20
    13c4:	15 07       	cpc	r17, r21
    13c6:	90 f4       	brcc	.+36     	; 0x13ec <__umoddi3+0x680>
    13c8:	e2 0c       	add	r14, r2
    13ca:	f3 1c       	adc	r15, r3
    13cc:	04 1d       	adc	r16, r4
    13ce:	15 1d       	adc	r17, r5
    13d0:	e2 14       	cp	r14, r2
    13d2:	f3 04       	cpc	r15, r3
    13d4:	04 05       	cpc	r16, r4
    13d6:	15 05       	cpc	r17, r5
    13d8:	48 f0       	brcs	.+18     	; 0x13ec <__umoddi3+0x680>
    13da:	e2 16       	cp	r14, r18
    13dc:	f3 06       	cpc	r15, r19
    13de:	04 07       	cpc	r16, r20
    13e0:	15 07       	cpc	r17, r21
    13e2:	20 f4       	brcc	.+8      	; 0x13ec <__umoddi3+0x680>
    13e4:	e2 0c       	add	r14, r2
    13e6:	f3 1c       	adc	r15, r3
    13e8:	04 1d       	adc	r16, r4
    13ea:	15 1d       	adc	r17, r5
    13ec:	e2 1a       	sub	r14, r18
    13ee:	f3 0a       	sbc	r15, r19
    13f0:	04 0b       	sbc	r16, r20
    13f2:	15 0b       	sbc	r17, r21
    13f4:	d8 01       	movw	r26, r16
    13f6:	c7 01       	movw	r24, r14
    13f8:	09 ac       	ldd	r0, Y+57	; 0x39
    13fa:	04 c0       	rjmp	.+8      	; 0x1404 <__umoddi3+0x698>
    13fc:	b6 95       	lsr	r27
    13fe:	a7 95       	ror	r26
    1400:	97 95       	ror	r25
    1402:	87 95       	ror	r24
    1404:	0a 94       	dec	r0
    1406:	d2 f7       	brpl	.-12     	; 0x13fc <__umoddi3+0x690>
    1408:	89 8b       	std	Y+17, r24	; 0x11
    140a:	9a 8b       	std	Y+18, r25	; 0x12
    140c:	ab 8b       	std	Y+19, r26	; 0x13
    140e:	bc 8b       	std	Y+20, r27	; 0x14
    1410:	1d 8a       	std	Y+21, r1	; 0x15
    1412:	1e 8a       	std	Y+22, r1	; 0x16
    1414:	1f 8a       	std	Y+23, r1	; 0x17
    1416:	18 8e       	std	Y+24, r1	; 0x18
    1418:	28 2f       	mov	r18, r24
    141a:	3a 89       	ldd	r19, Y+18	; 0x12
    141c:	4b 89       	ldd	r20, Y+19	; 0x13
    141e:	5c 89       	ldd	r21, Y+20	; 0x14
    1420:	6d 89       	ldd	r22, Y+21	; 0x15
    1422:	0c c3       	rjmp	.+1560   	; 0x1a3c <__umoddi3+0xcd0>
    1424:	6a 14       	cp	r6, r10
    1426:	7b 04       	cpc	r7, r11
    1428:	8c 04       	cpc	r8, r12
    142a:	9d 04       	cpc	r9, r13
    142c:	08 f4       	brcc	.+2      	; 0x1430 <__umoddi3+0x6c4>
    142e:	09 c3       	rjmp	.+1554   	; 0x1a42 <__umoddi3+0xcd6>
    1430:	00 e0       	ldi	r16, 0x00	; 0
    1432:	a0 16       	cp	r10, r16
    1434:	00 e0       	ldi	r16, 0x00	; 0
    1436:	b0 06       	cpc	r11, r16
    1438:	01 e0       	ldi	r16, 0x01	; 1
    143a:	c0 06       	cpc	r12, r16
    143c:	00 e0       	ldi	r16, 0x00	; 0
    143e:	d0 06       	cpc	r13, r16
    1440:	88 f4       	brcc	.+34     	; 0x1464 <__umoddi3+0x6f8>
    1442:	1f ef       	ldi	r17, 0xFF	; 255
    1444:	a1 16       	cp	r10, r17
    1446:	b1 04       	cpc	r11, r1
    1448:	c1 04       	cpc	r12, r1
    144a:	d1 04       	cpc	r13, r1
    144c:	39 f0       	breq	.+14     	; 0x145c <__umoddi3+0x6f0>
    144e:	30 f0       	brcs	.+12     	; 0x145c <__umoddi3+0x6f0>
    1450:	28 e0       	ldi	r18, 0x08	; 8
    1452:	e2 2e       	mov	r14, r18
    1454:	f1 2c       	mov	r15, r1
    1456:	01 2d       	mov	r16, r1
    1458:	11 2d       	mov	r17, r1
    145a:	18 c0       	rjmp	.+48     	; 0x148c <__umoddi3+0x720>
    145c:	ee 24       	eor	r14, r14
    145e:	ff 24       	eor	r15, r15
    1460:	87 01       	movw	r16, r14
    1462:	14 c0       	rjmp	.+40     	; 0x148c <__umoddi3+0x720>
    1464:	40 e0       	ldi	r20, 0x00	; 0
    1466:	a4 16       	cp	r10, r20
    1468:	40 e0       	ldi	r20, 0x00	; 0
    146a:	b4 06       	cpc	r11, r20
    146c:	40 e0       	ldi	r20, 0x00	; 0
    146e:	c4 06       	cpc	r12, r20
    1470:	41 e0       	ldi	r20, 0x01	; 1
    1472:	d4 06       	cpc	r13, r20
    1474:	30 f0       	brcs	.+12     	; 0x1482 <__umoddi3+0x716>
    1476:	98 e1       	ldi	r25, 0x18	; 24
    1478:	e9 2e       	mov	r14, r25
    147a:	f1 2c       	mov	r15, r1
    147c:	01 2d       	mov	r16, r1
    147e:	11 2d       	mov	r17, r1
    1480:	05 c0       	rjmp	.+10     	; 0x148c <__umoddi3+0x720>
    1482:	80 e1       	ldi	r24, 0x10	; 16
    1484:	e8 2e       	mov	r14, r24
    1486:	f1 2c       	mov	r15, r1
    1488:	01 2d       	mov	r16, r1
    148a:	11 2d       	mov	r17, r1
    148c:	d6 01       	movw	r26, r12
    148e:	c5 01       	movw	r24, r10
    1490:	0e 2c       	mov	r0, r14
    1492:	04 c0       	rjmp	.+8      	; 0x149c <__umoddi3+0x730>
    1494:	b6 95       	lsr	r27
    1496:	a7 95       	ror	r26
    1498:	97 95       	ror	r25
    149a:	87 95       	ror	r24
    149c:	0a 94       	dec	r0
    149e:	d2 f7       	brpl	.-12     	; 0x1494 <__umoddi3+0x728>
    14a0:	80 5a       	subi	r24, 0xA0	; 160
    14a2:	9f 4f       	sbci	r25, 0xFF	; 255
    14a4:	dc 01       	movw	r26, r24
    14a6:	2c 91       	ld	r18, X
    14a8:	80 e2       	ldi	r24, 0x20	; 32
    14aa:	90 e0       	ldi	r25, 0x00	; 0
    14ac:	a0 e0       	ldi	r26, 0x00	; 0
    14ae:	b0 e0       	ldi	r27, 0x00	; 0
    14b0:	8e 19       	sub	r24, r14
    14b2:	9f 09       	sbc	r25, r15
    14b4:	a0 0b       	sbc	r26, r16
    14b6:	b1 0b       	sbc	r27, r17
    14b8:	82 1b       	sub	r24, r18
    14ba:	91 09       	sbc	r25, r1
    14bc:	a1 09       	sbc	r26, r1
    14be:	b1 09       	sbc	r27, r1
    14c0:	00 97       	sbiw	r24, 0x00	; 0
    14c2:	a1 05       	cpc	r26, r1
    14c4:	b1 05       	cpc	r27, r1
    14c6:	09 f0       	breq	.+2      	; 0x14ca <__umoddi3+0x75e>
    14c8:	4f c0       	rjmp	.+158    	; 0x1568 <__umoddi3+0x7fc>
    14ca:	a6 14       	cp	r10, r6
    14cc:	b7 04       	cpc	r11, r7
    14ce:	c8 04       	cpc	r12, r8
    14d0:	d9 04       	cpc	r13, r9
    14d2:	58 f0       	brcs	.+22     	; 0x14ea <__umoddi3+0x77e>
    14d4:	6c 96       	adiw	r28, 0x1c	; 28
    14d6:	ec ac       	ldd	r14, Y+60	; 0x3c
    14d8:	fd ac       	ldd	r15, Y+61	; 0x3d
    14da:	0e ad       	ldd	r16, Y+62	; 0x3e
    14dc:	1f ad       	ldd	r17, Y+63	; 0x3f
    14de:	6c 97       	sbiw	r28, 0x1c	; 28
    14e0:	e2 14       	cp	r14, r2
    14e2:	f3 04       	cpc	r15, r3
    14e4:	04 05       	cpc	r16, r4
    14e6:	15 05       	cpc	r17, r5
    14e8:	68 f1       	brcs	.+90     	; 0x1544 <__umoddi3+0x7d8>
    14ea:	6c 96       	adiw	r28, 0x1c	; 28
    14ec:	ec ac       	ldd	r14, Y+60	; 0x3c
    14ee:	fd ac       	ldd	r15, Y+61	; 0x3d
    14f0:	0e ad       	ldd	r16, Y+62	; 0x3e
    14f2:	1f ad       	ldd	r17, Y+63	; 0x3f
    14f4:	6c 97       	sbiw	r28, 0x1c	; 28
    14f6:	e2 18       	sub	r14, r2
    14f8:	f3 08       	sbc	r15, r3
    14fa:	04 09       	sbc	r16, r4
    14fc:	15 09       	sbc	r17, r5
    14fe:	a4 01       	movw	r20, r8
    1500:	93 01       	movw	r18, r6
    1502:	2a 19       	sub	r18, r10
    1504:	3b 09       	sbc	r19, r11
    1506:	4c 09       	sbc	r20, r12
    1508:	5d 09       	sbc	r21, r13
    150a:	aa 24       	eor	r10, r10
    150c:	bb 24       	eor	r11, r11
    150e:	65 01       	movw	r12, r10
    1510:	6c 96       	adiw	r28, 0x1c	; 28
    1512:	6c ad       	ldd	r22, Y+60	; 0x3c
    1514:	7d ad       	ldd	r23, Y+61	; 0x3d
    1516:	8e ad       	ldd	r24, Y+62	; 0x3e
    1518:	9f ad       	ldd	r25, Y+63	; 0x3f
    151a:	6c 97       	sbiw	r28, 0x1c	; 28
    151c:	6e 15       	cp	r22, r14
    151e:	7f 05       	cpc	r23, r15
    1520:	80 07       	cpc	r24, r16
    1522:	91 07       	cpc	r25, r17
    1524:	28 f4       	brcc	.+10     	; 0x1530 <__umoddi3+0x7c4>
    1526:	b1 e0       	ldi	r27, 0x01	; 1
    1528:	ab 2e       	mov	r10, r27
    152a:	b1 2c       	mov	r11, r1
    152c:	c1 2c       	mov	r12, r1
    152e:	d1 2c       	mov	r13, r1
    1530:	da 01       	movw	r26, r20
    1532:	c9 01       	movw	r24, r18
    1534:	8a 19       	sub	r24, r10
    1536:	9b 09       	sbc	r25, r11
    1538:	ac 09       	sbc	r26, r12
    153a:	bd 09       	sbc	r27, r13
    153c:	8d ab       	std	Y+53, r24	; 0x35
    153e:	9e ab       	std	Y+54, r25	; 0x36
    1540:	af ab       	std	Y+55, r26	; 0x37
    1542:	b8 af       	std	Y+56, r27	; 0x38
    1544:	e9 8a       	std	Y+17, r14	; 0x11
    1546:	fa 8a       	std	Y+18, r15	; 0x12
    1548:	0b 8b       	std	Y+19, r16	; 0x13
    154a:	1c 8b       	std	Y+20, r17	; 0x14
    154c:	6d a8       	ldd	r6, Y+53	; 0x35
    154e:	7e a8       	ldd	r7, Y+54	; 0x36
    1550:	8f a8       	ldd	r8, Y+55	; 0x37
    1552:	98 ac       	ldd	r9, Y+56	; 0x38
    1554:	6d 8a       	std	Y+21, r6	; 0x15
    1556:	7e 8a       	std	Y+22, r7	; 0x16
    1558:	8f 8a       	std	Y+23, r8	; 0x17
    155a:	98 8e       	std	Y+24, r9	; 0x18
    155c:	2e 2d       	mov	r18, r14
    155e:	3a 89       	ldd	r19, Y+18	; 0x12
    1560:	4b 89       	ldd	r20, Y+19	; 0x13
    1562:	5c 89       	ldd	r21, Y+20	; 0x14
    1564:	6d a9       	ldd	r22, Y+53	; 0x35
    1566:	6a c2       	rjmp	.+1236   	; 0x1a3c <__umoddi3+0xcd0>
    1568:	67 96       	adiw	r28, 0x17	; 23
    156a:	8f af       	std	Y+63, r24	; 0x3f
    156c:	67 97       	sbiw	r28, 0x17	; 23
    156e:	a6 01       	movw	r20, r12
    1570:	95 01       	movw	r18, r10
    1572:	08 2e       	mov	r0, r24
    1574:	04 c0       	rjmp	.+8      	; 0x157e <__umoddi3+0x812>
    1576:	22 0f       	add	r18, r18
    1578:	33 1f       	adc	r19, r19
    157a:	44 1f       	adc	r20, r20
    157c:	55 1f       	adc	r21, r21
    157e:	0a 94       	dec	r0
    1580:	d2 f7       	brpl	.-12     	; 0x1576 <__umoddi3+0x80a>
    1582:	a0 e2       	ldi	r26, 0x20	; 32
    1584:	aa 2e       	mov	r10, r26
    1586:	a8 1a       	sub	r10, r24
    1588:	66 96       	adiw	r28, 0x16	; 22
    158a:	af ae       	std	Y+63, r10	; 0x3f
    158c:	66 97       	sbiw	r28, 0x16	; 22
    158e:	d2 01       	movw	r26, r4
    1590:	c1 01       	movw	r24, r2
    1592:	04 c0       	rjmp	.+8      	; 0x159c <__umoddi3+0x830>
    1594:	b6 95       	lsr	r27
    1596:	a7 95       	ror	r26
    1598:	97 95       	ror	r25
    159a:	87 95       	ror	r24
    159c:	aa 94       	dec	r10
    159e:	d2 f7       	brpl	.-12     	; 0x1594 <__umoddi3+0x828>
    15a0:	6c 01       	movw	r12, r24
    15a2:	7d 01       	movw	r14, r26
    15a4:	c2 2a       	or	r12, r18
    15a6:	d3 2a       	or	r13, r19
    15a8:	e4 2a       	or	r14, r20
    15aa:	f5 2a       	or	r15, r21
    15ac:	c9 a6       	std	Y+41, r12	; 0x29
    15ae:	da a6       	std	Y+42, r13	; 0x2a
    15b0:	eb a6       	std	Y+43, r14	; 0x2b
    15b2:	fc a6       	std	Y+44, r15	; 0x2c
    15b4:	82 01       	movw	r16, r4
    15b6:	71 01       	movw	r14, r2
    15b8:	67 96       	adiw	r28, 0x17	; 23
    15ba:	0f ac       	ldd	r0, Y+63	; 0x3f
    15bc:	67 97       	sbiw	r28, 0x17	; 23
    15be:	04 c0       	rjmp	.+8      	; 0x15c8 <__umoddi3+0x85c>
    15c0:	ee 0c       	add	r14, r14
    15c2:	ff 1c       	adc	r15, r15
    15c4:	00 1f       	adc	r16, r16
    15c6:	11 1f       	adc	r17, r17
    15c8:	0a 94       	dec	r0
    15ca:	d2 f7       	brpl	.-12     	; 0x15c0 <__umoddi3+0x854>
    15cc:	ed a2       	std	Y+37, r14	; 0x25
    15ce:	fe a2       	std	Y+38, r15	; 0x26
    15d0:	0f a3       	std	Y+39, r16	; 0x27
    15d2:	18 a7       	std	Y+40, r17	; 0x28
    15d4:	64 01       	movw	r12, r8
    15d6:	53 01       	movw	r10, r6
    15d8:	66 96       	adiw	r28, 0x16	; 22
    15da:	0f ac       	ldd	r0, Y+63	; 0x3f
    15dc:	66 97       	sbiw	r28, 0x16	; 22
    15de:	04 c0       	rjmp	.+8      	; 0x15e8 <__umoddi3+0x87c>
    15e0:	d6 94       	lsr	r13
    15e2:	c7 94       	ror	r12
    15e4:	b7 94       	ror	r11
    15e6:	a7 94       	ror	r10
    15e8:	0a 94       	dec	r0
    15ea:	d2 f7       	brpl	.-12     	; 0x15e0 <__umoddi3+0x874>
    15ec:	a4 01       	movw	r20, r8
    15ee:	93 01       	movw	r18, r6
    15f0:	67 96       	adiw	r28, 0x17	; 23
    15f2:	0f ac       	ldd	r0, Y+63	; 0x3f
    15f4:	67 97       	sbiw	r28, 0x17	; 23
    15f6:	04 c0       	rjmp	.+8      	; 0x1600 <__umoddi3+0x894>
    15f8:	22 0f       	add	r18, r18
    15fa:	33 1f       	adc	r19, r19
    15fc:	44 1f       	adc	r20, r20
    15fe:	55 1f       	adc	r21, r21
    1600:	0a 94       	dec	r0
    1602:	d2 f7       	brpl	.-12     	; 0x15f8 <__umoddi3+0x88c>
    1604:	6c 96       	adiw	r28, 0x1c	; 28
    1606:	8c ad       	ldd	r24, Y+60	; 0x3c
    1608:	9d ad       	ldd	r25, Y+61	; 0x3d
    160a:	ae ad       	ldd	r26, Y+62	; 0x3e
    160c:	bf ad       	ldd	r27, Y+63	; 0x3f
    160e:	6c 97       	sbiw	r28, 0x1c	; 28
    1610:	66 96       	adiw	r28, 0x16	; 22
    1612:	0f ac       	ldd	r0, Y+63	; 0x3f
    1614:	66 97       	sbiw	r28, 0x16	; 22
    1616:	04 c0       	rjmp	.+8      	; 0x1620 <__umoddi3+0x8b4>
    1618:	b6 95       	lsr	r27
    161a:	a7 95       	ror	r26
    161c:	97 95       	ror	r25
    161e:	87 95       	ror	r24
    1620:	0a 94       	dec	r0
    1622:	d2 f7       	brpl	.-12     	; 0x1618 <__umoddi3+0x8ac>
    1624:	3c 01       	movw	r6, r24
    1626:	4d 01       	movw	r8, r26
    1628:	62 2a       	or	r6, r18
    162a:	73 2a       	or	r7, r19
    162c:	84 2a       	or	r8, r20
    162e:	95 2a       	or	r9, r21
    1630:	69 a2       	std	Y+33, r6	; 0x21
    1632:	7a a2       	std	Y+34, r7	; 0x22
    1634:	8b a2       	std	Y+35, r8	; 0x23
    1636:	9c a2       	std	Y+36, r9	; 0x24
    1638:	6c 96       	adiw	r28, 0x1c	; 28
    163a:	ec ac       	ldd	r14, Y+60	; 0x3c
    163c:	fd ac       	ldd	r15, Y+61	; 0x3d
    163e:	0e ad       	ldd	r16, Y+62	; 0x3e
    1640:	1f ad       	ldd	r17, Y+63	; 0x3f
    1642:	6c 97       	sbiw	r28, 0x1c	; 28
    1644:	67 96       	adiw	r28, 0x17	; 23
    1646:	0f ac       	ldd	r0, Y+63	; 0x3f
    1648:	67 97       	sbiw	r28, 0x17	; 23
    164a:	04 c0       	rjmp	.+8      	; 0x1654 <__umoddi3+0x8e8>
    164c:	ee 0c       	add	r14, r14
    164e:	ff 1c       	adc	r15, r15
    1650:	00 1f       	adc	r16, r16
    1652:	11 1f       	adc	r17, r17
    1654:	0a 94       	dec	r0
    1656:	d2 f7       	brpl	.-12     	; 0x164c <__umoddi3+0x8e0>
    1658:	ed 8e       	std	Y+29, r14	; 0x1d
    165a:	fe 8e       	std	Y+30, r15	; 0x1e
    165c:	0f 8f       	std	Y+31, r16	; 0x1f
    165e:	18 a3       	std	Y+32, r17	; 0x20
    1660:	49 a5       	ldd	r20, Y+41	; 0x29
    1662:	5a a5       	ldd	r21, Y+42	; 0x2a
    1664:	6b a5       	ldd	r22, Y+43	; 0x2b
    1666:	7c a5       	ldd	r23, Y+44	; 0x2c
    1668:	3b 01       	movw	r6, r22
    166a:	88 24       	eor	r8, r8
    166c:	99 24       	eor	r9, r9
    166e:	60 70       	andi	r22, 0x00	; 0
    1670:	70 70       	andi	r23, 0x00	; 0
    1672:	2d 96       	adiw	r28, 0x0d	; 13
    1674:	4c af       	std	Y+60, r20	; 0x3c
    1676:	5d af       	std	Y+61, r21	; 0x3d
    1678:	6e af       	std	Y+62, r22	; 0x3e
    167a:	7f af       	std	Y+63, r23	; 0x3f
    167c:	2d 97       	sbiw	r28, 0x0d	; 13
    167e:	c6 01       	movw	r24, r12
    1680:	b5 01       	movw	r22, r10
    1682:	a4 01       	movw	r20, r8
    1684:	93 01       	movw	r18, r6
    1686:	0e 94 fc 10 	call	0x21f8	; 0x21f8 <__udivmodsi4>
    168a:	7b 01       	movw	r14, r22
    168c:	8c 01       	movw	r16, r24
    168e:	c6 01       	movw	r24, r12
    1690:	b5 01       	movw	r22, r10
    1692:	a4 01       	movw	r20, r8
    1694:	93 01       	movw	r18, r6
    1696:	0e 94 fc 10 	call	0x21f8	; 0x21f8 <__udivmodsi4>
    169a:	c9 01       	movw	r24, r18
    169c:	da 01       	movw	r26, r20
    169e:	1c 01       	movw	r2, r24
    16a0:	2d 01       	movw	r4, r26
    16a2:	c2 01       	movw	r24, r4
    16a4:	b1 01       	movw	r22, r2
    16a6:	2d 96       	adiw	r28, 0x0d	; 13
    16a8:	2c ad       	ldd	r18, Y+60	; 0x3c
    16aa:	3d ad       	ldd	r19, Y+61	; 0x3d
    16ac:	4e ad       	ldd	r20, Y+62	; 0x3e
    16ae:	5f ad       	ldd	r21, Y+63	; 0x3f
    16b0:	2d 97       	sbiw	r28, 0x0d	; 13
    16b2:	0e 94 dd 10 	call	0x21ba	; 0x21ba <__mulsi3>
    16b6:	9b 01       	movw	r18, r22
    16b8:	ac 01       	movw	r20, r24
    16ba:	87 01       	movw	r16, r14
    16bc:	ff 24       	eor	r15, r15
    16be:	ee 24       	eor	r14, r14
    16c0:	a9 a0       	ldd	r10, Y+33	; 0x21
    16c2:	ba a0       	ldd	r11, Y+34	; 0x22
    16c4:	cb a0       	ldd	r12, Y+35	; 0x23
    16c6:	dc a0       	ldd	r13, Y+36	; 0x24
    16c8:	c6 01       	movw	r24, r12
    16ca:	aa 27       	eor	r26, r26
    16cc:	bb 27       	eor	r27, r27
    16ce:	57 01       	movw	r10, r14
    16d0:	68 01       	movw	r12, r16
    16d2:	a8 2a       	or	r10, r24
    16d4:	b9 2a       	or	r11, r25
    16d6:	ca 2a       	or	r12, r26
    16d8:	db 2a       	or	r13, r27
    16da:	a2 16       	cp	r10, r18
    16dc:	b3 06       	cpc	r11, r19
    16de:	c4 06       	cpc	r12, r20
    16e0:	d5 06       	cpc	r13, r21
    16e2:	00 f5       	brcc	.+64     	; 0x1724 <__umoddi3+0x9b8>
    16e4:	08 94       	sec
    16e6:	21 08       	sbc	r2, r1
    16e8:	31 08       	sbc	r3, r1
    16ea:	41 08       	sbc	r4, r1
    16ec:	51 08       	sbc	r5, r1
    16ee:	e9 a4       	ldd	r14, Y+41	; 0x29
    16f0:	fa a4       	ldd	r15, Y+42	; 0x2a
    16f2:	0b a5       	ldd	r16, Y+43	; 0x2b
    16f4:	1c a5       	ldd	r17, Y+44	; 0x2c
    16f6:	ae 0c       	add	r10, r14
    16f8:	bf 1c       	adc	r11, r15
    16fa:	c0 1e       	adc	r12, r16
    16fc:	d1 1e       	adc	r13, r17
    16fe:	ae 14       	cp	r10, r14
    1700:	bf 04       	cpc	r11, r15
    1702:	c0 06       	cpc	r12, r16
    1704:	d1 06       	cpc	r13, r17
    1706:	70 f0       	brcs	.+28     	; 0x1724 <__umoddi3+0x9b8>
    1708:	a2 16       	cp	r10, r18
    170a:	b3 06       	cpc	r11, r19
    170c:	c4 06       	cpc	r12, r20
    170e:	d5 06       	cpc	r13, r21
    1710:	48 f4       	brcc	.+18     	; 0x1724 <__umoddi3+0x9b8>
    1712:	08 94       	sec
    1714:	21 08       	sbc	r2, r1
    1716:	31 08       	sbc	r3, r1
    1718:	41 08       	sbc	r4, r1
    171a:	51 08       	sbc	r5, r1
    171c:	ae 0c       	add	r10, r14
    171e:	bf 1c       	adc	r11, r15
    1720:	c0 1e       	adc	r12, r16
    1722:	d1 1e       	adc	r13, r17
    1724:	a2 1a       	sub	r10, r18
    1726:	b3 0a       	sbc	r11, r19
    1728:	c4 0a       	sbc	r12, r20
    172a:	d5 0a       	sbc	r13, r21
    172c:	c6 01       	movw	r24, r12
    172e:	b5 01       	movw	r22, r10
    1730:	a4 01       	movw	r20, r8
    1732:	93 01       	movw	r18, r6
    1734:	0e 94 fc 10 	call	0x21f8	; 0x21f8 <__udivmodsi4>
    1738:	7b 01       	movw	r14, r22
    173a:	8c 01       	movw	r16, r24
    173c:	c6 01       	movw	r24, r12
    173e:	b5 01       	movw	r22, r10
    1740:	a4 01       	movw	r20, r8
    1742:	93 01       	movw	r18, r6
    1744:	0e 94 fc 10 	call	0x21f8	; 0x21f8 <__udivmodsi4>
    1748:	c9 01       	movw	r24, r18
    174a:	da 01       	movw	r26, r20
    174c:	3c 01       	movw	r6, r24
    174e:	4d 01       	movw	r8, r26
    1750:	c4 01       	movw	r24, r8
    1752:	b3 01       	movw	r22, r6
    1754:	2d 96       	adiw	r28, 0x0d	; 13
    1756:	2c ad       	ldd	r18, Y+60	; 0x3c
    1758:	3d ad       	ldd	r19, Y+61	; 0x3d
    175a:	4e ad       	ldd	r20, Y+62	; 0x3e
    175c:	5f ad       	ldd	r21, Y+63	; 0x3f
    175e:	2d 97       	sbiw	r28, 0x0d	; 13
    1760:	0e 94 dd 10 	call	0x21ba	; 0x21ba <__mulsi3>
    1764:	9b 01       	movw	r18, r22
    1766:	ac 01       	movw	r20, r24
    1768:	87 01       	movw	r16, r14
    176a:	ff 24       	eor	r15, r15
    176c:	ee 24       	eor	r14, r14
    176e:	89 a1       	ldd	r24, Y+33	; 0x21
    1770:	9a a1       	ldd	r25, Y+34	; 0x22
    1772:	ab a1       	ldd	r26, Y+35	; 0x23
    1774:	bc a1       	ldd	r27, Y+36	; 0x24
    1776:	a0 70       	andi	r26, 0x00	; 0
    1778:	b0 70       	andi	r27, 0x00	; 0
    177a:	57 01       	movw	r10, r14
    177c:	68 01       	movw	r12, r16
    177e:	a8 2a       	or	r10, r24
    1780:	b9 2a       	or	r11, r25
    1782:	ca 2a       	or	r12, r26
    1784:	db 2a       	or	r13, r27
    1786:	a2 16       	cp	r10, r18
    1788:	b3 06       	cpc	r11, r19
    178a:	c4 06       	cpc	r12, r20
    178c:	d5 06       	cpc	r13, r21
    178e:	00 f5       	brcc	.+64     	; 0x17d0 <__umoddi3+0xa64>
    1790:	08 94       	sec
    1792:	61 08       	sbc	r6, r1
    1794:	71 08       	sbc	r7, r1
    1796:	81 08       	sbc	r8, r1
    1798:	91 08       	sbc	r9, r1
    179a:	69 a5       	ldd	r22, Y+41	; 0x29
    179c:	7a a5       	ldd	r23, Y+42	; 0x2a
    179e:	8b a5       	ldd	r24, Y+43	; 0x2b
    17a0:	9c a5       	ldd	r25, Y+44	; 0x2c
    17a2:	a6 0e       	add	r10, r22
    17a4:	b7 1e       	adc	r11, r23
    17a6:	c8 1e       	adc	r12, r24
    17a8:	d9 1e       	adc	r13, r25
    17aa:	a6 16       	cp	r10, r22
    17ac:	b7 06       	cpc	r11, r23
    17ae:	c8 06       	cpc	r12, r24
    17b0:	d9 06       	cpc	r13, r25
    17b2:	70 f0       	brcs	.+28     	; 0x17d0 <__umoddi3+0xa64>
    17b4:	a2 16       	cp	r10, r18
    17b6:	b3 06       	cpc	r11, r19
    17b8:	c4 06       	cpc	r12, r20
    17ba:	d5 06       	cpc	r13, r21
    17bc:	48 f4       	brcc	.+18     	; 0x17d0 <__umoddi3+0xa64>
    17be:	08 94       	sec
    17c0:	61 08       	sbc	r6, r1
    17c2:	71 08       	sbc	r7, r1
    17c4:	81 08       	sbc	r8, r1
    17c6:	91 08       	sbc	r9, r1
    17c8:	a6 0e       	add	r10, r22
    17ca:	b7 1e       	adc	r11, r23
    17cc:	c8 1e       	adc	r12, r24
    17ce:	d9 1e       	adc	r13, r25
    17d0:	d6 01       	movw	r26, r12
    17d2:	c5 01       	movw	r24, r10
    17d4:	82 1b       	sub	r24, r18
    17d6:	93 0b       	sbc	r25, r19
    17d8:	a4 0b       	sbc	r26, r20
    17da:	b5 0b       	sbc	r27, r21
    17dc:	89 8f       	std	Y+25, r24	; 0x19
    17de:	9a 8f       	std	Y+26, r25	; 0x1a
    17e0:	ab 8f       	std	Y+27, r26	; 0x1b
    17e2:	bc 8f       	std	Y+28, r27	; 0x1c
    17e4:	d1 01       	movw	r26, r2
    17e6:	99 27       	eor	r25, r25
    17e8:	88 27       	eor	r24, r24
    17ea:	84 01       	movw	r16, r8
    17ec:	73 01       	movw	r14, r6
    17ee:	e8 2a       	or	r14, r24
    17f0:	f9 2a       	or	r15, r25
    17f2:	0a 2b       	or	r16, r26
    17f4:	1b 2b       	or	r17, r27
    17f6:	4f ef       	ldi	r20, 0xFF	; 255
    17f8:	a4 2e       	mov	r10, r20
    17fa:	4f ef       	ldi	r20, 0xFF	; 255
    17fc:	b4 2e       	mov	r11, r20
    17fe:	c1 2c       	mov	r12, r1
    1800:	d1 2c       	mov	r13, r1
    1802:	ae 20       	and	r10, r14
    1804:	bf 20       	and	r11, r15
    1806:	c0 22       	and	r12, r16
    1808:	d1 22       	and	r13, r17
    180a:	78 01       	movw	r14, r16
    180c:	00 27       	eor	r16, r16
    180e:	11 27       	eor	r17, r17
    1810:	6d a0       	ldd	r6, Y+37	; 0x25
    1812:	7e a0       	ldd	r7, Y+38	; 0x26
    1814:	8f a0       	ldd	r8, Y+39	; 0x27
    1816:	98 a4       	ldd	r9, Y+40	; 0x28
    1818:	4f ef       	ldi	r20, 0xFF	; 255
    181a:	5f ef       	ldi	r21, 0xFF	; 255
    181c:	60 e0       	ldi	r22, 0x00	; 0
    181e:	70 e0       	ldi	r23, 0x00	; 0
    1820:	64 22       	and	r6, r20
    1822:	75 22       	and	r7, r21
    1824:	86 22       	and	r8, r22
    1826:	97 22       	and	r9, r23
    1828:	8d a1       	ldd	r24, Y+37	; 0x25
    182a:	9e a1       	ldd	r25, Y+38	; 0x26
    182c:	af a1       	ldd	r26, Y+39	; 0x27
    182e:	b8 a5       	ldd	r27, Y+40	; 0x28
    1830:	bd 01       	movw	r22, r26
    1832:	88 27       	eor	r24, r24
    1834:	99 27       	eor	r25, r25
    1836:	65 96       	adiw	r28, 0x15	; 21
    1838:	6c af       	std	Y+60, r22	; 0x3c
    183a:	7d af       	std	Y+61, r23	; 0x3d
    183c:	8e af       	std	Y+62, r24	; 0x3e
    183e:	9f af       	std	Y+63, r25	; 0x3f
    1840:	65 97       	sbiw	r28, 0x15	; 21
    1842:	c6 01       	movw	r24, r12
    1844:	b5 01       	movw	r22, r10
    1846:	a4 01       	movw	r20, r8
    1848:	93 01       	movw	r18, r6
    184a:	0e 94 dd 10 	call	0x21ba	; 0x21ba <__mulsi3>
    184e:	61 96       	adiw	r28, 0x11	; 17
    1850:	6c af       	std	Y+60, r22	; 0x3c
    1852:	7d af       	std	Y+61, r23	; 0x3d
    1854:	8e af       	std	Y+62, r24	; 0x3e
    1856:	9f af       	std	Y+63, r25	; 0x3f
    1858:	61 97       	sbiw	r28, 0x11	; 17
    185a:	c6 01       	movw	r24, r12
    185c:	b5 01       	movw	r22, r10
    185e:	65 96       	adiw	r28, 0x15	; 21
    1860:	2c ad       	ldd	r18, Y+60	; 0x3c
    1862:	3d ad       	ldd	r19, Y+61	; 0x3d
    1864:	4e ad       	ldd	r20, Y+62	; 0x3e
    1866:	5f ad       	ldd	r21, Y+63	; 0x3f
    1868:	65 97       	sbiw	r28, 0x15	; 21
    186a:	0e 94 dd 10 	call	0x21ba	; 0x21ba <__mulsi3>
    186e:	1b 01       	movw	r2, r22
    1870:	2c 01       	movw	r4, r24
    1872:	c8 01       	movw	r24, r16
    1874:	b7 01       	movw	r22, r14
    1876:	a4 01       	movw	r20, r8
    1878:	93 01       	movw	r18, r6
    187a:	0e 94 dd 10 	call	0x21ba	; 0x21ba <__mulsi3>
    187e:	5b 01       	movw	r10, r22
    1880:	6c 01       	movw	r12, r24
    1882:	c8 01       	movw	r24, r16
    1884:	b7 01       	movw	r22, r14
    1886:	65 96       	adiw	r28, 0x15	; 21
    1888:	2c ad       	ldd	r18, Y+60	; 0x3c
    188a:	3d ad       	ldd	r19, Y+61	; 0x3d
    188c:	4e ad       	ldd	r20, Y+62	; 0x3e
    188e:	5f ad       	ldd	r21, Y+63	; 0x3f
    1890:	65 97       	sbiw	r28, 0x15	; 21
    1892:	0e 94 dd 10 	call	0x21ba	; 0x21ba <__mulsi3>
    1896:	7b 01       	movw	r14, r22
    1898:	8c 01       	movw	r16, r24
    189a:	a6 01       	movw	r20, r12
    189c:	95 01       	movw	r18, r10
    189e:	22 0d       	add	r18, r2
    18a0:	33 1d       	adc	r19, r3
    18a2:	44 1d       	adc	r20, r4
    18a4:	55 1d       	adc	r21, r5
    18a6:	61 96       	adiw	r28, 0x11	; 17
    18a8:	6c ac       	ldd	r6, Y+60	; 0x3c
    18aa:	7d ac       	ldd	r7, Y+61	; 0x3d
    18ac:	8e ac       	ldd	r8, Y+62	; 0x3e
    18ae:	9f ac       	ldd	r9, Y+63	; 0x3f
    18b0:	61 97       	sbiw	r28, 0x11	; 17
    18b2:	c4 01       	movw	r24, r8
    18b4:	aa 27       	eor	r26, r26
    18b6:	bb 27       	eor	r27, r27
    18b8:	28 0f       	add	r18, r24
    18ba:	39 1f       	adc	r19, r25
    18bc:	4a 1f       	adc	r20, r26
    18be:	5b 1f       	adc	r21, r27
    18c0:	2a 15       	cp	r18, r10
    18c2:	3b 05       	cpc	r19, r11
    18c4:	4c 05       	cpc	r20, r12
    18c6:	5d 05       	cpc	r21, r13
    18c8:	48 f4       	brcc	.+18     	; 0x18dc <__umoddi3+0xb70>
    18ca:	81 2c       	mov	r8, r1
    18cc:	91 2c       	mov	r9, r1
    18ce:	e1 e0       	ldi	r30, 0x01	; 1
    18d0:	ae 2e       	mov	r10, r30
    18d2:	b1 2c       	mov	r11, r1
    18d4:	e8 0c       	add	r14, r8
    18d6:	f9 1c       	adc	r15, r9
    18d8:	0a 1d       	adc	r16, r10
    18da:	1b 1d       	adc	r17, r11
    18dc:	ca 01       	movw	r24, r20
    18de:	aa 27       	eor	r26, r26
    18e0:	bb 27       	eor	r27, r27
    18e2:	57 01       	movw	r10, r14
    18e4:	68 01       	movw	r12, r16
    18e6:	a8 0e       	add	r10, r24
    18e8:	b9 1e       	adc	r11, r25
    18ea:	ca 1e       	adc	r12, r26
    18ec:	db 1e       	adc	r13, r27
    18ee:	a9 01       	movw	r20, r18
    18f0:	33 27       	eor	r19, r19
    18f2:	22 27       	eor	r18, r18
    18f4:	61 96       	adiw	r28, 0x11	; 17
    18f6:	8c ad       	ldd	r24, Y+60	; 0x3c
    18f8:	9d ad       	ldd	r25, Y+61	; 0x3d
    18fa:	ae ad       	ldd	r26, Y+62	; 0x3e
    18fc:	bf ad       	ldd	r27, Y+63	; 0x3f
    18fe:	61 97       	sbiw	r28, 0x11	; 17
    1900:	a0 70       	andi	r26, 0x00	; 0
    1902:	b0 70       	andi	r27, 0x00	; 0
    1904:	28 0f       	add	r18, r24
    1906:	39 1f       	adc	r19, r25
    1908:	4a 1f       	adc	r20, r26
    190a:	5b 1f       	adc	r21, r27
    190c:	e9 8c       	ldd	r14, Y+25	; 0x19
    190e:	fa 8c       	ldd	r15, Y+26	; 0x1a
    1910:	0b 8d       	ldd	r16, Y+27	; 0x1b
    1912:	1c 8d       	ldd	r17, Y+28	; 0x1c
    1914:	ea 14       	cp	r14, r10
    1916:	fb 04       	cpc	r15, r11
    1918:	0c 05       	cpc	r16, r12
    191a:	1d 05       	cpc	r17, r13
    191c:	70 f0       	brcs	.+28     	; 0x193a <__umoddi3+0xbce>
    191e:	ae 14       	cp	r10, r14
    1920:	bf 04       	cpc	r11, r15
    1922:	c0 06       	cpc	r12, r16
    1924:	d1 06       	cpc	r13, r17
    1926:	69 f5       	brne	.+90     	; 0x1982 <__umoddi3+0xc16>
    1928:	6d 8d       	ldd	r22, Y+29	; 0x1d
    192a:	7e 8d       	ldd	r23, Y+30	; 0x1e
    192c:	8f 8d       	ldd	r24, Y+31	; 0x1f
    192e:	98 a1       	ldd	r25, Y+32	; 0x20
    1930:	62 17       	cp	r22, r18
    1932:	73 07       	cpc	r23, r19
    1934:	84 07       	cpc	r24, r20
    1936:	95 07       	cpc	r25, r21
    1938:	20 f5       	brcc	.+72     	; 0x1982 <__umoddi3+0xc16>
    193a:	da 01       	movw	r26, r20
    193c:	c9 01       	movw	r24, r18
    193e:	6d a0       	ldd	r6, Y+37	; 0x25
    1940:	7e a0       	ldd	r7, Y+38	; 0x26
    1942:	8f a0       	ldd	r8, Y+39	; 0x27
    1944:	98 a4       	ldd	r9, Y+40	; 0x28
    1946:	86 19       	sub	r24, r6
    1948:	97 09       	sbc	r25, r7
    194a:	a8 09       	sbc	r26, r8
    194c:	b9 09       	sbc	r27, r9
    194e:	e9 a4       	ldd	r14, Y+41	; 0x29
    1950:	fa a4       	ldd	r15, Y+42	; 0x2a
    1952:	0b a5       	ldd	r16, Y+43	; 0x2b
    1954:	1c a5       	ldd	r17, Y+44	; 0x2c
    1956:	ae 18       	sub	r10, r14
    1958:	bf 08       	sbc	r11, r15
    195a:	c0 0a       	sbc	r12, r16
    195c:	d1 0a       	sbc	r13, r17
    195e:	ee 24       	eor	r14, r14
    1960:	ff 24       	eor	r15, r15
    1962:	87 01       	movw	r16, r14
    1964:	28 17       	cp	r18, r24
    1966:	39 07       	cpc	r19, r25
    1968:	4a 07       	cpc	r20, r26
    196a:	5b 07       	cpc	r21, r27
    196c:	28 f4       	brcc	.+10     	; 0x1978 <__umoddi3+0xc0c>
    196e:	21 e0       	ldi	r18, 0x01	; 1
    1970:	e2 2e       	mov	r14, r18
    1972:	f1 2c       	mov	r15, r1
    1974:	01 2d       	mov	r16, r1
    1976:	11 2d       	mov	r17, r1
    1978:	ae 18       	sub	r10, r14
    197a:	bf 08       	sbc	r11, r15
    197c:	c0 0a       	sbc	r12, r16
    197e:	d1 0a       	sbc	r13, r17
    1980:	02 c0       	rjmp	.+4      	; 0x1986 <__umoddi3+0xc1a>
    1982:	da 01       	movw	r26, r20
    1984:	c9 01       	movw	r24, r18
    1986:	6d 8c       	ldd	r6, Y+29	; 0x1d
    1988:	7e 8c       	ldd	r7, Y+30	; 0x1e
    198a:	8f 8c       	ldd	r8, Y+31	; 0x1f
    198c:	98 a0       	ldd	r9, Y+32	; 0x20
    198e:	68 1a       	sub	r6, r24
    1990:	79 0a       	sbc	r7, r25
    1992:	8a 0a       	sbc	r8, r26
    1994:	9b 0a       	sbc	r9, r27
    1996:	49 8d       	ldd	r20, Y+25	; 0x19
    1998:	5a 8d       	ldd	r21, Y+26	; 0x1a
    199a:	6b 8d       	ldd	r22, Y+27	; 0x1b
    199c:	7c 8d       	ldd	r23, Y+28	; 0x1c
    199e:	4a 19       	sub	r20, r10
    19a0:	5b 09       	sbc	r21, r11
    19a2:	6c 09       	sbc	r22, r12
    19a4:	7d 09       	sbc	r23, r13
    19a6:	5a 01       	movw	r10, r20
    19a8:	6b 01       	movw	r12, r22
    19aa:	22 24       	eor	r2, r2
    19ac:	33 24       	eor	r3, r3
    19ae:	21 01       	movw	r4, r2
    19b0:	6d 8d       	ldd	r22, Y+29	; 0x1d
    19b2:	7e 8d       	ldd	r23, Y+30	; 0x1e
    19b4:	8f 8d       	ldd	r24, Y+31	; 0x1f
    19b6:	98 a1       	ldd	r25, Y+32	; 0x20
    19b8:	66 15       	cp	r22, r6
    19ba:	77 05       	cpc	r23, r7
    19bc:	88 05       	cpc	r24, r8
    19be:	99 05       	cpc	r25, r9
    19c0:	28 f4       	brcc	.+10     	; 0x19cc <__umoddi3+0xc60>
    19c2:	81 e0       	ldi	r24, 0x01	; 1
    19c4:	28 2e       	mov	r2, r24
    19c6:	31 2c       	mov	r3, r1
    19c8:	41 2c       	mov	r4, r1
    19ca:	51 2c       	mov	r5, r1
    19cc:	86 01       	movw	r16, r12
    19ce:	75 01       	movw	r14, r10
    19d0:	e2 18       	sub	r14, r2
    19d2:	f3 08       	sbc	r15, r3
    19d4:	04 09       	sbc	r16, r4
    19d6:	15 09       	sbc	r17, r5
    19d8:	a8 01       	movw	r20, r16
    19da:	97 01       	movw	r18, r14
    19dc:	66 96       	adiw	r28, 0x16	; 22
    19de:	0f ac       	ldd	r0, Y+63	; 0x3f
    19e0:	66 97       	sbiw	r28, 0x16	; 22
    19e2:	04 c0       	rjmp	.+8      	; 0x19ec <__umoddi3+0xc80>
    19e4:	22 0f       	add	r18, r18
    19e6:	33 1f       	adc	r19, r19
    19e8:	44 1f       	adc	r20, r20
    19ea:	55 1f       	adc	r21, r21
    19ec:	0a 94       	dec	r0
    19ee:	d2 f7       	brpl	.-12     	; 0x19e4 <__umoddi3+0xc78>
    19f0:	d4 01       	movw	r26, r8
    19f2:	c3 01       	movw	r24, r6
    19f4:	67 96       	adiw	r28, 0x17	; 23
    19f6:	0f ac       	ldd	r0, Y+63	; 0x3f
    19f8:	67 97       	sbiw	r28, 0x17	; 23
    19fa:	04 c0       	rjmp	.+8      	; 0x1a04 <__umoddi3+0xc98>
    19fc:	b6 95       	lsr	r27
    19fe:	a7 95       	ror	r26
    1a00:	97 95       	ror	r25
    1a02:	87 95       	ror	r24
    1a04:	0a 94       	dec	r0
    1a06:	d2 f7       	brpl	.-12     	; 0x19fc <__umoddi3+0xc90>
    1a08:	28 2b       	or	r18, r24
    1a0a:	39 2b       	or	r19, r25
    1a0c:	4a 2b       	or	r20, r26
    1a0e:	5b 2b       	or	r21, r27
    1a10:	29 8b       	std	Y+17, r18	; 0x11
    1a12:	3a 8b       	std	Y+18, r19	; 0x12
    1a14:	4b 8b       	std	Y+19, r20	; 0x13
    1a16:	5c 8b       	std	Y+20, r21	; 0x14
    1a18:	67 96       	adiw	r28, 0x17	; 23
    1a1a:	0f ac       	ldd	r0, Y+63	; 0x3f
    1a1c:	67 97       	sbiw	r28, 0x17	; 23
    1a1e:	04 c0       	rjmp	.+8      	; 0x1a28 <__umoddi3+0xcbc>
    1a20:	16 95       	lsr	r17
    1a22:	07 95       	ror	r16
    1a24:	f7 94       	ror	r15
    1a26:	e7 94       	ror	r14
    1a28:	0a 94       	dec	r0
    1a2a:	d2 f7       	brpl	.-12     	; 0x1a20 <__umoddi3+0xcb4>
    1a2c:	ed 8a       	std	Y+21, r14	; 0x15
    1a2e:	fe 8a       	std	Y+22, r15	; 0x16
    1a30:	0f 8b       	std	Y+23, r16	; 0x17
    1a32:	18 8f       	std	Y+24, r17	; 0x18
    1a34:	3a 89       	ldd	r19, Y+18	; 0x12
    1a36:	4b 89       	ldd	r20, Y+19	; 0x13
    1a38:	5c 89       	ldd	r21, Y+20	; 0x14
    1a3a:	6e 2d       	mov	r22, r14
    1a3c:	7e 89       	ldd	r23, Y+22	; 0x16
    1a3e:	8f 89       	ldd	r24, Y+23	; 0x17
    1a40:	98 8d       	ldd	r25, Y+24	; 0x18
    1a42:	c5 5a       	subi	r28, 0xA5	; 165
    1a44:	df 4f       	sbci	r29, 0xFF	; 255
    1a46:	e2 e1       	ldi	r30, 0x12	; 18
    1a48:	0c 94 3a 11 	jmp	0x2274	; 0x2274 <__epilogue_restores__>

00001a4c <DIO_voidInitialization>:

/***********************/
/*    INTIALIZATION    */
/***********************/
void DIO_voidInitialization(void){
	    DDRA_REG = DIO_PORTA_DIRECTIONS;
    1a4c:	8f ef       	ldi	r24, 0xFF	; 255
    1a4e:	8a bb       	out	0x1a, r24	; 26
		DDRB_REG = DIO_PORTB_DIRECTIONS;
    1a50:	87 bb       	out	0x17, r24	; 23
		DDRC_REG = DIO_PORTC_DIRECTIONS;
    1a52:	8f e0       	ldi	r24, 0x0F	; 15
    1a54:	84 bb       	out	0x14, r24	; 20
		DDRD_REG = DIO_PORTD_DIRECTIONS;
    1a56:	11 ba       	out	0x11, r1	; 17
}
    1a58:	08 95       	ret

00001a5a <DIO_voidSetPinDirection>:
/* INPUT | OUTPUT MODE */
/***********************/

void DIO_voidSetPinDirection(u8 PORTID, u8 PINID, u8 DIRECTION){

	if((PORTID < NUMBER_OF_PORTS) && (PINID < NUMBER_OF_PINS)){
    1a5a:	84 30       	cpi	r24, 0x04	; 4
    1a5c:	08 f0       	brcs	.+2      	; 0x1a60 <DIO_voidSetPinDirection+0x6>
    1a5e:	75 c0       	rjmp	.+234    	; 0x1b4a <DIO_voidSetPinDirection+0xf0>
    1a60:	68 30       	cpi	r22, 0x08	; 8
    1a62:	08 f0       	brcs	.+2      	; 0x1a66 <DIO_voidSetPinDirection+0xc>
    1a64:	72 c0       	rjmp	.+228    	; 0x1b4a <DIO_voidSetPinDirection+0xf0>
		if(DIRECTION == OUTPUT){
    1a66:	41 30       	cpi	r20, 0x01	; 1
    1a68:	b1 f5       	brne	.+108    	; 0x1ad6 <DIO_voidSetPinDirection+0x7c>
			switch(PORTID){
    1a6a:	81 30       	cpi	r24, 0x01	; 1
    1a6c:	99 f0       	breq	.+38     	; 0x1a94 <DIO_voidSetPinDirection+0x3a>
    1a6e:	81 30       	cpi	r24, 0x01	; 1
    1a70:	30 f0       	brcs	.+12     	; 0x1a7e <DIO_voidSetPinDirection+0x24>
    1a72:	82 30       	cpi	r24, 0x02	; 2
    1a74:	d1 f0       	breq	.+52     	; 0x1aaa <DIO_voidSetPinDirection+0x50>
    1a76:	83 30       	cpi	r24, 0x03	; 3
    1a78:	09 f0       	breq	.+2      	; 0x1a7c <DIO_voidSetPinDirection+0x22>
    1a7a:	67 c0       	rjmp	.+206    	; 0x1b4a <DIO_voidSetPinDirection+0xf0>
    1a7c:	21 c0       	rjmp	.+66     	; 0x1ac0 <DIO_voidSetPinDirection+0x66>
				case PORTA: SET_BIT(DDRA_REG, PINID); break;
    1a7e:	2a b3       	in	r18, 0x1a	; 26
    1a80:	81 e0       	ldi	r24, 0x01	; 1
    1a82:	90 e0       	ldi	r25, 0x00	; 0
    1a84:	02 c0       	rjmp	.+4      	; 0x1a8a <DIO_voidSetPinDirection+0x30>
    1a86:	88 0f       	add	r24, r24
    1a88:	99 1f       	adc	r25, r25
    1a8a:	6a 95       	dec	r22
    1a8c:	e2 f7       	brpl	.-8      	; 0x1a86 <DIO_voidSetPinDirection+0x2c>
    1a8e:	28 2b       	or	r18, r24
    1a90:	2a bb       	out	0x1a, r18	; 26
    1a92:	08 95       	ret
				case PORTB: SET_BIT(DDRB_REG, PINID); break;
    1a94:	27 b3       	in	r18, 0x17	; 23
    1a96:	81 e0       	ldi	r24, 0x01	; 1
    1a98:	90 e0       	ldi	r25, 0x00	; 0
    1a9a:	02 c0       	rjmp	.+4      	; 0x1aa0 <DIO_voidSetPinDirection+0x46>
    1a9c:	88 0f       	add	r24, r24
    1a9e:	99 1f       	adc	r25, r25
    1aa0:	6a 95       	dec	r22
    1aa2:	e2 f7       	brpl	.-8      	; 0x1a9c <DIO_voidSetPinDirection+0x42>
    1aa4:	28 2b       	or	r18, r24
    1aa6:	27 bb       	out	0x17, r18	; 23
    1aa8:	08 95       	ret
				case PORTC: SET_BIT(DDRC_REG, PINID); break;
    1aaa:	24 b3       	in	r18, 0x14	; 20
    1aac:	81 e0       	ldi	r24, 0x01	; 1
    1aae:	90 e0       	ldi	r25, 0x00	; 0
    1ab0:	02 c0       	rjmp	.+4      	; 0x1ab6 <DIO_voidSetPinDirection+0x5c>
    1ab2:	88 0f       	add	r24, r24
    1ab4:	99 1f       	adc	r25, r25
    1ab6:	6a 95       	dec	r22
    1ab8:	e2 f7       	brpl	.-8      	; 0x1ab2 <DIO_voidSetPinDirection+0x58>
    1aba:	28 2b       	or	r18, r24
    1abc:	24 bb       	out	0x14, r18	; 20
    1abe:	08 95       	ret
				case PORTD: SET_BIT(DDRD_REG, PINID); break;
    1ac0:	21 b3       	in	r18, 0x11	; 17
    1ac2:	81 e0       	ldi	r24, 0x01	; 1
    1ac4:	90 e0       	ldi	r25, 0x00	; 0
    1ac6:	02 c0       	rjmp	.+4      	; 0x1acc <DIO_voidSetPinDirection+0x72>
    1ac8:	88 0f       	add	r24, r24
    1aca:	99 1f       	adc	r25, r25
    1acc:	6a 95       	dec	r22
    1ace:	e2 f7       	brpl	.-8      	; 0x1ac8 <DIO_voidSetPinDirection+0x6e>
    1ad0:	28 2b       	or	r18, r24
    1ad2:	21 bb       	out	0x11, r18	; 17
    1ad4:	08 95       	ret
			}
		}
		else if(DIRECTION == INPUT){
    1ad6:	44 23       	and	r20, r20
    1ad8:	c1 f5       	brne	.+112    	; 0x1b4a <DIO_voidSetPinDirection+0xf0>
			switch(PORTID){
    1ada:	81 30       	cpi	r24, 0x01	; 1
    1adc:	99 f0       	breq	.+38     	; 0x1b04 <DIO_voidSetPinDirection+0xaa>
    1ade:	81 30       	cpi	r24, 0x01	; 1
    1ae0:	28 f0       	brcs	.+10     	; 0x1aec <DIO_voidSetPinDirection+0x92>
    1ae2:	82 30       	cpi	r24, 0x02	; 2
    1ae4:	d9 f0       	breq	.+54     	; 0x1b1c <DIO_voidSetPinDirection+0xc2>
    1ae6:	83 30       	cpi	r24, 0x03	; 3
    1ae8:	81 f5       	brne	.+96     	; 0x1b4a <DIO_voidSetPinDirection+0xf0>
    1aea:	24 c0       	rjmp	.+72     	; 0x1b34 <DIO_voidSetPinDirection+0xda>
				case PORTA: CLR_BIT(DDRA_REG, PINID); break;
    1aec:	2a b3       	in	r18, 0x1a	; 26
    1aee:	81 e0       	ldi	r24, 0x01	; 1
    1af0:	90 e0       	ldi	r25, 0x00	; 0
    1af2:	02 c0       	rjmp	.+4      	; 0x1af8 <DIO_voidSetPinDirection+0x9e>
    1af4:	88 0f       	add	r24, r24
    1af6:	99 1f       	adc	r25, r25
    1af8:	6a 95       	dec	r22
    1afa:	e2 f7       	brpl	.-8      	; 0x1af4 <DIO_voidSetPinDirection+0x9a>
    1afc:	80 95       	com	r24
    1afe:	82 23       	and	r24, r18
    1b00:	8a bb       	out	0x1a, r24	; 26
    1b02:	08 95       	ret
				case PORTB: CLR_BIT(DDRB_REG, PINID); break;
    1b04:	27 b3       	in	r18, 0x17	; 23
    1b06:	81 e0       	ldi	r24, 0x01	; 1
    1b08:	90 e0       	ldi	r25, 0x00	; 0
    1b0a:	02 c0       	rjmp	.+4      	; 0x1b10 <DIO_voidSetPinDirection+0xb6>
    1b0c:	88 0f       	add	r24, r24
    1b0e:	99 1f       	adc	r25, r25
    1b10:	6a 95       	dec	r22
    1b12:	e2 f7       	brpl	.-8      	; 0x1b0c <DIO_voidSetPinDirection+0xb2>
    1b14:	80 95       	com	r24
    1b16:	82 23       	and	r24, r18
    1b18:	87 bb       	out	0x17, r24	; 23
    1b1a:	08 95       	ret
				case PORTC: CLR_BIT(DDRC_REG, PINID); break;
    1b1c:	24 b3       	in	r18, 0x14	; 20
    1b1e:	81 e0       	ldi	r24, 0x01	; 1
    1b20:	90 e0       	ldi	r25, 0x00	; 0
    1b22:	02 c0       	rjmp	.+4      	; 0x1b28 <DIO_voidSetPinDirection+0xce>
    1b24:	88 0f       	add	r24, r24
    1b26:	99 1f       	adc	r25, r25
    1b28:	6a 95       	dec	r22
    1b2a:	e2 f7       	brpl	.-8      	; 0x1b24 <DIO_voidSetPinDirection+0xca>
    1b2c:	80 95       	com	r24
    1b2e:	82 23       	and	r24, r18
    1b30:	84 bb       	out	0x14, r24	; 20
    1b32:	08 95       	ret
				case PORTD: CLR_BIT(DDRD_REG, PINID); break;
    1b34:	21 b3       	in	r18, 0x11	; 17
    1b36:	81 e0       	ldi	r24, 0x01	; 1
    1b38:	90 e0       	ldi	r25, 0x00	; 0
    1b3a:	02 c0       	rjmp	.+4      	; 0x1b40 <DIO_voidSetPinDirection+0xe6>
    1b3c:	88 0f       	add	r24, r24
    1b3e:	99 1f       	adc	r25, r25
    1b40:	6a 95       	dec	r22
    1b42:	e2 f7       	brpl	.-8      	; 0x1b3c <DIO_voidSetPinDirection+0xe2>
    1b44:	80 95       	com	r24
    1b46:	82 23       	and	r24, r18
    1b48:	81 bb       	out	0x11, r24	; 17
    1b4a:	08 95       	ret

00001b4c <DIO_voidSetPortDirection>:
	}
	else{ /* NO CODE */}
}

void DIO_voidSetPortDirection(u8 PORTID, u8 DIRECTION){
	if(PORTID < NUMBER_OF_PORTS){
    1b4c:	84 30       	cpi	r24, 0x04	; 4
    1b4e:	80 f4       	brcc	.+32     	; 0x1b70 <DIO_voidSetPortDirection+0x24>
				switch(PORTID){
    1b50:	81 30       	cpi	r24, 0x01	; 1
    1b52:	49 f0       	breq	.+18     	; 0x1b66 <DIO_voidSetPortDirection+0x1a>
    1b54:	81 30       	cpi	r24, 0x01	; 1
    1b56:	28 f0       	brcs	.+10     	; 0x1b62 <DIO_voidSetPortDirection+0x16>
    1b58:	82 30       	cpi	r24, 0x02	; 2
    1b5a:	39 f0       	breq	.+14     	; 0x1b6a <DIO_voidSetPortDirection+0x1e>
    1b5c:	83 30       	cpi	r24, 0x03	; 3
    1b5e:	41 f4       	brne	.+16     	; 0x1b70 <DIO_voidSetPortDirection+0x24>
    1b60:	06 c0       	rjmp	.+12     	; 0x1b6e <DIO_voidSetPortDirection+0x22>
					case PORTA: DDRA_REG = DIRECTION; break;
    1b62:	6a bb       	out	0x1a, r22	; 26
    1b64:	08 95       	ret
					case PORTB: DDRB_REG = DIRECTION; break;
    1b66:	67 bb       	out	0x17, r22	; 23
    1b68:	08 95       	ret
					case PORTC: DDRC_REG = DIRECTION; break;
    1b6a:	64 bb       	out	0x14, r22	; 20
    1b6c:	08 95       	ret
					case PORTD: DDRD_REG = DIRECTION; break;
    1b6e:	61 bb       	out	0x11, r22	; 17
    1b70:	08 95       	ret

00001b72 <DIO_voidSetPinValue>:
/***********************/
/*     OUTPUT MODE     */
/***********************/

void DIO_voidSetPinValue(u8 PORTID, u8 PINID, u8 VALUE){
	if((PORTID < NUMBER_OF_PORTS) && (PINID < NUMBER_OF_PINS)){
    1b72:	84 30       	cpi	r24, 0x04	; 4
    1b74:	08 f0       	brcs	.+2      	; 0x1b78 <DIO_voidSetPinValue+0x6>
    1b76:	75 c0       	rjmp	.+234    	; 0x1c62 <DIO_voidSetPinValue+0xf0>
    1b78:	68 30       	cpi	r22, 0x08	; 8
    1b7a:	08 f0       	brcs	.+2      	; 0x1b7e <DIO_voidSetPinValue+0xc>
    1b7c:	72 c0       	rjmp	.+228    	; 0x1c62 <DIO_voidSetPinValue+0xf0>
			if(VALUE == HIGH){
    1b7e:	41 30       	cpi	r20, 0x01	; 1
    1b80:	b1 f5       	brne	.+108    	; 0x1bee <DIO_voidSetPinValue+0x7c>
				switch(PORTID){
    1b82:	81 30       	cpi	r24, 0x01	; 1
    1b84:	99 f0       	breq	.+38     	; 0x1bac <DIO_voidSetPinValue+0x3a>
    1b86:	81 30       	cpi	r24, 0x01	; 1
    1b88:	30 f0       	brcs	.+12     	; 0x1b96 <DIO_voidSetPinValue+0x24>
    1b8a:	82 30       	cpi	r24, 0x02	; 2
    1b8c:	d1 f0       	breq	.+52     	; 0x1bc2 <DIO_voidSetPinValue+0x50>
    1b8e:	83 30       	cpi	r24, 0x03	; 3
    1b90:	09 f0       	breq	.+2      	; 0x1b94 <DIO_voidSetPinValue+0x22>
    1b92:	67 c0       	rjmp	.+206    	; 0x1c62 <DIO_voidSetPinValue+0xf0>
    1b94:	21 c0       	rjmp	.+66     	; 0x1bd8 <DIO_voidSetPinValue+0x66>
					case PORTA: SET_BIT(PORTA_REG, PINID); break;
    1b96:	2b b3       	in	r18, 0x1b	; 27
    1b98:	81 e0       	ldi	r24, 0x01	; 1
    1b9a:	90 e0       	ldi	r25, 0x00	; 0
    1b9c:	02 c0       	rjmp	.+4      	; 0x1ba2 <DIO_voidSetPinValue+0x30>
    1b9e:	88 0f       	add	r24, r24
    1ba0:	99 1f       	adc	r25, r25
    1ba2:	6a 95       	dec	r22
    1ba4:	e2 f7       	brpl	.-8      	; 0x1b9e <DIO_voidSetPinValue+0x2c>
    1ba6:	28 2b       	or	r18, r24
    1ba8:	2b bb       	out	0x1b, r18	; 27
    1baa:	08 95       	ret
					case PORTB: SET_BIT(PORTB_REG, PINID); break;
    1bac:	28 b3       	in	r18, 0x18	; 24
    1bae:	81 e0       	ldi	r24, 0x01	; 1
    1bb0:	90 e0       	ldi	r25, 0x00	; 0
    1bb2:	02 c0       	rjmp	.+4      	; 0x1bb8 <DIO_voidSetPinValue+0x46>
    1bb4:	88 0f       	add	r24, r24
    1bb6:	99 1f       	adc	r25, r25
    1bb8:	6a 95       	dec	r22
    1bba:	e2 f7       	brpl	.-8      	; 0x1bb4 <DIO_voidSetPinValue+0x42>
    1bbc:	28 2b       	or	r18, r24
    1bbe:	28 bb       	out	0x18, r18	; 24
    1bc0:	08 95       	ret
					case PORTC: SET_BIT(PORTC_REG, PINID); break;
    1bc2:	25 b3       	in	r18, 0x15	; 21
    1bc4:	81 e0       	ldi	r24, 0x01	; 1
    1bc6:	90 e0       	ldi	r25, 0x00	; 0
    1bc8:	02 c0       	rjmp	.+4      	; 0x1bce <DIO_voidSetPinValue+0x5c>
    1bca:	88 0f       	add	r24, r24
    1bcc:	99 1f       	adc	r25, r25
    1bce:	6a 95       	dec	r22
    1bd0:	e2 f7       	brpl	.-8      	; 0x1bca <DIO_voidSetPinValue+0x58>
    1bd2:	28 2b       	or	r18, r24
    1bd4:	25 bb       	out	0x15, r18	; 21
    1bd6:	08 95       	ret
					case PORTD: SET_BIT(PORTD_REG, PINID); break;
    1bd8:	22 b3       	in	r18, 0x12	; 18
    1bda:	81 e0       	ldi	r24, 0x01	; 1
    1bdc:	90 e0       	ldi	r25, 0x00	; 0
    1bde:	02 c0       	rjmp	.+4      	; 0x1be4 <DIO_voidSetPinValue+0x72>
    1be0:	88 0f       	add	r24, r24
    1be2:	99 1f       	adc	r25, r25
    1be4:	6a 95       	dec	r22
    1be6:	e2 f7       	brpl	.-8      	; 0x1be0 <DIO_voidSetPinValue+0x6e>
    1be8:	28 2b       	or	r18, r24
    1bea:	22 bb       	out	0x12, r18	; 18
    1bec:	08 95       	ret
				}
			}
			else if(VALUE == LOW){
    1bee:	44 23       	and	r20, r20
    1bf0:	c1 f5       	brne	.+112    	; 0x1c62 <DIO_voidSetPinValue+0xf0>
				switch(PORTID){
    1bf2:	81 30       	cpi	r24, 0x01	; 1
    1bf4:	99 f0       	breq	.+38     	; 0x1c1c <DIO_voidSetPinValue+0xaa>
    1bf6:	81 30       	cpi	r24, 0x01	; 1
    1bf8:	28 f0       	brcs	.+10     	; 0x1c04 <DIO_voidSetPinValue+0x92>
    1bfa:	82 30       	cpi	r24, 0x02	; 2
    1bfc:	d9 f0       	breq	.+54     	; 0x1c34 <DIO_voidSetPinValue+0xc2>
    1bfe:	83 30       	cpi	r24, 0x03	; 3
    1c00:	81 f5       	brne	.+96     	; 0x1c62 <DIO_voidSetPinValue+0xf0>
    1c02:	24 c0       	rjmp	.+72     	; 0x1c4c <DIO_voidSetPinValue+0xda>
					case PORTA: CLR_BIT(PORTA_REG, PINID); break;
    1c04:	2b b3       	in	r18, 0x1b	; 27
    1c06:	81 e0       	ldi	r24, 0x01	; 1
    1c08:	90 e0       	ldi	r25, 0x00	; 0
    1c0a:	02 c0       	rjmp	.+4      	; 0x1c10 <DIO_voidSetPinValue+0x9e>
    1c0c:	88 0f       	add	r24, r24
    1c0e:	99 1f       	adc	r25, r25
    1c10:	6a 95       	dec	r22
    1c12:	e2 f7       	brpl	.-8      	; 0x1c0c <DIO_voidSetPinValue+0x9a>
    1c14:	80 95       	com	r24
    1c16:	82 23       	and	r24, r18
    1c18:	8b bb       	out	0x1b, r24	; 27
    1c1a:	08 95       	ret
					case PORTB: CLR_BIT(PORTB_REG, PINID); break;
    1c1c:	28 b3       	in	r18, 0x18	; 24
    1c1e:	81 e0       	ldi	r24, 0x01	; 1
    1c20:	90 e0       	ldi	r25, 0x00	; 0
    1c22:	02 c0       	rjmp	.+4      	; 0x1c28 <DIO_voidSetPinValue+0xb6>
    1c24:	88 0f       	add	r24, r24
    1c26:	99 1f       	adc	r25, r25
    1c28:	6a 95       	dec	r22
    1c2a:	e2 f7       	brpl	.-8      	; 0x1c24 <DIO_voidSetPinValue+0xb2>
    1c2c:	80 95       	com	r24
    1c2e:	82 23       	and	r24, r18
    1c30:	88 bb       	out	0x18, r24	; 24
    1c32:	08 95       	ret
					case PORTC: CLR_BIT(PORTC_REG, PINID); break;
    1c34:	25 b3       	in	r18, 0x15	; 21
    1c36:	81 e0       	ldi	r24, 0x01	; 1
    1c38:	90 e0       	ldi	r25, 0x00	; 0
    1c3a:	02 c0       	rjmp	.+4      	; 0x1c40 <DIO_voidSetPinValue+0xce>
    1c3c:	88 0f       	add	r24, r24
    1c3e:	99 1f       	adc	r25, r25
    1c40:	6a 95       	dec	r22
    1c42:	e2 f7       	brpl	.-8      	; 0x1c3c <DIO_voidSetPinValue+0xca>
    1c44:	80 95       	com	r24
    1c46:	82 23       	and	r24, r18
    1c48:	85 bb       	out	0x15, r24	; 21
    1c4a:	08 95       	ret
					case PORTD: CLR_BIT(PORTD_REG, PINID); break;
    1c4c:	22 b3       	in	r18, 0x12	; 18
    1c4e:	81 e0       	ldi	r24, 0x01	; 1
    1c50:	90 e0       	ldi	r25, 0x00	; 0
    1c52:	02 c0       	rjmp	.+4      	; 0x1c58 <DIO_voidSetPinValue+0xe6>
    1c54:	88 0f       	add	r24, r24
    1c56:	99 1f       	adc	r25, r25
    1c58:	6a 95       	dec	r22
    1c5a:	e2 f7       	brpl	.-8      	; 0x1c54 <DIO_voidSetPinValue+0xe2>
    1c5c:	80 95       	com	r24
    1c5e:	82 23       	and	r24, r18
    1c60:	82 bb       	out	0x12, r24	; 18
    1c62:	08 95       	ret

00001c64 <DIO_voidTogglePin>:
		}
	else{ /* NO CODE */}
	}

void DIO_voidTogglePin(u8 PORTID, u8 PINID){
	if((PORTID < NUMBER_OF_PORTS) && (PINID < NUMBER_OF_PINS)){
    1c64:	84 30       	cpi	r24, 0x04	; 4
    1c66:	b0 f5       	brcc	.+108    	; 0x1cd4 <DIO_voidTogglePin+0x70>
    1c68:	68 30       	cpi	r22, 0x08	; 8
    1c6a:	a0 f5       	brcc	.+104    	; 0x1cd4 <DIO_voidTogglePin+0x70>
			switch(PORTID){
    1c6c:	81 30       	cpi	r24, 0x01	; 1
    1c6e:	91 f0       	breq	.+36     	; 0x1c94 <DIO_voidTogglePin+0x30>
    1c70:	81 30       	cpi	r24, 0x01	; 1
    1c72:	28 f0       	brcs	.+10     	; 0x1c7e <DIO_voidTogglePin+0x1a>
    1c74:	82 30       	cpi	r24, 0x02	; 2
    1c76:	c9 f0       	breq	.+50     	; 0x1caa <DIO_voidTogglePin+0x46>
    1c78:	83 30       	cpi	r24, 0x03	; 3
    1c7a:	61 f5       	brne	.+88     	; 0x1cd4 <DIO_voidTogglePin+0x70>
    1c7c:	21 c0       	rjmp	.+66     	; 0x1cc0 <DIO_voidTogglePin+0x5c>
				case PORTA: TOG_BIT(PORTA_REG, PINID); break;
    1c7e:	2b b3       	in	r18, 0x1b	; 27
    1c80:	81 e0       	ldi	r24, 0x01	; 1
    1c82:	90 e0       	ldi	r25, 0x00	; 0
    1c84:	02 c0       	rjmp	.+4      	; 0x1c8a <DIO_voidTogglePin+0x26>
    1c86:	88 0f       	add	r24, r24
    1c88:	99 1f       	adc	r25, r25
    1c8a:	6a 95       	dec	r22
    1c8c:	e2 f7       	brpl	.-8      	; 0x1c86 <DIO_voidTogglePin+0x22>
    1c8e:	28 27       	eor	r18, r24
    1c90:	2b bb       	out	0x1b, r18	; 27
    1c92:	08 95       	ret
				case PORTB: TOG_BIT(PORTB_REG, PINID); break;
    1c94:	28 b3       	in	r18, 0x18	; 24
    1c96:	81 e0       	ldi	r24, 0x01	; 1
    1c98:	90 e0       	ldi	r25, 0x00	; 0
    1c9a:	02 c0       	rjmp	.+4      	; 0x1ca0 <DIO_voidTogglePin+0x3c>
    1c9c:	88 0f       	add	r24, r24
    1c9e:	99 1f       	adc	r25, r25
    1ca0:	6a 95       	dec	r22
    1ca2:	e2 f7       	brpl	.-8      	; 0x1c9c <DIO_voidTogglePin+0x38>
    1ca4:	28 27       	eor	r18, r24
    1ca6:	28 bb       	out	0x18, r18	; 24
    1ca8:	08 95       	ret
				case PORTC: TOG_BIT(PORTC_REG, PINID); break;
    1caa:	25 b3       	in	r18, 0x15	; 21
    1cac:	81 e0       	ldi	r24, 0x01	; 1
    1cae:	90 e0       	ldi	r25, 0x00	; 0
    1cb0:	02 c0       	rjmp	.+4      	; 0x1cb6 <DIO_voidTogglePin+0x52>
    1cb2:	88 0f       	add	r24, r24
    1cb4:	99 1f       	adc	r25, r25
    1cb6:	6a 95       	dec	r22
    1cb8:	e2 f7       	brpl	.-8      	; 0x1cb2 <DIO_voidTogglePin+0x4e>
    1cba:	28 27       	eor	r18, r24
    1cbc:	25 bb       	out	0x15, r18	; 21
    1cbe:	08 95       	ret
				case PORTD: TOG_BIT(PORTD_REG, PINID); break;
    1cc0:	22 b3       	in	r18, 0x12	; 18
    1cc2:	81 e0       	ldi	r24, 0x01	; 1
    1cc4:	90 e0       	ldi	r25, 0x00	; 0
    1cc6:	02 c0       	rjmp	.+4      	; 0x1ccc <DIO_voidTogglePin+0x68>
    1cc8:	88 0f       	add	r24, r24
    1cca:	99 1f       	adc	r25, r25
    1ccc:	6a 95       	dec	r22
    1cce:	e2 f7       	brpl	.-8      	; 0x1cc8 <DIO_voidTogglePin+0x64>
    1cd0:	28 27       	eor	r18, r24
    1cd2:	22 bb       	out	0x12, r18	; 18
    1cd4:	08 95       	ret

00001cd6 <DIO_voidSetPortValue>:
	}
	else{ /* NO CODE */}
}

void DIO_voidSetPortValue(u8 PORTID, u8 VALUE){
	if(PORTID < NUMBER_OF_PORTS){
    1cd6:	84 30       	cpi	r24, 0x04	; 4
    1cd8:	80 f4       	brcc	.+32     	; 0x1cfa <DIO_voidSetPortValue+0x24>
				switch(PORTID){
    1cda:	81 30       	cpi	r24, 0x01	; 1
    1cdc:	49 f0       	breq	.+18     	; 0x1cf0 <DIO_voidSetPortValue+0x1a>
    1cde:	81 30       	cpi	r24, 0x01	; 1
    1ce0:	28 f0       	brcs	.+10     	; 0x1cec <DIO_voidSetPortValue+0x16>
    1ce2:	82 30       	cpi	r24, 0x02	; 2
    1ce4:	39 f0       	breq	.+14     	; 0x1cf4 <DIO_voidSetPortValue+0x1e>
    1ce6:	83 30       	cpi	r24, 0x03	; 3
    1ce8:	41 f4       	brne	.+16     	; 0x1cfa <DIO_voidSetPortValue+0x24>
    1cea:	06 c0       	rjmp	.+12     	; 0x1cf8 <DIO_voidSetPortValue+0x22>
					case PORTA: PORTA_REG = VALUE; break;
    1cec:	6b bb       	out	0x1b, r22	; 27
    1cee:	08 95       	ret
					case PORTB: PORTB_REG = VALUE; break;
    1cf0:	68 bb       	out	0x18, r22	; 24
    1cf2:	08 95       	ret
					case PORTC: PORTC_REG = VALUE; break;
    1cf4:	65 bb       	out	0x15, r22	; 21
    1cf6:	08 95       	ret
					case PORTD: PORTD_REG = VALUE; break;
    1cf8:	62 bb       	out	0x12, r22	; 18
    1cfa:	08 95       	ret

00001cfc <DIO_u8GetPinValue>:
/*     INPUT MODE     */
/***********************/

u8 DIO_u8GetPinValue(u8 PORTID, u8 PINID){
	u8 Local_u8PinValue = 0;
	if((PORTID < NUMBER_OF_PORTS) && (PINID < NUMBER_OF_PINS)){
    1cfc:	84 30       	cpi	r24, 0x04	; 4
    1cfe:	d0 f4       	brcc	.+52     	; 0x1d34 <DIO_u8GetPinValue+0x38>
    1d00:	68 30       	cpi	r22, 0x08	; 8
    1d02:	c0 f4       	brcc	.+48     	; 0x1d34 <DIO_u8GetPinValue+0x38>
		switch(PORTID){
    1d04:	81 30       	cpi	r24, 0x01	; 1
    1d06:	49 f0       	breq	.+18     	; 0x1d1a <DIO_u8GetPinValue+0x1e>
    1d08:	81 30       	cpi	r24, 0x01	; 1
    1d0a:	28 f0       	brcs	.+10     	; 0x1d16 <DIO_u8GetPinValue+0x1a>
    1d0c:	82 30       	cpi	r24, 0x02	; 2
    1d0e:	39 f0       	breq	.+14     	; 0x1d1e <DIO_u8GetPinValue+0x22>
    1d10:	83 30       	cpi	r24, 0x03	; 3
    1d12:	81 f4       	brne	.+32     	; 0x1d34 <DIO_u8GetPinValue+0x38>
    1d14:	06 c0       	rjmp	.+12     	; 0x1d22 <DIO_u8GetPinValue+0x26>
			case PORTA: Local_u8PinValue = GET_BIT(PINA_REG, PINID); break;
    1d16:	89 b3       	in	r24, 0x19	; 25
    1d18:	05 c0       	rjmp	.+10     	; 0x1d24 <DIO_u8GetPinValue+0x28>
			case PORTB: Local_u8PinValue = GET_BIT(PINB_REG, PINID); break;
    1d1a:	86 b3       	in	r24, 0x16	; 22
    1d1c:	03 c0       	rjmp	.+6      	; 0x1d24 <DIO_u8GetPinValue+0x28>
			case PORTC: Local_u8PinValue = GET_BIT(PINC_REG, PINID); break;
    1d1e:	83 b3       	in	r24, 0x13	; 19
    1d20:	01 c0       	rjmp	.+2      	; 0x1d24 <DIO_u8GetPinValue+0x28>
			case PORTD: Local_u8PinValue = GET_BIT(PIND_REG, PINID); break;
    1d22:	80 b3       	in	r24, 0x10	; 16
    1d24:	90 e0       	ldi	r25, 0x00	; 0
    1d26:	02 c0       	rjmp	.+4      	; 0x1d2c <DIO_u8GetPinValue+0x30>
    1d28:	95 95       	asr	r25
    1d2a:	87 95       	ror	r24
    1d2c:	6a 95       	dec	r22
    1d2e:	e2 f7       	brpl	.-8      	; 0x1d28 <DIO_u8GetPinValue+0x2c>
    1d30:	81 70       	andi	r24, 0x01	; 1
    1d32:	08 95       	ret
    1d34:	80 e0       	ldi	r24, 0x00	; 0
		}
	}
	else{ /* NO CODE */}

	return Local_u8PinValue;
}
    1d36:	08 95       	ret

00001d38 <LED_voidToggle>:
	}
}

void LED_voidToggle(u8 LEDID)
{
	switch(LEDID){
    1d38:	88 23       	and	r24, r24
    1d3a:	21 f4       	brne	.+8      	; 0x1d44 <LED_voidToggle+0xc>
	case LED0: DIO_voidTogglePin(LED0_PORT, LED0_PIN); break;
    1d3c:	80 e0       	ldi	r24, 0x00	; 0
    1d3e:	60 e0       	ldi	r22, 0x00	; 0
    1d40:	0e 94 32 0e 	call	0x1c64	; 0x1c64 <DIO_voidTogglePin>
    1d44:	08 95       	ret

00001d46 <LED_voidTurnOff>:
	}
}

void LED_voidTurnOff(u8 LEDID)
{
	switch(LEDID){
    1d46:	88 23       	and	r24, r24
    1d48:	29 f4       	brne	.+10     	; 0x1d54 <LED_voidTurnOff+0xe>
	case LED0: DIO_voidSetPinValue(LED0_PORT, LED0_PIN, LOW); break;
    1d4a:	80 e0       	ldi	r24, 0x00	; 0
    1d4c:	60 e0       	ldi	r22, 0x00	; 0
    1d4e:	40 e0       	ldi	r20, 0x00	; 0
    1d50:	0e 94 b9 0d 	call	0x1b72	; 0x1b72 <DIO_voidSetPinValue>
    1d54:	08 95       	ret

00001d56 <LED_voidTurnOn>:
#include "LED_private.h"
#include "LED_config.h"

void LED_voidTurnOn(u8 LEDID)
{
	switch(LEDID){
    1d56:	88 23       	and	r24, r24
    1d58:	29 f4       	brne	.+10     	; 0x1d64 <LED_voidTurnOn+0xe>
	case LED0: DIO_voidSetPinValue(LED0_PORT, LED0_PIN, HIGH); break;
    1d5a:	80 e0       	ldi	r24, 0x00	; 0
    1d5c:	60 e0       	ldi	r22, 0x00	; 0
    1d5e:	41 e0       	ldi	r20, 0x01	; 1
    1d60:	0e 94 b9 0d 	call	0x1b72	; 0x1b72 <DIO_voidSetPinValue>
    1d64:	08 95       	ret

00001d66 <LCD_voidWriteBus>:
		}
	}
	else{/* NO CODE*/}
}

static void LCD_voidWriteBus(u8 U8VAR){
    1d66:	0f 93       	push	r16
    1d68:	1f 93       	push	r17
    1d6a:	18 2f       	mov	r17, r24

	DIO_voidSetPinValue(LCD_D0, GET_BIT(U8VAR, 0));
    1d6c:	48 2f       	mov	r20, r24
    1d6e:	41 70       	andi	r20, 0x01	; 1
    1d70:	80 e0       	ldi	r24, 0x00	; 0
    1d72:	60 e0       	ldi	r22, 0x00	; 0
    1d74:	0e 94 b9 0d 	call	0x1b72	; 0x1b72 <DIO_voidSetPinValue>
	DIO_voidSetPinValue(LCD_D1, GET_BIT(U8VAR, 1));
    1d78:	41 2f       	mov	r20, r17
    1d7a:	46 95       	lsr	r20
    1d7c:	41 70       	andi	r20, 0x01	; 1
    1d7e:	80 e0       	ldi	r24, 0x00	; 0
    1d80:	61 e0       	ldi	r22, 0x01	; 1
    1d82:	0e 94 b9 0d 	call	0x1b72	; 0x1b72 <DIO_voidSetPinValue>
	DIO_voidSetPinValue(LCD_D2, GET_BIT(U8VAR, 2));
    1d86:	41 2f       	mov	r20, r17
    1d88:	46 95       	lsr	r20
    1d8a:	46 95       	lsr	r20
    1d8c:	41 70       	andi	r20, 0x01	; 1
    1d8e:	80 e0       	ldi	r24, 0x00	; 0
    1d90:	62 e0       	ldi	r22, 0x02	; 2
    1d92:	0e 94 b9 0d 	call	0x1b72	; 0x1b72 <DIO_voidSetPinValue>
	DIO_voidSetPinValue(LCD_D3, GET_BIT(U8VAR, 3));
    1d96:	41 2f       	mov	r20, r17
    1d98:	46 95       	lsr	r20
    1d9a:	46 95       	lsr	r20
    1d9c:	46 95       	lsr	r20
    1d9e:	41 70       	andi	r20, 0x01	; 1
    1da0:	80 e0       	ldi	r24, 0x00	; 0
    1da2:	63 e0       	ldi	r22, 0x03	; 3
    1da4:	0e 94 b9 0d 	call	0x1b72	; 0x1b72 <DIO_voidSetPinValue>
	DIO_voidSetPinValue(LCD_D4, GET_BIT(U8VAR, 4));
    1da8:	41 2f       	mov	r20, r17
    1daa:	42 95       	swap	r20
    1dac:	41 70       	andi	r20, 0x01	; 1
    1dae:	80 e0       	ldi	r24, 0x00	; 0
    1db0:	64 e0       	ldi	r22, 0x04	; 4
    1db2:	0e 94 b9 0d 	call	0x1b72	; 0x1b72 <DIO_voidSetPinValue>
	DIO_voidSetPinValue(LCD_D5, GET_BIT(U8VAR, 5));
    1db6:	41 2f       	mov	r20, r17
    1db8:	42 95       	swap	r20
    1dba:	46 95       	lsr	r20
    1dbc:	41 70       	andi	r20, 0x01	; 1
    1dbe:	80 e0       	ldi	r24, 0x00	; 0
    1dc0:	65 e0       	ldi	r22, 0x05	; 5
    1dc2:	0e 94 b9 0d 	call	0x1b72	; 0x1b72 <DIO_voidSetPinValue>
	DIO_voidSetPinValue(LCD_D6, GET_BIT(U8VAR, 6));
    1dc6:	12 95       	swap	r17
    1dc8:	16 95       	lsr	r17
    1dca:	16 95       	lsr	r17
    1dcc:	13 70       	andi	r17, 0x03	; 3
    1dce:	41 2f       	mov	r20, r17
    1dd0:	41 70       	andi	r20, 0x01	; 1
    1dd2:	80 e0       	ldi	r24, 0x00	; 0
    1dd4:	66 e0       	ldi	r22, 0x06	; 6
    1dd6:	0e 94 b9 0d 	call	0x1b72	; 0x1b72 <DIO_voidSetPinValue>
	DIO_voidSetPinValue(LCD_D7, GET_BIT(U8VAR, 7));
    1dda:	16 95       	lsr	r17
    1ddc:	80 e0       	ldi	r24, 0x00	; 0
    1dde:	67 e0       	ldi	r22, 0x07	; 7
    1de0:	41 2f       	mov	r20, r17
    1de2:	0e 94 b9 0d 	call	0x1b72	; 0x1b72 <DIO_voidSetPinValue>

	DIO_voidSetPinValue(LCD_EN, HIGH);
    1de6:	81 e0       	ldi	r24, 0x01	; 1
    1de8:	62 e0       	ldi	r22, 0x02	; 2
    1dea:	41 e0       	ldi	r20, 0x01	; 1
    1dec:	0e 94 b9 0d 	call	0x1b72	; 0x1b72 <DIO_voidSetPinValue>
    milliseconds can be achieved.
 */
void
_delay_loop_2(uint16_t __count)
{
	__asm__ volatile (
    1df0:	00 ea       	ldi	r16, 0xA0	; 160
    1df2:	1f e0       	ldi	r17, 0x0F	; 15
    1df4:	c8 01       	movw	r24, r16
    1df6:	01 97       	sbiw	r24, 0x01	; 1
    1df8:	f1 f7       	brne	.-4      	; 0x1df6 <LCD_voidWriteBus+0x90>
	_delay_ms(2);

	DIO_voidSetPinValue(LCD_EN, LOW);
    1dfa:	81 e0       	ldi	r24, 0x01	; 1
    1dfc:	62 e0       	ldi	r22, 0x02	; 2
    1dfe:	40 e0       	ldi	r20, 0x00	; 0
    1e00:	0e 94 b9 0d 	call	0x1b72	; 0x1b72 <DIO_voidSetPinValue>
    1e04:	c8 01       	movw	r24, r16
    1e06:	01 97       	sbiw	r24, 0x01	; 1
    1e08:	f1 f7       	brne	.-4      	; 0x1e06 <LCD_voidWriteBus+0xa0>
	_delay_ms(2);

}
    1e0a:	1f 91       	pop	r17
    1e0c:	0f 91       	pop	r16
    1e0e:	08 95       	ret

00001e10 <LCD_voidSendData>:

	LCD_voidWriteBus(U8CMD);

}

void LCD_voidSendData(u8 U8DATA){
    1e10:	1f 93       	push	r17
    1e12:	18 2f       	mov	r17, r24

	DIO_voidSetPinValue(LCD_RS, HIGH);
    1e14:	81 e0       	ldi	r24, 0x01	; 1
    1e16:	60 e0       	ldi	r22, 0x00	; 0
    1e18:	41 e0       	ldi	r20, 0x01	; 1
    1e1a:	0e 94 b9 0d 	call	0x1b72	; 0x1b72 <DIO_voidSetPinValue>
	DIO_voidSetPinValue(LCD_RW, LOW);
    1e1e:	81 e0       	ldi	r24, 0x01	; 1
    1e20:	61 e0       	ldi	r22, 0x01	; 1
    1e22:	40 e0       	ldi	r20, 0x00	; 0
    1e24:	0e 94 b9 0d 	call	0x1b72	; 0x1b72 <DIO_voidSetPinValue>

	LCD_voidWriteBus(U8DATA);
    1e28:	81 2f       	mov	r24, r17
    1e2a:	0e 94 b3 0e 	call	0x1d66	; 0x1d66 <LCD_voidWriteBus>

}
    1e2e:	1f 91       	pop	r17
    1e30:	08 95       	ret

00001e32 <LCD_voidWriteNumber>:
		LCD_voidSendData(*U8STRING);
		U8STRING++;
	}
}

void LCD_voidWriteNumber(u64 U64NUMBER){
    1e32:	2f 92       	push	r2
    1e34:	3f 92       	push	r3
    1e36:	4f 92       	push	r4
    1e38:	5f 92       	push	r5
    1e3a:	6f 92       	push	r6
    1e3c:	7f 92       	push	r7
    1e3e:	8f 92       	push	r8
    1e40:	9f 92       	push	r9
    1e42:	af 92       	push	r10
    1e44:	bf 92       	push	r11
    1e46:	cf 92       	push	r12
    1e48:	df 92       	push	r13
    1e4a:	ef 92       	push	r14
    1e4c:	ff 92       	push	r15
    1e4e:	0f 93       	push	r16
    1e50:	1f 93       	push	r17
    1e52:	df 93       	push	r29
    1e54:	cf 93       	push	r28
    1e56:	cd b7       	in	r28, 0x3d	; 61
    1e58:	de b7       	in	r29, 0x3e	; 62
    1e5a:	63 97       	sbiw	r28, 0x13	; 19
    1e5c:	0f b6       	in	r0, 0x3f	; 63
    1e5e:	f8 94       	cli
    1e60:	de bf       	out	0x3e, r29	; 62
    1e62:	0f be       	out	0x3f, r0	; 63
    1e64:	cd bf       	out	0x3d, r28	; 61
    1e66:	92 2e       	mov	r9, r18
    1e68:	83 2e       	mov	r8, r19
    1e6a:	34 2e       	mov	r3, r20
    1e6c:	45 2e       	mov	r4, r21
    1e6e:	56 2e       	mov	r5, r22
    1e70:	67 2e       	mov	r6, r23
    1e72:	78 2e       	mov	r7, r24
    1e74:	29 2e       	mov	r2, r25
	if(U64NUMBER <= MAX_16_DIGITS){
    1e76:	99 23       	and	r25, r25
    1e78:	09 f0       	breq	.+2      	; 0x1e7c <LCD_voidWriteNumber+0x4a>
    1e7a:	77 c0       	rjmp	.+238    	; 0x1f6a <LCD_voidWriteNumber+0x138>
    1e7c:	23 e2       	ldi	r18, 0x23	; 35
    1e7e:	28 17       	cp	r18, r24
    1e80:	08 f4       	brcc	.+2      	; 0x1e84 <LCD_voidWriteNumber+0x52>
    1e82:	73 c0       	rjmp	.+230    	; 0x1f6a <LCD_voidWriteNumber+0x138>
    1e84:	82 17       	cp	r24, r18
    1e86:	b1 f4       	brne	.+44     	; 0x1eb4 <LCD_voidWriteNumber+0x82>
    1e88:	86 e8       	ldi	r24, 0x86	; 134
    1e8a:	87 17       	cp	r24, r23
    1e8c:	08 f4       	brcc	.+2      	; 0x1e90 <LCD_voidWriteNumber+0x5e>
    1e8e:	6d c0       	rjmp	.+218    	; 0x1f6a <LCD_voidWriteNumber+0x138>
    1e90:	78 17       	cp	r23, r24
    1e92:	81 f4       	brne	.+32     	; 0x1eb4 <LCD_voidWriteNumber+0x82>
    1e94:	92 ef       	ldi	r25, 0xF2	; 242
    1e96:	96 17       	cp	r25, r22
    1e98:	08 f4       	brcc	.+2      	; 0x1e9c <LCD_voidWriteNumber+0x6a>
    1e9a:	67 c0       	rjmp	.+206    	; 0x1f6a <LCD_voidWriteNumber+0x138>
    1e9c:	69 17       	cp	r22, r25
    1e9e:	51 f4       	brne	.+20     	; 0x1eb4 <LCD_voidWriteNumber+0x82>
    1ea0:	ef e6       	ldi	r30, 0x6F	; 111
    1ea2:	e5 17       	cp	r30, r21
    1ea4:	08 f4       	brcc	.+2      	; 0x1ea8 <LCD_voidWriteNumber+0x76>
    1ea6:	61 c0       	rjmp	.+194    	; 0x1f6a <LCD_voidWriteNumber+0x138>
    1ea8:	5e 17       	cp	r21, r30
    1eaa:	21 f4       	brne	.+8      	; 0x1eb4 <LCD_voidWriteNumber+0x82>
    1eac:	f0 ec       	ldi	r31, 0xC0	; 192
    1eae:	f4 17       	cp	r31, r20
    1eb0:	08 f4       	brcc	.+2      	; 0x1eb4 <LCD_voidWriteNumber+0x82>
    1eb2:	5b c0       	rjmp	.+182    	; 0x1f6a <LCD_voidWriteNumber+0x138>

		u8 digits[16];
		u8 count = 0;

		if(U64NUMBER == 0){
    1eb4:	89 2d       	mov	r24, r9
    1eb6:	88 29       	or	r24, r8
    1eb8:	83 29       	or	r24, r3
    1eba:	84 29       	or	r24, r4
    1ebc:	85 29       	or	r24, r5
    1ebe:	86 29       	or	r24, r6
    1ec0:	87 29       	or	r24, r7
    1ec2:	21 f4       	brne	.+8      	; 0x1ecc <LCD_voidWriteNumber+0x9a>
			LCD_voidSendData('0');
    1ec4:	80 e3       	ldi	r24, 0x30	; 48
    1ec6:	0e 94 08 0f 	call	0x1e10	; 0x1e10 <LCD_voidSendData>
    1eca:	4f c0       	rjmp	.+158    	; 0x1f6a <LCD_voidWriteNumber+0x138>
    1ecc:	19 8a       	std	Y+17, r1	; 0x11
		}
		else{
			while(U64NUMBER !=0){
				digits[count] = U64NUMBER % 10;
    1ece:	81 e0       	ldi	r24, 0x01	; 1
    1ed0:	90 e0       	ldi	r25, 0x00	; 0
    1ed2:	8c 0f       	add	r24, r28
    1ed4:	9d 1f       	adc	r25, r29
    1ed6:	e9 89       	ldd	r30, Y+17	; 0x11
    1ed8:	8e 0f       	add	r24, r30
    1eda:	91 1d       	adc	r25, r1
    1edc:	9b 8b       	std	Y+19, r25	; 0x13
    1ede:	8a 8b       	std	Y+18, r24	; 0x12
    1ee0:	29 2d       	mov	r18, r9
    1ee2:	38 2d       	mov	r19, r8
    1ee4:	43 2d       	mov	r20, r3
    1ee6:	54 2d       	mov	r21, r4
    1ee8:	65 2d       	mov	r22, r5
    1eea:	76 2d       	mov	r23, r6
    1eec:	87 2d       	mov	r24, r7
    1eee:	92 2d       	mov	r25, r2
    1ef0:	ea e0       	ldi	r30, 0x0A	; 10
    1ef2:	ae 2e       	mov	r10, r30
    1ef4:	bb 24       	eor	r11, r11
    1ef6:	cc 24       	eor	r12, r12
    1ef8:	dd 24       	eor	r13, r13
    1efa:	ee 24       	eor	r14, r14
    1efc:	ff 24       	eor	r15, r15
    1efe:	00 e0       	ldi	r16, 0x00	; 0
    1f00:	10 e0       	ldi	r17, 0x00	; 0
    1f02:	0e 94 b6 06 	call	0xd6c	; 0xd6c <__umoddi3>
    1f06:	ea 89       	ldd	r30, Y+18	; 0x12
    1f08:	fb 89       	ldd	r31, Y+19	; 0x13
    1f0a:	20 83       	st	Z, r18
				U64NUMBER /= 10;
    1f0c:	29 2d       	mov	r18, r9
    1f0e:	38 2d       	mov	r19, r8
    1f10:	43 2d       	mov	r20, r3
    1f12:	54 2d       	mov	r21, r4
    1f14:	65 2d       	mov	r22, r5
    1f16:	76 2d       	mov	r23, r6
    1f18:	87 2d       	mov	r24, r7
    1f1a:	92 2d       	mov	r25, r2
    1f1c:	0e 94 41 00 	call	0x82	; 0x82 <__udivdi3>
    1f20:	92 2e       	mov	r9, r18
    1f22:	83 2e       	mov	r8, r19
    1f24:	34 2e       	mov	r3, r20
    1f26:	45 2e       	mov	r4, r21
    1f28:	56 2e       	mov	r5, r22
    1f2a:	67 2e       	mov	r6, r23
    1f2c:	78 2e       	mov	r7, r24
    1f2e:	29 2e       	mov	r2, r25
				count++;
    1f30:	f9 89       	ldd	r31, Y+17	; 0x11
    1f32:	ff 5f       	subi	r31, 0xFF	; 255
    1f34:	f9 8b       	std	Y+17, r31	; 0x11

		if(U64NUMBER == 0){
			LCD_voidSendData('0');
		}
		else{
			while(U64NUMBER !=0){
    1f36:	82 2f       	mov	r24, r18
    1f38:	88 29       	or	r24, r8
    1f3a:	83 29       	or	r24, r3
    1f3c:	84 29       	or	r24, r4
    1f3e:	85 29       	or	r24, r5
    1f40:	86 29       	or	r24, r6
    1f42:	87 29       	or	r24, r7
    1f44:	82 29       	or	r24, r2
    1f46:	19 f6       	brne	.-122    	; 0x1ece <LCD_voidWriteNumber+0x9c>
    1f48:	01 e0       	ldi	r16, 0x01	; 1
    1f4a:	10 e0       	ldi	r17, 0x00	; 0
    1f4c:	0c 0f       	add	r16, r28
    1f4e:	1d 1f       	adc	r17, r29
    1f50:	0f 0f       	add	r16, r31
    1f52:	11 1d       	adc	r17, r1
    1f54:	05 c0       	rjmp	.+10     	; 0x1f60 <LCD_voidWriteNumber+0x12e>
				digits[count] = U64NUMBER % 10;
				U64NUMBER /= 10;
				count++;
			}
			for(int i = count-1;i >= 0;i--){
				LCD_voidSendData(digits[i] + '0');
    1f56:	f8 01       	movw	r30, r16
    1f58:	80 81       	ld	r24, Z
    1f5a:	80 5d       	subi	r24, 0xD0	; 208
    1f5c:	0e 94 08 0f 	call	0x1e10	; 0x1e10 <LCD_voidSendData>
    1f60:	01 50       	subi	r16, 0x01	; 1
    1f62:	10 40       	sbci	r17, 0x00	; 0
			while(U64NUMBER !=0){
				digits[count] = U64NUMBER % 10;
				U64NUMBER /= 10;
				count++;
			}
			for(int i = count-1;i >= 0;i--){
    1f64:	0c 17       	cp	r16, r28
    1f66:	1d 07       	cpc	r17, r29
    1f68:	b1 f7       	brne	.-20     	; 0x1f56 <LCD_voidWriteNumber+0x124>
				LCD_voidSendData(digits[i] + '0');
			}
		}
	}
	else{ /* NO CODE*/}
}
    1f6a:	63 96       	adiw	r28, 0x13	; 19
    1f6c:	0f b6       	in	r0, 0x3f	; 63
    1f6e:	f8 94       	cli
    1f70:	de bf       	out	0x3e, r29	; 62
    1f72:	0f be       	out	0x3f, r0	; 63
    1f74:	cd bf       	out	0x3d, r28	; 61
    1f76:	cf 91       	pop	r28
    1f78:	df 91       	pop	r29
    1f7a:	1f 91       	pop	r17
    1f7c:	0f 91       	pop	r16
    1f7e:	ff 90       	pop	r15
    1f80:	ef 90       	pop	r14
    1f82:	df 90       	pop	r13
    1f84:	cf 90       	pop	r12
    1f86:	bf 90       	pop	r11
    1f88:	af 90       	pop	r10
    1f8a:	9f 90       	pop	r9
    1f8c:	8f 90       	pop	r8
    1f8e:	7f 90       	pop	r7
    1f90:	6f 90       	pop	r6
    1f92:	5f 90       	pop	r5
    1f94:	4f 90       	pop	r4
    1f96:	3f 90       	pop	r3
    1f98:	2f 90       	pop	r2
    1f9a:	08 95       	ret

00001f9c <LCD_voidWriteString>:

	LCD_voidWriteBus(U8DATA);

}

void LCD_voidWriteString(u8* U8STRING){
    1f9c:	cf 93       	push	r28
    1f9e:	df 93       	push	r29
    1fa0:	ec 01       	movw	r28, r24
    1fa2:	03 c0       	rjmp	.+6      	; 0x1faa <LCD_voidWriteString+0xe>

	while(*U8STRING != '\0'){
		LCD_voidSendData(*U8STRING);
    1fa4:	0e 94 08 0f 	call	0x1e10	; 0x1e10 <LCD_voidSendData>
		U8STRING++;
    1fa8:	21 96       	adiw	r28, 0x01	; 1

}

void LCD_voidWriteString(u8* U8STRING){

	while(*U8STRING != '\0'){
    1faa:	88 81       	ld	r24, Y
    1fac:	88 23       	and	r24, r24
    1fae:	d1 f7       	brne	.-12     	; 0x1fa4 <LCD_voidWriteString+0x8>
		LCD_voidSendData(*U8STRING);
		U8STRING++;
	}
}
    1fb0:	df 91       	pop	r29
    1fb2:	cf 91       	pop	r28
    1fb4:	08 95       	ret

00001fb6 <LCD_voidSendCommand>:
	LCD_voidSendCommand(LCD_ENTRY_MODE);
	_delay_ms(1);

}

void LCD_voidSendCommand(u8 U8CMD){
    1fb6:	1f 93       	push	r17
    1fb8:	18 2f       	mov	r17, r24

	DIO_voidSetPinValue(LCD_RS, LOW);
    1fba:	81 e0       	ldi	r24, 0x01	; 1
    1fbc:	60 e0       	ldi	r22, 0x00	; 0
    1fbe:	40 e0       	ldi	r20, 0x00	; 0
    1fc0:	0e 94 b9 0d 	call	0x1b72	; 0x1b72 <DIO_voidSetPinValue>
	DIO_voidSetPinValue(LCD_RW, LOW);
    1fc4:	81 e0       	ldi	r24, 0x01	; 1
    1fc6:	61 e0       	ldi	r22, 0x01	; 1
    1fc8:	40 e0       	ldi	r20, 0x00	; 0
    1fca:	0e 94 b9 0d 	call	0x1b72	; 0x1b72 <DIO_voidSetPinValue>

	LCD_voidWriteBus(U8CMD);
    1fce:	81 2f       	mov	r24, r17
    1fd0:	0e 94 b3 0e 	call	0x1d66	; 0x1d66 <LCD_voidWriteBus>

}
    1fd4:	1f 91       	pop	r17
    1fd6:	08 95       	ret

00001fd8 <LCD_voidGoToXY>:
	}
	else{ /* NO CODE*/}
}

void LCD_voidGoToXY(u8 X, u8 Y){ // complete this task
	if(X <=15){
    1fd8:	80 31       	cpi	r24, 0x10	; 16
    1fda:	60 f4       	brcc	.+24     	; 0x1ff4 <LCD_voidGoToXY+0x1c>
		switch(Y){
    1fdc:	61 30       	cpi	r22, 0x01	; 1
    1fde:	19 f0       	breq	.+6      	; 0x1fe6 <LCD_voidGoToXY+0xe>
    1fe0:	62 30       	cpi	r22, 0x02	; 2
    1fe2:	41 f4       	brne	.+16     	; 0x1ff4 <LCD_voidGoToXY+0x1c>
    1fe4:	04 c0       	rjmp	.+8      	; 0x1fee <LCD_voidGoToXY+0x16>
		case 1: LCD_voidSendCommand(LCD_FIRST_LINE + X); break;
    1fe6:	80 58       	subi	r24, 0x80	; 128
    1fe8:	0e 94 db 0f 	call	0x1fb6	; 0x1fb6 <LCD_voidSendCommand>
    1fec:	08 95       	ret
		case 2: LCD_voidSendCommand(LCD_SECOND_LINE + X); break;
    1fee:	80 54       	subi	r24, 0x40	; 64
    1ff0:	0e 94 db 0f 	call	0x1fb6	; 0x1fb6 <LCD_voidSendCommand>
    1ff4:	08 95       	ret

00001ff6 <LCD_voidInitialization>:

#include "LCD_interface.h"
#include "LCD_private.h"
#include "LCD_config.h"

void LCD_voidInitialization(){
    1ff6:	0f 93       	push	r16
    1ff8:	1f 93       	push	r17
    1ffa:	8e e5       	ldi	r24, 0x5E	; 94
    1ffc:	91 e0       	ldi	r25, 0x01	; 1
    1ffe:	28 ec       	ldi	r18, 0xC8	; 200
    2000:	30 e0       	ldi	r19, 0x00	; 0
    2002:	f9 01       	movw	r30, r18
    2004:	31 97       	sbiw	r30, 0x01	; 1
    2006:	f1 f7       	brne	.-4      	; 0x2004 <LCD_voidInitialization+0xe>
		__ticks = (uint16_t) (__ms * 10.0);
		while(__ticks)
		{
			// wait 1/10 ms
			_delay_loop_2(((F_CPU) / 4e3) / 10);
			__ticks --;
    2008:	01 97       	sbiw	r24, 0x01	; 1
		__ticks = 1;
	else if (__tmp > 65535)
	{
		//	__ticks = requested delay in 1/10 ms
		__ticks = (uint16_t) (__ms * 10.0);
		while(__ticks)
    200a:	d9 f7       	brne	.-10     	; 0x2002 <LCD_voidInitialization+0xc>

	_delay_ms(35);

	LCD_voidSendCommand(LCD_HOME);
    200c:	82 e0       	ldi	r24, 0x02	; 2
    200e:	0e 94 db 0f 	call	0x1fb6	; 0x1fb6 <LCD_voidSendCommand>
    2012:	00 ed       	ldi	r16, 0xD0	; 208
    2014:	17 e0       	ldi	r17, 0x07	; 7
    2016:	c8 01       	movw	r24, r16
    2018:	01 97       	sbiw	r24, 0x01	; 1
    201a:	f1 f7       	brne	.-4      	; 0x2018 <LCD_voidInitialization+0x22>
	_delay_ms(1);

	LCD_voidSendCommand(LCD_FUNCTION_SET_8BIT);
    201c:	88 e3       	ldi	r24, 0x38	; 56
    201e:	0e 94 db 0f 	call	0x1fb6	; 0x1fb6 <LCD_voidSendCommand>
    2022:	c8 01       	movw	r24, r16
    2024:	01 97       	sbiw	r24, 0x01	; 1
    2026:	f1 f7       	brne	.-4      	; 0x2024 <LCD_voidInitialization+0x2e>
	_delay_ms(1);

	LCD_voidSendCommand(LCD_DISPLAY_ON);
    2028:	8c e0       	ldi	r24, 0x0C	; 12
    202a:	0e 94 db 0f 	call	0x1fb6	; 0x1fb6 <LCD_voidSendCommand>
    202e:	c8 01       	movw	r24, r16
    2030:	01 97       	sbiw	r24, 0x01	; 1
    2032:	f1 f7       	brne	.-4      	; 0x2030 <LCD_voidInitialization+0x3a>
	_delay_ms(1);

	LCD_voidSendCommand(LCD_CLEAR);
    2034:	81 e0       	ldi	r24, 0x01	; 1
    2036:	0e 94 db 0f 	call	0x1fb6	; 0x1fb6 <LCD_voidSendCommand>
    203a:	80 ea       	ldi	r24, 0xA0	; 160
    203c:	9f e0       	ldi	r25, 0x0F	; 15
    203e:	01 97       	sbiw	r24, 0x01	; 1
    2040:	f1 f7       	brne	.-4      	; 0x203e <LCD_voidInitialization+0x48>
	_delay_ms(2);

	LCD_voidSendCommand(LCD_ENTRY_MODE);
    2042:	86 e0       	ldi	r24, 0x06	; 6
    2044:	0e 94 db 0f 	call	0x1fb6	; 0x1fb6 <LCD_voidSendCommand>
    2048:	c8 01       	movw	r24, r16
    204a:	01 97       	sbiw	r24, 0x01	; 1
    204c:	f1 f7       	brne	.-4      	; 0x204a <LCD_voidInitialization+0x54>
	_delay_ms(1);

}
    204e:	1f 91       	pop	r17
    2050:	0f 91       	pop	r16
    2052:	08 95       	ret

00002054 <KEYPAD_u8GetPressedKey>:
	default: PressedKey = 0xFF;
	}
	return PressedKey;
} */

u8 KEYPAD_u8GetPressedKey(void){
    2054:	4f 92       	push	r4
    2056:	5f 92       	push	r5
    2058:	6f 92       	push	r6
    205a:	7f 92       	push	r7
    205c:	8f 92       	push	r8
    205e:	9f 92       	push	r9
    2060:	af 92       	push	r10
    2062:	bf 92       	push	r11
    2064:	cf 92       	push	r12
    2066:	df 92       	push	r13
    2068:	ef 92       	push	r14
    206a:	ff 92       	push	r15
    206c:	0f 93       	push	r16
    206e:	1f 93       	push	r17
    2070:	cf 93       	push	r28
    2072:	df 93       	push	r29
    2074:	c8 e7       	ldi	r28, 0x78	; 120
    2076:	d1 e0       	ldi	r29, 0x01	; 1
    2078:	ee 24       	eor	r14, r14
    207a:	ff 24       	eor	r15, r15

		/* ACTIVATE CURRENT COLUMN */
		KEYPAD_voidActivateColumn(Col);

		for(Row = 0; Row < KEYPAD_ROWS_NUM; Row++){
			if(DIO_u8GetPinValue(KEYPAD_ROWS[Row][0],KEYPAD_ROWS[Row][1]) == LOW){
    207c:	40 90 60 01 	lds	r4, 0x0160
    2080:	50 90 61 01 	lds	r5, 0x0161
    2084:	60 90 62 01 	lds	r6, 0x0162
    2088:	70 90 63 01 	lds	r7, 0x0163
    208c:	80 90 64 01 	lds	r8, 0x0164
    2090:	90 90 65 01 	lds	r9, 0x0165
    2094:	a0 90 66 01 	lds	r10, 0x0166
    2098:	b0 90 67 01 	lds	r11, 0x0167
	return 0xFF;
}

static void KEYPAD_voidActivateColumn(u8 Col)
{
    DIO_voidSetPinValue(KEYPAD_COLS[Col][0],
    209c:	d8 80       	ld	r13, Y
    209e:	c9 80       	ldd	r12, Y+1	; 0x01
    20a0:	8d 2d       	mov	r24, r13
    20a2:	6c 2d       	mov	r22, r12
    20a4:	40 e0       	ldi	r20, 0x00	; 0
    20a6:	0e 94 b9 0d 	call	0x1b72	; 0x1b72 <DIO_voidSetPinValue>

		/* ACTIVATE CURRENT COLUMN */
		KEYPAD_voidActivateColumn(Col);

		for(Row = 0; Row < KEYPAD_ROWS_NUM; Row++){
			if(DIO_u8GetPinValue(KEYPAD_ROWS[Row][0],KEYPAD_ROWS[Row][1]) == LOW){
    20aa:	82 01       	movw	r16, r4
    20ac:	84 2d       	mov	r24, r4
    20ae:	61 2f       	mov	r22, r17
    20b0:	0e 94 7e 0e 	call	0x1cfc	; 0x1cfc <DIO_u8GetPinValue>
    20b4:	88 23       	and	r24, r24
    20b6:	19 f4       	brne	.+6      	; 0x20be <KEYPAD_u8GetPressedKey+0x6a>
    20b8:	c0 e0       	ldi	r28, 0x00	; 0
    20ba:	d0 e0       	ldi	r29, 0x00	; 0
    20bc:	1d c0       	rjmp	.+58     	; 0x20f8 <KEYPAD_u8GetPressedKey+0xa4>
    20be:	83 01       	movw	r16, r6
    20c0:	86 2d       	mov	r24, r6
    20c2:	61 2f       	mov	r22, r17
    20c4:	0e 94 7e 0e 	call	0x1cfc	; 0x1cfc <DIO_u8GetPinValue>
    20c8:	88 23       	and	r24, r24
    20ca:	19 f4       	brne	.+6      	; 0x20d2 <KEYPAD_u8GetPressedKey+0x7e>
    20cc:	c1 e0       	ldi	r28, 0x01	; 1
    20ce:	d0 e0       	ldi	r29, 0x00	; 0
    20d0:	13 c0       	rjmp	.+38     	; 0x20f8 <KEYPAD_u8GetPressedKey+0xa4>
    20d2:	84 01       	movw	r16, r8
    20d4:	88 2d       	mov	r24, r8
    20d6:	61 2f       	mov	r22, r17
    20d8:	0e 94 7e 0e 	call	0x1cfc	; 0x1cfc <DIO_u8GetPinValue>
    20dc:	88 23       	and	r24, r24
    20de:	19 f4       	brne	.+6      	; 0x20e6 <KEYPAD_u8GetPressedKey+0x92>
    20e0:	c2 e0       	ldi	r28, 0x02	; 2
    20e2:	d0 e0       	ldi	r29, 0x00	; 0
    20e4:	09 c0       	rjmp	.+18     	; 0x20f8 <KEYPAD_u8GetPressedKey+0xa4>
    20e6:	85 01       	movw	r16, r10
    20e8:	8a 2d       	mov	r24, r10
    20ea:	61 2f       	mov	r22, r17
    20ec:	0e 94 7e 0e 	call	0x1cfc	; 0x1cfc <DIO_u8GetPinValue>
    20f0:	88 23       	and	r24, r24
    20f2:	b9 f4       	brne	.+46     	; 0x2122 <KEYPAD_u8GetPressedKey+0xce>
    20f4:	c3 e0       	ldi	r28, 0x03	; 3
    20f6:	d0 e0       	ldi	r29, 0x00	; 0

				while(DIO_u8GetPinValue(KEYPAD_ROWS[Row][0],KEYPAD_ROWS[Row][1]) == LOW);
    20f8:	80 2f       	mov	r24, r16
    20fa:	61 2f       	mov	r22, r17
    20fc:	0e 94 7e 0e 	call	0x1cfc	; 0x1cfc <DIO_u8GetPinValue>
    2100:	88 23       	and	r24, r24
    2102:	d1 f3       	breq	.-12     	; 0x20f8 <KEYPAD_u8GetPressedKey+0xa4>
                    LOW);
}

static void KEYPAD_voidDeactivateColumn(u8 Col)
{
    DIO_voidSetPinValue(KEYPAD_COLS[Col][0],
    2104:	8d 2d       	mov	r24, r13
    2106:	6c 2d       	mov	r22, r12
    2108:	41 e0       	ldi	r20, 0x01	; 1
    210a:	0e 94 b9 0d 	call	0x1b72	; 0x1b72 <DIO_voidSetPinValue>

				while(DIO_u8GetPinValue(KEYPAD_ROWS[Row][0],KEYPAD_ROWS[Row][1]) == LOW);

				/* RESTORE CURRENT COLUMN */
				KEYPAD_voidDeactivateColumn(Col);
				return KEYPAD_KEYS[Row][Col];
    210e:	cc 0f       	add	r28, r28
    2110:	dd 1f       	adc	r29, r29
    2112:	cc 0f       	add	r28, r28
    2114:	dd 1f       	adc	r29, r29
    2116:	ce 0d       	add	r28, r14
    2118:	df 1d       	adc	r29, r15
    211a:	c8 59       	subi	r28, 0x98	; 152
    211c:	de 4f       	sbci	r29, 0xFE	; 254
    211e:	88 81       	ld	r24, Y
    2120:	0f c0       	rjmp	.+30     	; 0x2140 <KEYPAD_u8GetPressedKey+0xec>
                    LOW);
}

static void KEYPAD_voidDeactivateColumn(u8 Col)
{
    DIO_voidSetPinValue(KEYPAD_COLS[Col][0],
    2122:	8d 2d       	mov	r24, r13
    2124:	6c 2d       	mov	r22, r12
    2126:	41 e0       	ldi	r20, 0x01	; 1
    2128:	0e 94 b9 0d 	call	0x1b72	; 0x1b72 <DIO_voidSetPinValue>
    212c:	08 94       	sec
    212e:	e1 1c       	adc	r14, r1
    2130:	f1 1c       	adc	r15, r1
    2132:	22 96       	adiw	r28, 0x02	; 2
u8 KEYPAD_u8GetPressedKey(void){

	u8 Row;
	u8 Col;

	for(Col = 0; Col < KEYPAD_COLS_NUM; Col++){
    2134:	84 e0       	ldi	r24, 0x04	; 4
    2136:	e8 16       	cp	r14, r24
    2138:	f1 04       	cpc	r15, r1
    213a:	09 f0       	breq	.+2      	; 0x213e <KEYPAD_u8GetPressedKey+0xea>
    213c:	af cf       	rjmp	.-162    	; 0x209c <KEYPAD_u8GetPressedKey+0x48>
    213e:	8f ef       	ldi	r24, 0xFF	; 255
		/* RESTORE CURRENT COLUMN */
		KEYPAD_voidDeactivateColumn(Col);
	}

	return 0xFF;
}
    2140:	df 91       	pop	r29
    2142:	cf 91       	pop	r28
    2144:	1f 91       	pop	r17
    2146:	0f 91       	pop	r16
    2148:	ff 90       	pop	r15
    214a:	ef 90       	pop	r14
    214c:	df 90       	pop	r13
    214e:	cf 90       	pop	r12
    2150:	bf 90       	pop	r11
    2152:	af 90       	pop	r10
    2154:	9f 90       	pop	r9
    2156:	8f 90       	pop	r8
    2158:	7f 90       	pop	r7
    215a:	6f 90       	pop	r6
    215c:	5f 90       	pop	r5
    215e:	4f 90       	pop	r4
    2160:	08 95       	ret

00002162 <KEYPAD_voidInitialization>:
	DIO_SetPinValue(KEYPAD_COL1, HIGH);
	DIO_SetPinValue(KEYPAD_COL2, HIGH);
	DIO_SetPinValue(KEYPAD_COL3, HIGH);
} */

void KEYPAD_voidInitialization(void){
    2162:	0f 93       	push	r16
    2164:	1f 93       	push	r17
    2166:	cf 93       	push	r28
    2168:	df 93       	push	r29
    216a:	c0 e6       	ldi	r28, 0x60	; 96
    216c:	d1 e0       	ldi	r29, 0x01	; 1
    216e:	08 e7       	ldi	r16, 0x78	; 120
    2170:	11 e0       	ldi	r17, 0x01	; 1
    for(u8 i = 0; i < KEYPAD_ROWS_NUM; i++)
    {
        DIO_voidSetPinValue(KEYPAD_ROWS[i][0], KEYPAD_ROWS[i][1], HIGH);
    2172:	88 81       	ld	r24, Y
    2174:	69 81       	ldd	r22, Y+1	; 0x01
    2176:	41 e0       	ldi	r20, 0x01	; 1
    2178:	0e 94 b9 0d 	call	0x1b72	; 0x1b72 <DIO_voidSetPinValue>
        DIO_voidSetPinValue(KEYPAD_COLS[i][0], KEYPAD_COLS[i][1], HIGH);
    217c:	f8 01       	movw	r30, r16
    217e:	80 81       	ld	r24, Z
    2180:	61 81       	ldd	r22, Z+1	; 0x01
    2182:	41 e0       	ldi	r20, 0x01	; 1
    2184:	0e 94 b9 0d 	call	0x1b72	; 0x1b72 <DIO_voidSetPinValue>
    2188:	22 96       	adiw	r28, 0x02	; 2
    218a:	0e 5f       	subi	r16, 0xFE	; 254
    218c:	1f 4f       	sbci	r17, 0xFF	; 255
	DIO_SetPinValue(KEYPAD_COL2, HIGH);
	DIO_SetPinValue(KEYPAD_COL3, HIGH);
} */

void KEYPAD_voidInitialization(void){
    for(u8 i = 0; i < KEYPAD_ROWS_NUM; i++)
    218e:	f1 e0       	ldi	r31, 0x01	; 1
    2190:	c8 36       	cpi	r28, 0x68	; 104
    2192:	df 07       	cpc	r29, r31
    2194:	71 f7       	brne	.-36     	; 0x2172 <KEYPAD_voidInitialization+0x10>
    {
        DIO_voidSetPinValue(KEYPAD_ROWS[i][0], KEYPAD_ROWS[i][1], HIGH);
        DIO_voidSetPinValue(KEYPAD_COLS[i][0], KEYPAD_COLS[i][1], HIGH);
    }
}
    2196:	df 91       	pop	r29
    2198:	cf 91       	pop	r28
    219a:	1f 91       	pop	r17
    219c:	0f 91       	pop	r16
    219e:	08 95       	ret

000021a0 <main>:
int main(void)
{

	u8 Key;

	DIO_voidInitialization();
    21a0:	0e 94 26 0d 	call	0x1a4c	; 0x1a4c <DIO_voidInitialization>
	LCD_voidInitialization();
    21a4:	0e 94 fb 0f 	call	0x1ff6	; 0x1ff6 <LCD_voidInitialization>
	KEYPAD_voidInitialization();
    21a8:	0e 94 b1 10 	call	0x2162	; 0x2162 <KEYPAD_voidInitialization>

	while(1){
		Key = KEYPAD_u8GetPressedKey();
    21ac:	0e 94 2a 10 	call	0x2054	; 0x2054 <KEYPAD_u8GetPressedKey>

		if(Key != 0xFF){
    21b0:	8f 3f       	cpi	r24, 0xFF	; 255
    21b2:	e1 f3       	breq	.-8      	; 0x21ac <main+0xc>
			LCD_voidSendData(Key);
    21b4:	0e 94 08 0f 	call	0x1e10	; 0x1e10 <LCD_voidSendData>
    21b8:	f9 cf       	rjmp	.-14     	; 0x21ac <main+0xc>

000021ba <__mulsi3>:
    21ba:	62 9f       	mul	r22, r18
    21bc:	d0 01       	movw	r26, r0
    21be:	73 9f       	mul	r23, r19
    21c0:	f0 01       	movw	r30, r0
    21c2:	82 9f       	mul	r24, r18
    21c4:	e0 0d       	add	r30, r0
    21c6:	f1 1d       	adc	r31, r1
    21c8:	64 9f       	mul	r22, r20
    21ca:	e0 0d       	add	r30, r0
    21cc:	f1 1d       	adc	r31, r1
    21ce:	92 9f       	mul	r25, r18
    21d0:	f0 0d       	add	r31, r0
    21d2:	83 9f       	mul	r24, r19
    21d4:	f0 0d       	add	r31, r0
    21d6:	74 9f       	mul	r23, r20
    21d8:	f0 0d       	add	r31, r0
    21da:	65 9f       	mul	r22, r21
    21dc:	f0 0d       	add	r31, r0
    21de:	99 27       	eor	r25, r25
    21e0:	72 9f       	mul	r23, r18
    21e2:	b0 0d       	add	r27, r0
    21e4:	e1 1d       	adc	r30, r1
    21e6:	f9 1f       	adc	r31, r25
    21e8:	63 9f       	mul	r22, r19
    21ea:	b0 0d       	add	r27, r0
    21ec:	e1 1d       	adc	r30, r1
    21ee:	f9 1f       	adc	r31, r25
    21f0:	bd 01       	movw	r22, r26
    21f2:	cf 01       	movw	r24, r30
    21f4:	11 24       	eor	r1, r1
    21f6:	08 95       	ret

000021f8 <__udivmodsi4>:
    21f8:	a1 e2       	ldi	r26, 0x21	; 33
    21fa:	1a 2e       	mov	r1, r26
    21fc:	aa 1b       	sub	r26, r26
    21fe:	bb 1b       	sub	r27, r27
    2200:	fd 01       	movw	r30, r26
    2202:	0d c0       	rjmp	.+26     	; 0x221e <__udivmodsi4_ep>

00002204 <__udivmodsi4_loop>:
    2204:	aa 1f       	adc	r26, r26
    2206:	bb 1f       	adc	r27, r27
    2208:	ee 1f       	adc	r30, r30
    220a:	ff 1f       	adc	r31, r31
    220c:	a2 17       	cp	r26, r18
    220e:	b3 07       	cpc	r27, r19
    2210:	e4 07       	cpc	r30, r20
    2212:	f5 07       	cpc	r31, r21
    2214:	20 f0       	brcs	.+8      	; 0x221e <__udivmodsi4_ep>
    2216:	a2 1b       	sub	r26, r18
    2218:	b3 0b       	sbc	r27, r19
    221a:	e4 0b       	sbc	r30, r20
    221c:	f5 0b       	sbc	r31, r21

0000221e <__udivmodsi4_ep>:
    221e:	66 1f       	adc	r22, r22
    2220:	77 1f       	adc	r23, r23
    2222:	88 1f       	adc	r24, r24
    2224:	99 1f       	adc	r25, r25
    2226:	1a 94       	dec	r1
    2228:	69 f7       	brne	.-38     	; 0x2204 <__udivmodsi4_loop>
    222a:	60 95       	com	r22
    222c:	70 95       	com	r23
    222e:	80 95       	com	r24
    2230:	90 95       	com	r25
    2232:	9b 01       	movw	r18, r22
    2234:	ac 01       	movw	r20, r24
    2236:	bd 01       	movw	r22, r26
    2238:	cf 01       	movw	r24, r30
    223a:	08 95       	ret

0000223c <__prologue_saves__>:
    223c:	2f 92       	push	r2
    223e:	3f 92       	push	r3
    2240:	4f 92       	push	r4
    2242:	5f 92       	push	r5
    2244:	6f 92       	push	r6
    2246:	7f 92       	push	r7
    2248:	8f 92       	push	r8
    224a:	9f 92       	push	r9
    224c:	af 92       	push	r10
    224e:	bf 92       	push	r11
    2250:	cf 92       	push	r12
    2252:	df 92       	push	r13
    2254:	ef 92       	push	r14
    2256:	ff 92       	push	r15
    2258:	0f 93       	push	r16
    225a:	1f 93       	push	r17
    225c:	cf 93       	push	r28
    225e:	df 93       	push	r29
    2260:	cd b7       	in	r28, 0x3d	; 61
    2262:	de b7       	in	r29, 0x3e	; 62
    2264:	ca 1b       	sub	r28, r26
    2266:	db 0b       	sbc	r29, r27
    2268:	0f b6       	in	r0, 0x3f	; 63
    226a:	f8 94       	cli
    226c:	de bf       	out	0x3e, r29	; 62
    226e:	0f be       	out	0x3f, r0	; 63
    2270:	cd bf       	out	0x3d, r28	; 61
    2272:	09 94       	ijmp

00002274 <__epilogue_restores__>:
    2274:	2a 88       	ldd	r2, Y+18	; 0x12
    2276:	39 88       	ldd	r3, Y+17	; 0x11
    2278:	48 88       	ldd	r4, Y+16	; 0x10
    227a:	5f 84       	ldd	r5, Y+15	; 0x0f
    227c:	6e 84       	ldd	r6, Y+14	; 0x0e
    227e:	7d 84       	ldd	r7, Y+13	; 0x0d
    2280:	8c 84       	ldd	r8, Y+12	; 0x0c
    2282:	9b 84       	ldd	r9, Y+11	; 0x0b
    2284:	aa 84       	ldd	r10, Y+10	; 0x0a
    2286:	b9 84       	ldd	r11, Y+9	; 0x09
    2288:	c8 84       	ldd	r12, Y+8	; 0x08
    228a:	df 80       	ldd	r13, Y+7	; 0x07
    228c:	ee 80       	ldd	r14, Y+6	; 0x06
    228e:	fd 80       	ldd	r15, Y+5	; 0x05
    2290:	0c 81       	ldd	r16, Y+4	; 0x04
    2292:	1b 81       	ldd	r17, Y+3	; 0x03
    2294:	aa 81       	ldd	r26, Y+2	; 0x02
    2296:	b9 81       	ldd	r27, Y+1	; 0x01
    2298:	ce 0f       	add	r28, r30
    229a:	d1 1d       	adc	r29, r1
    229c:	0f b6       	in	r0, 0x3f	; 63
    229e:	f8 94       	cli
    22a0:	de bf       	out	0x3e, r29	; 62
    22a2:	0f be       	out	0x3f, r0	; 63
    22a4:	cd bf       	out	0x3d, r28	; 61
    22a6:	ed 01       	movw	r28, r26
    22a8:	08 95       	ret

000022aa <_exit>:
    22aa:	f8 94       	cli

000022ac <__stop_program>:
    22ac:	ff cf       	rjmp	.-2      	; 0x22ac <__stop_program>
